text,cedis_code,cedis_complaint,domain,source,rule_applied
"Authorized in from <LOCATION>, <DATE_TIME> developed LUQ pian 9on/off and sharp). Denies other symptoms. Had abortion in <LOCATION> <DATE_TIME>-11",251,Abdominal pain,Gastrointestinal,silver,
pt comes to clinic post TAB has soaked 5 pads in <DATE_TIME>.,455,Vaginal bleed,OB/GYN,silver,
musculoskeletal 6,866,Minor complaints NOS,General and Minor,silver,
34 yo M hearing voices to hurt himself,353,Hallucinations/delusions,Mental Health,silver,
34yom here for his ezcema,708,Rash,Skin,silver,
"33 yo M here after drinking gallon homebrew <DATE_TIME> and 2 bottles hand sanitizer, feeling very anxious.",752,Overdose ingestion,Substance Misuse,silver,
"Authorized in from <LOCATION> with Guardian. <DATE_TIME> while drinking heavy flipped snowgo, ambulated home, now left hip pain, unable to bear weight. No loc. abrasion/skin tear. fentanyl 100/ zofran 4mg at <DATE_TIME> with relief",555,Lower extremity pain,Orthopedic,silver,
"nausea and vomiting over <DATE_TIME> now sob, hx of the same. FSBS 185",257,Nausea and/or vomiting,Gastrointestinal,silver,
"pt reports being discharged from ICU <DATE_TIME> post cardiac arrest, pt c/o chest pain, denies sob. pt calm, cooperative, ambulatory. pt requests pain medications.",3,Chest pain—cardiac features,Cardiovascular,silver,
"f/u inpt d/c CM; having chest soreness from recent CPR; no SOB. no dizziness or palps, no edema in LE- meds reviewed",3,Chest pain—cardiac features,Cardiovascular,silver,
"30 y/o male came to the clinic because of bleeding behind right ear, patient says he had recent surgery and was puking and wound opened and started bleeding, patient stated he also puked blood",259,Vomiting blood,Gastrointestinal,silver,
"56 y/o male had a injury lastnight, he jumped off a snowmachine and landed on his left ankle and left side ribs",802,Major trauma—blunt,Trauma,silver,
"Pt staying at patient housing, needing rapid covid testing so he can fly home to <LOCATION>. Pt alert, ambulates steadily w/ walker, wearing mask.",851,Exposure to communicable disease,General and Minor,rule,COVID_EXPOSURE
"medivac'd in for left eye swollen shut and left temporal, ear swelling, c/o left neck pain after an assult this am @ 0500 , denies any loc",510,Eye trauma,Ophthalmology,silver,
Possible recent/ past heart attack Right lower lobe pneumonia CHest Injury <DATE_TIME>,3,Chest pain—cardiac features,Cardiovascular,silver,
"BIB Gaurdian from <LOCATION> for open tib/fib fx of left leg after falling down stairs. C-spine tenderness, Trauma 2 activation.",802,Major trauma—blunt,Trauma,silver,
covid-19 recheck visit by phone,851,Exposure to communicable disease,General and Minor,rule,COVID_EXPOSURE
"on <DATE_TIME>.<DATE_TIME> at about 11;30 am, <DATE_TIME> male called to the clinic for pain medication, the patient hastested positive covid on <DATE_TIME> and stated he was doing fine but wanted pain medication, no rspitory distress, just body ache, call lasted <PERSON>",851,Exposure to communicable disease,General and Minor,rule,COVID_EXPOSURE
"approximately 15 Tylenol 500 mg tabs taken at <DATE_TIME>, intentionally",752,Overdose ingestion,Substance Misuse,silver,
"Authorized in from <LOCATION>, <DATE_TIME> developed LUQ pian 9on/off and sharp). Denies other symptoms. Had abortion in <LOCATION> <DATE_TIME>-11",457,"Pregnancy issues, <20 weeks",OB/GYN,rule,PREGNANCY_EARLY
sever bleeding post TAB on <DATE_TIME>,455,Vaginal bleed,OB/GYN,silver,
pt comes to clinic post TAB has soaked 5 pads in <DATE_TIME>.,457,"Pregnancy issues, <20 weeks",OB/GYN,rule,PREGNANCY_EARLY
vaginal bleeding s/p sex from elective <DATE_TIME>; bleeding with golf ball sized clots;,865,Post-operative complications,General and Minor,rule,POST_OP
<DATE_TIME> female with neck pain,104,Neck swelling/pain,ENT - Mouth/Throat/Neck,silver,
musculoskeletal 6,457,"Pregnancy issues, <20 weeks",OB/GYN,rule,PREGNANCY_EARLY
NP Asthma/COPD; PFTs; CXR,651,Shortness of breath,Respiratory,silver,
"suicidal ideation, substance abuse, alcohol abuse. severe mental health problem",351,Depression/suicidal/deliberate self-harm,Mental Health,rule,SUICIDAL
34 yo M hearing voices to hurt himself,457,"Pregnancy issues, <20 weeks",OB/GYN,rule,PREGNANCY_EARLY
pt returned from <LOCATION> after doing heavy partying. drank a large amount of home brew alcohol upon returning home.,751,Substance misuse/intoxication,Substance Misuse,silver,
"dermatitis, acute or chronic eczema infected , infected wound",709,Localized swelling/redness,Skin,rule,LOCALIZED_INFECTION
<DATE_TIME> here for excema on head getting infected,708,Rash,Skin,silver,
"intoxicated: saying he is dying,hearing voices, suicidal pt, dermatitis,acute or chronic on head",351,Depression/suicidal/deliberate self-harm,Mental Health,rule,SUICIDAL
"<DATE_TIME> here intoxicated saying his head is hurting, his mom called and said he is dying and called the vpo to bring him to clinic",751,Substance misuse/intoxication,Substance Misuse,silver,
34yom here for his ezcema,457,"Pregnancy issues, <20 weeks",OB/GYN,rule,PREGNANCY_EARLY
"dermatitis, acute or chronic: ezcema",708,Rash,Skin,silver,
Neck and shoulder pain,104,Neck swelling/pain,ENT - Mouth/Throat/Neck,silver,
"Authorized in from <LOCATION> <DATE_TIME>, was seen in the er related to cellulitis of scalp and neck. Here for a follow-up",709,Localized swelling/redness,Skin,rule,LOCALIZED_INFECTION
"anxiety, mental health problem: hallucinations",353,Hallucinations/delusions,Mental Health,rule,PSYCHOSIS
"33 yo M here after drinking gallon homebrew <DATE_TIME> and 2 bottles hand sanitizer, feeling very anxious.",457,"Pregnancy issues, <20 weeks",OB/GYN,rule,PREGNANCY_EARLY
Neck get worse,104,Neck swelling/pain,ENT - Mouth/Throat/Neck,silver,
Impetigo,711,Other skin conditions,Skin,silver,
Eczema Exacerbation,711,Other skin conditions,Skin,silver,
Blisters form on both hands and breakout,708,Rash,Skin,silver,
presented to the clinic after drinking sanitizer,752,Overdose ingestion,Substance Misuse,silver,
Crashed with snogo,802,Major trauma—blunt,Trauma,silver,
<PERSON> Left Hip Injury,555,Lower extremity pain,Orthopedic,silver,
"Authorized in from <LOCATION> with Guardian. <DATE_TIME> while drinking heavy flipped snowgo, ambulated home, now left hip pain, unable to bear weight. No loc. abrasion/skin tear. fentanyl 100/ zofran 4mg at <DATE_TIME> with relief",457,"Pregnancy issues, <20 weeks",OB/GYN,rule,PREGNANCY_EARLY
"nausea and vomiting over <DATE_TIME> now sob, hx of the same. FSBS 185",651,Shortness of breath,Respiratory,rule,RESPIRATORY_DISTRESS
"pt reports being discharged from ICU <DATE_TIME> post cardiac arrest, pt c/o chest pain, denies sob. pt calm, cooperative, ambulatory. pt requests pain medications.",1,Cardiac arrest (non-traumatic),Cardiovascular,rule,CARDIAC_ARREST
"f/u inpt d/c CM; having chest soreness from recent CPR; no SOB. no dizziness or palps, no edema in LE- meds reviewed",651,Shortness of breath,Respiratory,rule,RESPIRATORY_DISTRESS
f/u ICD implant by <LOCATION>; no cardiac complaints- sterstrips c/d/i to L) upper chest- meds reviewed,865,Post-operative complications,General and Minor,silver,
"pt reports having prescriptions from <LOCATION> wants them filled here, pt denies medical concerns, pt is tachycardic in triage. pt had defibrillator placed <DATE_TIME>. pt states "" I feel fine"".",861,Prescription/medication request,General and Minor,silver,
other wound,710,Wound check,Skin,silver,
"30 y/o male came to the clinic because of bleeding behind right ear, patient says he had recent surgery and was puking and wound opened and started bleeding, patient stated he also puked blood",457,"Pregnancy issues, <20 weeks",OB/GYN,rule,PREGNANCY_EARLY
"""I was drunk <DATE_TIME> and I hit my head on something (pt denied being hurt by someone else). I had surgery on my right ear <DATE_TIME>. I was bleeding a lot and have a headache and back pain."" Patient stated that he did pass out prior to injury",407,Head injury,Neurologic,silver,
"F/U Wound Check, S/P Crani skull fracture",865,Post-operative complications,General and Minor,rule,POST_OP
F/v wound check,710,Wound check,Skin,silver,
"follow up care for heart pains, doing wellf",861,Prescription/medication request,General and Minor,silver,
"<DATE_TIME> male here for heart shocking pain started at <DATE_TIME>, patient was called in to work at the water plant, his honda got stuck in deep snow and he tried to pull it out, patient just got back from had cranial fx. recently returned <DATE_TIME>",3,Chest pain—cardiac features,Cardiovascular,silver,
vtc visit,866,Minor complaints NOS,General and Minor,silver,
<PERSON>. wall lipoma,712,"Lumps, bumps, calluses",Skin,silver,
fall injury,802,Major trauma—blunt,Trauma,silver,
"Fall on steps,left sided pain",802,Major trauma—blunt,Trauma,silver,
"Intoxication, Snow machine accident, possible broken ribs and left foot",751,Substance misuse/intoxication,Substance Misuse,silver,
"56 y/o male had a injury lastnight, he jumped off a snowmachine and landed on his left ankle and left side ribs",457,"Pregnancy issues, <20 weeks",OB/GYN,rule,PREGNANCY_EARLY
"Musculoskeletal Pain, Possible closed fracture to left side ankle and left side ribs",802,Major trauma—blunt,Trauma,silver,
cast placement & x rays left <LOCATION>,859,Imaging tests,General and Minor,silver,
"recreational vehicle collision, no loss of conciousness",802,Major trauma—blunt,Trauma,silver,
"Pt staying at patient housing, needing rapid covid testing so he can fly home to <LOCATION>. Pt alert, ambulates steadily w/ walker, wearing mask.",653,Cough/congestion,Respiratory,rule,COVID
"Puncture wound / stab wound, alcohol/drugs involved.",801,Major trauma—penetrating,Trauma,rule,MAJOR_TRAUMA_PENETRATING
was drinking home brew and blacked out and stabbed friend and got return stabbing....retaliation.,704,Laceration/puncture,Skin,silver,
pt with left chest wound. stab wound,801,Major trauma—penetrating,Trauma,rule,MAJOR_TRAUMA_PENETRATING
follow up stab wound,801,Major trauma—penetrating,Trauma,rule,MAJOR_TRAUMA_PENETRATING
rib stitch removal,857,Removal staples/sutures,General and Minor,silver,
<DATE_TIME> male with sever black eye,510,Eye trauma,Ophthalmology,silver,
Severe eye injury,510,Eye trauma,Ophthalmology,silver,
"medivac'd in for left eye swollen shut and left temporal, ear swelling, c/o left neck pain after an assult this am @ 0500 , denies any loc",802,Major trauma—blunt,Trauma,silver,
right great toe injury,557,Lower extremity injury,Orthopedic,silver,
self hanging this am,351,Depression/suicidal/deliberate self-harm,Mental Health,silver,
"<PERSON> is <DATE_TIME> who complains of bilateral diaphram pain and bilateral sternum pain x <DATE_TIME>, also <DATE_TIME> too",3,Chest pain—cardiac features,Cardiovascular,silver,
Possible recent/ past heart attack Right lower lobe pneumonia CHest Injury <DATE_TIME>,651,Shortness of breath,Respiratory,rule,RESPIRATORY_DISTRESS
"""patient had an episode of chest pain <DATE_TIME> and has an extensive cardiac history""",3,Chest pain—cardiac features,Cardiovascular,silver,
left AOM,51,Earache,ENT - Ears,silver,
left hear ache and drainage,55,"Discharge, ear",ENT - Ears,silver,
"Alcohol intoxication, leg injury",751,Substance misuse/intoxication,Substance Misuse,silver,
"BIB Gaurdian from <LOCATION> for open tib/fib fx of left leg after falling down stairs. C-spine tenderness, Trauma 2 activation.",457,"Pregnancy issues, <20 weeks",OB/GYN,rule,PREGNANCY_EARLY
"f/u L leg wound check, per <PERSON>",710,Wound check,Skin,silver,
Wound Check s/p L IMN/ORIF ankle,865,Post-operative complications,General and Minor,rule,POST_OP
L Ankle wnd ck s/p ORIF.IMN. <DATE_OF_SERVICE>,865,Post-operative complications,General and Minor,rule,POST_OP
"F/U ORIF L Ankle, wnd ck",710,Wound check,Skin,silver,
F/U ORIF L Ankle,710,Wound check,Skin,silver,
"<PERSON> pain for <DATE_TIME>, no BM for <DATE_TIME>, nausea",257,Nausea and/or vomiting,Gastrointestinal,silver,
covid-19 recheck visit by phone,653,Cough/congestion,Respiratory,rule,COVID
"on <DATE_TIME>.<DATE_TIME> at about 11;30 am, <DATE_TIME> male called to the clinic for pain medication, the patient hastested positive covid on <DATE_TIME> and stated he was doing fine but wanted pain medication, no rspitory distress, just body ache, call lasted <PERSON>",653,Cough/congestion,Respiratory,rule,COVID
<PERSON> patient requesting pain medication,861,Prescription/medication request,General and Minor,silver,
pt with sob and abd pain on right lower abd when coughing,651,Shortness of breath,Respiratory,rule,RESPIRATORY_DISTRESS
"approximately 15 Tylenol 500 mg tabs taken at <DATE_TIME>, intentionally",457,"Pregnancy issues, <20 weeks",OB/GYN,rule,PREGNANCY_EARLY
"Diarrhea <DATE_TIME> which has resolved <DATE_TIME>, bur having right flank pain since <DATE_TIME>. denies N/V",301,Flank pain,Genitourinary,silver,
"BIB GF for cholecystitis, dnies pain at this time, pt ambulated from stretcher to gurny w/o difficulty and w/ steady gait, hx of aortic valve replacement, is taking warfarin. NAD noted",251,Abdominal pain,Gastrointestinal,rule,CHOLECYSTITIS
"PT presents for dressing change <DATE_TIME> as instructed. reg. unlabored rate, calm, compliant.",856,Dressing change,General and Minor,silver,
HFrEF,866,Minor complaints NOS,General and Minor,silver,
FV: Perc cole tube,865,Post-operative complications,General and Minor,silver,
f/u for perc cholecystostomy tube,865,Post-operative complications,General and Minor,silver,
f/u AFib; labs done,5,Palpitations/irregular heart beat,Cardiovascular,rule,AFIB_RVR
Pt has nephrostomy drain placed <DATE_TIME>. Here for dressing change. Has no complaints with site/pain. f/u with surgery <DATE_TIME>.,856,Dressing change,General and Minor,silver,
"Gallbladder surg <DATE_TIME>. C/o increased abd swelling. <PERSON> is swollen, but soft. Surgical sites CDI. Sitting comfortably, NAD. Denies fevers. <DATE_TIME>.",263,Abdominal mass/distention,Gastrointestinal,silver,
Follow-up ablation,865,Post-operative complications,General and Minor,silver,
"Authorized in from <PERSON> with guardian related to diffuse abdominal pain with nausea thinks its related to eating caibou <DATE_TIME>, states happens all the time. multi meds given in clinic and guardian",251,Abdominal pain,Gastrointestinal,silver,
BIB medevac for reprot of sepsis and surgical consult. Pt is on LEVO upon arival. pt is laibale. NG in place.,999,Unknown,General and Minor,rule,SEPSIS_UNKNOWN
s/p Sigmoidectomy with creation of end colostomy,865,Post-operative complications,General and Minor,rule,POST_OP
wound vac dressing change/ostomy check,856,Dressing change,General and Minor,silver,
"snowmobile accident. back, hip wrist pain.",802,Major trauma—blunt,Trauma,silver,
"Trauma 2, fall from 16 feet off scaffolding, pt denies headstirke, LOC, or thinners. Left ankle injury. AO x 4",557,Lower extremity injury,Orthopedic,silver,
<PERSON> ck L pilon fx DOS: <DATE_TIME> <PERSON>,858,Cast check,General and Minor,silver,
f/u L pilon fx,858,Cast check,General and Minor,silver,
"Authorized in from <LOCATION> with <NRP> related to ON/OFF RLQ pain (sharp) for <DATE_TIME> with nausea, vomiting and fever. zofran IV in clinic and fenantyl 50mcg at 1145",251,Abdominal pain,Gastrointestinal,silver,
f/u er sharp right-sided pain,251,Abdominal pain,Gastrointestinal,silver,
abd pain x <DATE_TIME>. was seen earlier for the same.,251,Abdominal pain,Gastrointestinal,silver,
flu shot,866,Minor complaints NOS,General and Minor,silver,
"etoh, altercation",751,Substance misuse/intoxication,Substance Misuse,silver,
Endometrial Biopsy,866,Minor complaints NOS,General and Minor,silver,
"""possible melanoma on LLQ abd""",711,Other skin conditions,Skin,silver,
Heavy Bleeding,455,Vaginal bleed,OB/GYN,silver,
"pt medivac'd in after attempting to hang herself <DATE_TIME>, small ligature mark on rt side of neck, no deviation noted, clear bs bilaterally, denies any further c/o",351,Depression/suicidal/deliberate self-harm,Mental Health,silver,
other male genital problem,303,Genital discharge/lesion,Genitourinary,silver,
alert looks in pain,866,Minor complaints NOS,General and Minor,silver,
scrotum swelling and pain and urinating blood,305,Scrotal pain and/or swelling,Genitourinary,silver,
Pt Ruptured his penis around 2100 <DATE_TIME> and was life flighted out of <LOCATION>,310,Genital trauma,Genitourinary,silver,
eruptered penis,310,Genital trauma,Genitourinary,silver,
<PERSON> Penis,310,Genital trauma,Genitourinary,silver,
fv RUG in radiology penile injury,310,Genital trauma,Genitourinary,silver,
pain in genital area worse this morning,305,Scrotal pain and/or swelling,Genitourinary,silver,
recheck post surgery pain in catheter area,865,Post-operative complications,General and Minor,silver,
"Authorized in from <LOCATION>, has a <PERSON> in place, after having a bowel movement started leaking around cather then noticed some blood in. denies pain/leaking or blood at present",865,Post-operative complications,General and Minor,silver,
Follow up for pain at catheter site,865,Post-operative complications,General and Minor,silver,
f/u PVR; no cardiac complaints- not taking any meds,866,Minor complaints NOS,General and Minor,silver,
continued vomiting all night for unknown reason. Pt,257,Nausea and/or vomiting,Gastrointestinal,silver,
Digestive 9: Other Cause of Vomiting sudden onset of vomiting with severe HA and neck pain and high fever,257,Nausea and/or vomiting,Gastrointestinal,silver,
"Authorized in from <LOCATION>, for <DATE_TIME> has fever, bodyaches, stiff neck, ha, stomach pains with vomiting. tylenol 975 was given at 1100. R/O meningitis",852,Fever,General and Minor,silver,
"BIB Guardian flight from inpatient setting in <LOCATION> for suspected endocarditis, pt calm cooperative ambulatory. hx of pulmonary valve replacement as a child.",866,Minor complaints NOS,General and Minor,silver,
FV: MSSA endocarditis,866,Minor complaints NOS,General and Minor,silver,
"Arrives with tissues in right nare, bleeding controlled. Bleeding started <DATE_TIME>. Also c/o left rib pain. No trauma. Lungs clear bilaterally. Has PICC line for heart valve replacent from <DATE_TIME>.",151,Epistaxis,ENT - Nose,silver,
FV: MSSA prosthetic pulmonary valve endocarditis,866,Minor complaints NOS,General and Minor,silver,
FV from <DATE_TIME> <PERSON>,999,Unknown,General and Minor,silver,
"<DATE_TIME> male here for head injury happened about 1130pm. <DATE_TIME>, calle dby by standers that this person fly with a snow machine and he flew a long way that what by standers say,",407,Head injury,Neurologic,silver,
Emergency 3: Severe Head Injury,407,Head injury,Neurologic,silver,
"Authorized in from <LOCATION> with guardian, related to snow machine accident, alcohol related. High speed with LOC, head injury with laceration. Complaints of left sided head and righ upper back pain. ambulated into er",407,Head injury,Neurologic,silver,
Pt is here for follow up from <DATE_TIME> evaluation per grandmother's request. Denies any pain or worsening symptoms. Last took apap 650mg at <DATE_TIME>.,866,Minor complaints NOS,General and Minor,silver,
right foot cellulitis,709,Localized swelling/redness,Skin,rule,LOCALIZED_INFECTION
911 call 23 yo male thinks foot is getting infected again,709,Localized swelling/redness,Skin,silver,
Recheck Cellulitis,709,Localized swelling/redness,Skin,rule,LOCALIZED_INFECTION
"Osteopenia. Right foot edema and erythema,",709,Localized swelling/redness,Skin,silver,
"<DATE_TIME> male who had a Right foot injury on about <DATE_TIME>, puntcure wound which got infected <DATE_TIME>, feels like he is recovering pretty good, at first it felt weak and shaky but now more normal, just got back from <LOCATION> <DATE_TIME>",557,Lower extremity injury,Orthopedic,silver,
Follow up Osteopenia Right Foor STI Screen orders placed for a future appt High Risk Health Condition (Traumatic Brain Injury),866,Minor complaints NOS,General and Minor,silver,
"Patient would like a STI screening and Blood screening of STI's. Is not having an symptoms, would just like it done to be on the safe side.",866,Minor complaints NOS,General and Minor,silver,
STI screening,866,Minor complaints NOS,General and Minor,silver,
PN F/U 34 <DATE_TIME>,999,Unknown,General and Minor,silver,
Fetal monitoring,457,"Pregnancy issues, <20 weeks",OB/GYN,silver,
Post partum BP check,6,Hypertension,Cardiovascular,silver,
<DATE_TIME> postpartum,866,Minor complaints NOS,General and Minor,silver,
23 YO Female CC: Depo Refill,861,Prescription/medication request,General and Minor,silver,
Repeat Depo Shot,861,Prescription/medication request,General and Minor,silver,
<DATE_TIME> female CC red streak on right arm from surgery under arm pit just notice it <DATE_TIME>,709,Localized swelling/redness,Skin,silver,
red streap,709,Localized swelling/redness,Skin,silver,
"arm infection, possible sepsis",999,Unknown,General and Minor,rule,SEPSIS_UNKNOWN
"23 yo female CC: Follow up after hospital visit: Cellulitis of R arm, <PERSON>, <PERSON> hyperthyroidisim",709,Localized swelling/redness,Skin,rule,LOCALIZED_INFECTION
"Follow care for Cellulitis of R arm, Thrombophlebitis, Subclinical Hyperthroidism",709,Localized swelling/redness,Skin,rule,LOCALIZED_INFECTION
23 YO FEMALE CC: Follow up after regional/hospital visit for R arm cellulitis/red streak thrombophelebitis and <PERSON> hyperthyroidism x <DATE_TIME>,709,Localized swelling/redness,Skin,rule,LOCALIZED_INFECTION
"Follow After Regional/ Hospital visit Cellulitis of R arm, Thrombophelebitis, Subclinic Hyperthyroidism Getting better",709,Localized swelling/redness,Skin,rule,LOCALIZED_INFECTION
was in a ATV accident <DATE_TIME> and woke up cant move his neck and hurts to take a deep breath on R side of ribs,552,Traumatic back/spine injury,Orthopedic,silver,
"ATV Accident Injuries R side Neck, Ribs, Hip, Knee",802,Major trauma—blunt,Trauma,silver,
"pt had an ATV accident @ <DATE_TIME>, c/o rt trap pain and rt rib pain , c collar in place on arrival",802,Major trauma—blunt,Trauma,silver,
<DATE_TIME> make recheck after ATV accident- now with SOB from back pain needs work release filled,710,Wound check,Skin,silver,
"recheck after ATV accident, back pain with SOB muscle strain needs work release filled",710,Wound check,Skin,silver,
other cause of abdominal pain phone visit ended 1526,251,Abdominal pain,Gastrointestinal,silver,
"65yo M ccAbdominal pain for <DATE_TIME>, pale and weak phone visit due to <NRP> restrictions, pt on quarantine due to direct contact with COVID positive",851,Exposure to communicable disease,General and Minor,rule,COVID_EXPOSURE
"<PERSON> pain, after having costipation",253,Constipation,Gastrointestinal,silver,
30 yof here for abdominal pain <DATE_TIME> pregnant EDD <DATE_TIME>,458,"Pregnancy issues, >20 weeks",OB/GYN,silver,
abdominal pain in pregnant woman <DATE_TIME>,458,"Pregnancy issues, >20 weeks",OB/GYN,silver,
Rt lower abd pain with sudden onset <DATE_TIME>. <DATE_TIME> pregnant,458,"Pregnancy issues, >20 weeks",OB/GYN,silver,
"<DATE_TIME> female havimg stiff neck started on <DATE_TIME>, started having syptoms on <DATE_TIME>. went to work on <DATE_TIME>. no lost of smell or loss of taste or sore thorat. looks sick, needs help out of chair and to climb on bed. hx of heart problems.",104,Neck swelling/pain,ENT - Mouth/Throat/Neck,silver,
possible COVID-19 Illness with symtoms: high risk patient,154,URTI complaints,ENT - Nose,silver,
"BIB Guardian from <LOCATION> for right lower abdominal pain. <DATE_TIME> head and neck pain, feeling ill. Hx CHF. <LOCATION> CT is down so here for abd pain w/u. BP low in <LOCATION>, arrives on levophed gtt @ 4. 200mcg fentanyl en route. Rocephin, flagyl, vanc PTA.",999,Unknown,General and Minor,rule,CHF_UNKNOWN
Barnes: Post Robot Ventreal Hernia Repair <DATE_TIME>,865,Post-operative complications,General and Minor,silver,
"no dehydration, other cause of vomiting",7,General weakness,Cardiovascular,rule,DEHYDRATION
39 yof here for throwing up blood,259,Vomiting blood,Gastrointestinal,silver,
"Guardian Flight from <LOCATION>. N/V/D hematemesis since <DATE_TIME>. Umbilical hernia repair <DATE_TIME>, at Pt AOx4. RA. RRR. Violent emesis shortly after arrival, dark red blood/ c/o LLQ pain.",259,Vomiting blood,Gastrointestinal,silver,
<DATE_TIME> female here for a pregnancy test,457,"Pregnancy issues, <20 weeks",OB/GYN,silver,
"Positive Pregnancy <DATE_TIME>, <DATE_TIME>)",457,"Pregnancy issues, <20 weeks",OB/GYN,silver,
"!<PERSON>, LMP <DATE_TIME>, <DATE_TIME>, <DATE_TIME> pregnant, EDC <DATE_TIME>",457,"Pregnancy issues, <20 weeks",OB/GYN,silver,
"She was using a clean steak knife to cut open a plastic dr pepper bottle, she slipped and the knife punctured in between her left thumb and pointer finger",704,Laceration/puncture,Skin,silver,
spotting in pregnancy,455,Vaginal bleed,OB/GYN,silver,
29 yo female <DATE_TIME> pregnant bleeding,455,Vaginal bleed,OB/GYN,silver,
"Bleeding from vagina, in <DATE_TIME> of Pregnancy, <DATE_TIME> pregnant, <PERSON> has Pain",455,Vaginal bleed,OB/GYN,silver,
F/U ER 6 <DATE_TIME>,855,Direct referral for consultation,General and Minor,silver,
possible spontaneous abortion,457,"Pregnancy issues, <20 weeks",OB/GYN,silver,
s/p Sigmoidectomy with creation of end of colosty,865,Post-operative complications,General and Minor,rule,POST_OP
Wound Vac change,856,Dressing change,General and Minor,silver,
"BIB husband d/t wound vac not working properly since dressing change <DATE_TIME>. <PERSON> on wound vac. States there's a gap in the new dressing, Has followup with <DATE_TIME>.",860,Medical device problem,General and Minor,silver,
"911 call from a family member worried about her. She said she don't know why her family called 911 for her. She denies wanting or trying to hurt herself, no suicidall thoughts. Doesn't want to be seen and wants to go home. VPSO is here and agree's to brin",351,Depression/suicidal/deliberate self-harm,Mental Health,rule,SUICIDAL
Intoxication refused to be seen,751,Substance misuse/intoxication,Substance Misuse,silver,
pt from <LOCATION>. <PERSON> stated she wass drinking <DATE_TIME> and made a statemet to her family she wanted to hang herself. she states now and doesnt want to harm herself or others at this time.,351,Depression/suicidal/deliberate self-harm,Mental Health,silver,
Suicidal threat,351,Depression/suicidal/deliberate self-harm,Mental Health,rule,SUICIDAL
Strep Pharyngitis,154,URTI complaints,ENT - Nose,silver,
<LOCATION> x <DATE_TIME>,999,Unknown,General and Minor,silver,
On-call phone call: 54 y.o. Female intnetional overdose on gabapentin and phenobarbitol at ~ <DATE_TIME>.,752,Overdose ingestion,Substance Misuse,rule,OVERDOSE
Other medical emergency: Intentional Overdose,752,Overdose ingestion,Substance Misuse,rule,OVERDOSE
"OD, medevac in. Took between 30 gabapentin and 2 grams Phenobarbital. AAOx3, Denies SI/HI VSS, Labs drawn",752,Overdose ingestion,Substance Misuse,rule,OVERDOSE
recheck for Renal injury,859,Imaging tests,General and Minor,silver,
<DATE_TIME> female here for recheck on medication that she was switched to,861,Prescription/medication request,General and Minor,silver,
Follow up after hosipital and change of medication,865,Post-operative complications,General and Minor,silver,
Med refill,861,Prescription/medication request,General and Minor,silver,
"<PERSON>, Nausea + Vomiting",257,Nausea and/or vomiting,Gastrointestinal,silver,
ETOH; possible drug overdose Keppra.,752,Overdose ingestion,Substance Misuse,rule,OVERDOSE
"NP eval for history of seizures, lost to neurology follow up",405,Seizure,Neurologic,silver,
pt fell and hit head while trying to get out of a boat. LOC for <DATE_TIME>. friends performed cpr for <DATE_TIME>.,407,Head injury,Neurologic,silver,
Mild SOB - in COVID Positive Patient,651,Shortness of breath,Respiratory,rule,COVID_RESPIRATORY
feeling SOB when cough or takes deep breath,651,Shortness of breath,Respiratory,silver,
BIB Guardian flight. Patient ambulating with steady gait without oxygen to negative pressure room upon arrival. C/o SOB and <PERSON> positive status.,651,Shortness of breath,Respiratory,silver,
feeling very shsort of breath,651,Shortness of breath,Respiratory,silver,
"Cold and lethargic, BIB EMS, from home. CBG 240. Pupils small, denies ETOH denies taking medicatoin. <PERSON>'s hands and arms cold to touch, pt body warm. Denies NVD Denies injury",205,Hypothermia,Environmental,silver,
transfer for GI bleed . rec'd total of 3 units of PRBC over <DATE_TIME>,260,Blood in stool/melena,Gastrointestinal,rule,GI_BLEED
"NP, pelvic mass",256,Groin pain/mass,Gastrointestinal,silver,
"H&P, pelvic mass",256,Groin pain/mass,Gastrointestinal,silver,
discuss surgery,855,Direct referral for consultation,General and Minor,silver,
"PHONE, post op",865,Post-operative complications,General and Minor,rule,POST_OP
Contractions,458,"Pregnancy issues, >20 weeks",OB/GYN,silver,
Pregnancy contractions,458,"Pregnancy issues, >20 weeks",OB/GYN,silver,
"Immunization, TDAP with each pregnancy",861,Prescription/medication request,General and Minor,silver,
"33 <PERSON> Pregnant Female CC: Here <DATE_TIME> for bleeding from vagina, <DATE_TIME> and <DATE_TIME> gestation",458,"Pregnancy issues, >20 weeks",OB/GYN,silver,
Bleeding from Vagina in <DATE_TIME> of Pregnancy Patient is <DATE_TIME> and <DATE_TIME> gestation,458,"Pregnancy issues, >20 weeks",OB/GYN,silver,
Vaginal bleeding in pregnancy < <DATE_TIME> started <DATE_TIME> with some cramping,458,"Pregnancy issues, >20 weeks",OB/GYN,silver,
F/U Emergency room,866,Minor complaints NOS,General and Minor,silver,
"<DATE_TIME> pregnanet and vaginal bleeding, states flown in from <PERSON> on <DATE_TIME> and told pregnancy was still viable, bleeding <DATE_TIME> with large clots. Stated cramping after clot emerged 30 min PTA.",455,Vaginal bleed,OB/GYN,silver,
D&C follow up,865,Post-operative complications,General and Minor,silver,
"Level 1 trauma, see trauma flowsheet",802,Major trauma—blunt,Trauma,silver,
f/u L knee,866,Minor complaints NOS,General and Minor,silver,
"digestive 17 other disgestive system problem, phone visit on elder with lower right extremetie extraction 11/<DATE_TIME>",553,Amputation,Orthopedic,silver,
<DATE_TIME> start time for a phone visit on <DATE_TIME> female who returned from after recovery from a right lower leg amutation that happened back in <DATE_TIME> <DATE_TIME>. patient is doing fine <DATE_TIME> but has been feeling nauses since she returned,257,Nausea and/or vomiting,Gastrointestinal,silver,
Follow Up: Possible Infectio nstart on Abdomen on surgical site,865,Post-operative complications,General and Minor,silver,
Follow up surgical on abdomne has a sore with oozing,865,Post-operative complications,General and Minor,silver,
"Authorized in from <LOCATION>, For <DATE_TIME> now superbic area pain, possibally related to belt that holds left stump",256,Groin pain/mass,Gastrointestinal,silver,
<DATE_TIME> female c/o sore throat,103,Sore throat,ENT - Mouth/Throat/Neck,silver,
Vaginal Bleeding and illness N/V/M,455,Vaginal bleed,OB/GYN,silver,
stomach pains and anemia,251,Abdominal pain,Gastrointestinal,silver,
"Patient authorized in from <LOCATION>, related to vaginal bleeding and anemia, weakness and fatigue. Past hx of the same with blood tranfussion. in atrial flutter hx of the same. C/O lower abdominal pain",455,Vaginal bleed,OB/GYN,silver,
"<LOCATION> from <LOCATION>, vag bleed with a flutter rate 130, significant cardiac hx 20 lopressor given HGB 8",455,Vaginal bleed,OB/GYN,silver,
Phone Visit; AUB,455,Vaginal bleed,OB/GYN,silver,
"REF, endo ca",999,Unknown,General and Minor,silver,
A-flutter,5,Palpitations/irregular heart beat,Cardiovascular,silver,
"Pt started having SOB earlier today, Chest pressure. <PERSON> dc'd after heart ablation <DATE_TIME>",3,Chest pain—cardiac features,Cardiovascular,silver,
referral,855,Direct referral for consultation,General and Minor,silver,
Request for podiatry referral,855,Direct referral for consultation,General and Minor,silver,
epigastric pain to back,251,Abdominal pain,Gastrointestinal,silver,
"Commercial flight from <LOCATION> for cholelithiasis w/ concern for cholecystitis. C/o upper abd pain, nausea. Denies V/D, SOB, CP.",251,Abdominal pain,Gastrointestinal,rule,CHOLECYSTITIS
FV: acute cholecystitis,251,Abdominal pain,Gastrointestinal,rule,CHOLECYSTITIS
"labor check, felt like bag of water might have broke. Felt pain on lower abdomen then felt water drip down her leg. No blood, no contractions. Due <DATE_TIME>",458,"Pregnancy issues, >20 weeks",OB/GYN,silver,
decreased fetal movement,458,"Pregnancy issues, >20 weeks",OB/GYN,silver,
<DATE_TIME> PP,999,Unknown,General and Minor,silver,
c/o midline lower abd pain that started <DATE_TIME>.,251,Abdominal pain,Gastrointestinal,silver,
"Authorized in from <LOCATION>, <DATE_TIME> DX with <PERSON>. <DATE_TIME> developed substernal chest tightness and anxiety, <DATE_TIME> at 0230 cp increased with left arm numbness. Has resolved at present. denies anyother symptoms.",352,Anxiety/situational crisis,Mental Health,rule,ANXIETY
"chest pain for <DATE_TIME>, worse <DATE_TIME>. center chest radiating to left should. morphine helped in clinic but now is wearing off.",3,Chest pain—cardiac features,Cardiovascular,silver,
"amb to triage, tearful, states vomiting / diarrhea numerous - since <DATE_TIME> - states blood in vomit <DATE_TIME>. diarrhea - brown and watery. vontinged in triage - noted dark blood in vomit",259,Vomiting blood,Gastrointestinal,silver,
"Covid Symptoms. Pt states ""I have been in contact with relatives with covid"" pt states SOB, Pt in no distress. Pt vitals stable, pt on phone playing game. Denies NVD, Denies cough. pt states ""fatigue""",651,Shortness of breath,Respiratory,rule,COVID_RESPIRATORY
Medevac from <LOCATION>. Trauma level 2. Ejected from snowmachine. See Trauma Flow Sheet,802,Major trauma—blunt,Trauma,silver,
XR PRIOR - F/U Thoracic Fractur,859,Imaging tests,General and Minor,silver,
"Pt arrives via Guardian from <LOCATION> for further evaluation of T5 unstable burst fracture, injury initialy sustained in snowmachine trauma <DATE_TIME>. GCS 15 upon arrival, <PERSON> intact.",802,Major trauma—blunt,Trauma,silver,
F/U after Surgery,865,Post-operative complications,General and Minor,silver,
IUD possibly displaced and pain,457,"Pregnancy issues, <20 weeks",OB/GYN,silver,
Hx of SI <DATE_TIME>,351,Depression/suicidal/deliberate self-harm,Mental Health,silver,
"right kidney pain, no pee since <DATE_TIME>",306,Urinary retention,Genitourinary,silver,
pt with right flank pain since <DATE_TIME>. hx of kidney stone <DATE_TIME> that required intervention.,301,Flank pain,Genitourinary,silver,
passing kidney stones,301,Flank pain,Genitourinary,silver,
Eval R shoulder pain,554,Upper extremity pain,Orthopedic,silver,
left thigh pain,555,Lower extremity pain,Orthopedic,silver,
"L lateral leg pain, R sided chest pain, chills, headache",866,Minor complaints NOS,General and Minor,silver,
Right shoulder pain,554,Upper extremity pain,Orthopedic,silver,
"Phone Call: <DATE_TIME>, On Quarantine",851,Exposure to communicable disease,General and Minor,silver,
covid screen,851,Exposure to communicable disease,General and Minor,silver,
"male <DATE_TIME>, mom called and said he was hanging outside and brother put him down and started his breathing early this am.",1,Cardiac arrest (non-traumatic),Cardiovascular,silver,
1) Suicide attempt 2) left leg numbness,351,Depression/suicidal/deliberate self-harm,Mental Health,rule,SUICIDAL
"passed blood clot twice, first one was <DATE_TIME> and second one <DATE_TIME>, <DATE_TIME> pregnant",455,Vaginal bleed,OB/GYN,silver,
passed blood clot,455,Vaginal bleed,OB/GYN,silver,
"Authorized in from <LOCATION>, related to vaginal bleeding, seen in ed <PERSON> for the same, here for a follow-up. Has no complaints",455,Vaginal bleed,OB/GYN,silver,
RPNV 7 <DATE_TIME>,999,Unknown,General and Minor,silver,
pt took overdose amount of tylenol. unsure of amount.,752,Overdose ingestion,Substance Misuse,rule,OVERDOSE
overdose of tylenol,752,Overdose ingestion,Substance Misuse,rule,OVERDOSE
"Female <DATE_TIME>, took 27 tylenol 325mg within the past <DATE_TIME> hour.",752,Overdose ingestion,Substance Misuse,silver,
"Female <DATE_TIME>, she was driving a 4 wheeler, she was driving at a high speed, tried turning but bumped a parked truck. she and the passenger flew off. she landed on her head and left arm and leg.",802,Major trauma—blunt,Trauma,silver,
mva. shoulder pain,802,Major trauma—blunt,Trauma,rule,MAJOR_TRAUMA_BLUNT
BIB Lifemed after ATV accident <DATE_TIME>. See trauma notes,802,Major trauma—blunt,Trauma,silver,
<DATE_TIME> female came in for recheck on head injury and broken collar bone,407,Head injury,Neurologic,silver,
Recheck minor inury,866,Minor complaints NOS,General and Minor,silver,
Fell and hurt right leg,555,Lower extremity pain,Orthopedic,silver,
"got a call on on call phone gramma fell down while walking and cannot stand up due to pain at her right knee and right hip. husband met us out side and said she fell <DATE_TIME> while walking on board road and stepped on ice and slipped and fell,",557,Lower extremity injury,Orthopedic,silver,
right knee and hip injury,557,Lower extremity injury,Orthopedic,silver,
hip pain after fall.,555,Lower extremity pain,Orthopedic,silver,
"71 y/o frail elder had <DATE_TIME> <DATE_TIME>, landed on hip/leg and hit her head, patient has dementia",407,Head injury,Neurologic,silver,
"Musculoskeletal Pain, Possible Closed Fracture, Mild Dehydration",7,General weakness,Cardiovascular,rule,DEHYDRATION
Feels like her C is going to RIP or rupture from the inside and it's a burning pain. Abdominal mostly feels real sore when it's not burning.,251,Abdominal pain,Gastrointestinal,silver,
Mid Lower Adominal pain,251,Abdominal pain,Gastrointestinal,silver,
"pt medivac'd in for lower abd pain, states she rolled over in bed <DATE_TIME>, felt a burning sensation in the area of her uterus, states pain on/off since then but coughed about 12 <DATE_TIME> and it happened again, no urinary s/s, no n/v/d/constipation",251,Abdominal pain,Gastrointestinal,silver,
Uterine Pain,251,Abdominal pain,Gastrointestinal,silver,
"1. Minor chest injury, 2. minor head injury, Other injury and care of truma patient while waiting for medvac",802,Major trauma—blunt,Trauma,silver,
"<DATE_TIME> male here for ATV accident unsure of what time it happen got a call about 9:25 that there was a an accident at the airport on the runway, neck pain refusing neck brace I have <PERSON> , and <PERSON> here helping",802,Major trauma—blunt,Trauma,silver,
"Four wheeler accident, injured left shoulder, pain around abdome, scrapes on lower abdomen",802,Major trauma—blunt,Trauma,silver,
unilateral cervical lymphadenitis,104,Neck swelling/pain,ENT - Mouth/Throat/Neck,silver,
"BIB medevac for snowmobile crash on <DATE_TIME>. L tib fib fx, R pinky fx, bilateral clavicle fx, mandible fx. Brusiing to L eye. Abrasions to face. AOx4. NAD noted. splint in place to L leg and R hand PTA.",802,Major trauma—blunt,Trauma,silver,
Pt brought in by WC for medication refill. Sent to <PERSON> by pharmacy. Requesting refill for oxycodone. No other complaints or requests at this time.,861,Prescription/medication request,General and Minor,silver,
"Pt asking for medication refill. Pt ran out of gabapentin & oxycodone. Per pt, he was seen <DATE_TIME> for surgery. Pt in wheelchair. Pt alert, resp e/u",861,Prescription/medication request,General and Minor,silver,
"M 76 yo here for wheezing for some time now, was at camp <DATE_TIME> and have been like this for <DATE_TIME>, quit cigarretes x <DATE_TIME>, no etoh,",659,Wheezing—no other complaints,Respiratory,silver,
Pneumonia Anemia from other cause,864,Pallor/anemia,General and Minor,silver,
"pt with <PERSON> pain, shortness of breath on exertion and dark stools",260,Blood in stool/melena,Gastrointestinal,silver,
"BIB medivac from <LOCATION>, tarry stools for <DATE_TIME> and dyspnea x <DATE_TIME>. H/H 5.<DATE_TIME> so 2 units PRBCs, last H/H <DATE_TIME>. Also 20 lasix, <PERSON> PTA. Has <PERSON>, 600 out. 20g RAC.",260,Blood in stool/melena,Gastrointestinal,silver,
NP for CHF/hospital discharge; labs,999,Unknown,General and Minor,rule,CHF_UNKNOWN
F/U CM <DATE_TIME>.,866,Minor complaints NOS,General and Minor,silver,
FV HF,852,Fever,General and Minor,silver,
"BIB guardian from <LOCATION>. reached <DATE_TIME> for a pen, it was further away then antcipated. fell, reached arm out, discloaced shoulder. sent here for shoulder reduction",556,Upper extremity injury,Orthopedic,silver,
"Ref: coordination of care while in <LOCATION> for shoulder dislocation. Referred by: <PERSON>, <LOCATION>",556,Upper extremity injury,Orthopedic,silver,
"hypotension, anemia, abd pain",864,Pallor/anemia,General and Minor,silver,
Nausea/Vomiting,257,Nausea and/or vomiting,Gastrointestinal,silver,
"Medevac from <PERSON> for upper GI bleed. Multiple bouts bloody emesis. Given 80 protonix, sandostatin bolus, plus continuous gtt on arrival. <PERSON>, in no acute distress. No increased WOB. VS stable per EMS",260,Blood in stool/melena,Gastrointestinal,rule,GI_BLEED
"c/o ""got into a fight <DATE_TIME>"" and is c/o R sided Jaw pain and L knee pain, stated struck with fists",102,Facial trauma,ENT - Mouth/Throat/Neck,silver,
"Pt arrives by Commercial air from <LOCATION>. Assault <DATE_TIME> w a jaw fxr. sent here to see oral surgeon. pt rpts he left his ""hydros"" in <PERSON> so he needs pain medication. verbally agressive w staff re wait time at triage",102,Facial trauma,ENT - Mouth/Throat/Neck,silver,
"pt c/o chin and R sided jaw pain, recent dislocation and fx, wired in place reportedly, forgot antibiotics in <LOCATION>, last dose over 24 hrs ago. Took Tylenol <DATE_TIME> before arrival",107,Facial pain (non-traumatic/non-dental),ENT - Mouth/Throat/Neck,silver,
Jaw pain,107,Facial pain (non-traumatic/non-dental),ENT - Mouth/Throat/Neck,silver,
PT PRESENTS TO <PERSON> VIA MEDEVAC FROM CLINIC FOR SI WITH AUDITORY AND VISUAL HALLUCINATIONS TELLING HIM TO HARM HIMSELF,353,Hallucinations/delusions,Mental Health,rule,PSYCHOSIS
"mental health 4 depression, high risk of suicide",351,Depression/suicidal/deliberate self-harm,Mental Health,rule,SUICIDAL
OD on lisinopril 20 mg took 13 tabs around 9-10 am this morning,752,Overdose ingestion,Substance Misuse,rule,OVERDOSE
reported over dose of lisinopril <DATE_TIME> prior,752,Overdose ingestion,Substance Misuse,silver,
"BIB APD as title 47 due to sttements about suicide and taking pills to kill himself. Pt heavily intoxicated, unable to answer questions appropriately. NAD.",351,Depression/suicidal/deliberate self-harm,Mental Health,rule,SUICIDAL
Suicide thoughts,351,Depression/suicidal/deliberate self-harm,Mental Health,rule,SUICIDAL
SI thoughts due to his every day life. had walked a long ways out of town. states he is not having SI at the moment and is just exhausted at this time. States no alcohol or drugs onboard.,351,Depression/suicidal/deliberate self-harm,Mental Health,silver,
"Patient here, wants to get away from home and from raping. walked to 7 mile and was brought in by ambulance for suicidal",351,Depression/suicidal/deliberate self-harm,Mental Health,rule,SUICIDAL
Mental Health problem,351,Depression/suicidal/deliberate self-harm,Mental Health,silver,
"<DATE_TIME> male with suicidal thoughts, has not taken anything <DATE_TIME>, having anxiety and wanting to take ones self life.",351,Depression/suicidal/deliberate self-harm,Mental Health,rule,SUICIDAL
pt med vac from <LOCATION> with SI.,351,Depression/suicidal/deliberate self-harm,Mental Health,silver,
medevac in from PH for SI. <PERSON> states he wants to use a knife to harm himself.,351,Depression/suicidal/deliberate self-harm,Mental Health,silver,
"Suicidal Ideation, drug abuse",351,Depression/suicidal/deliberate self-harm,Mental Health,rule,SUICIDAL
"Authorized in from <LOCATION> with troopers. In <LOCATION> <DATE_TIME> and did <PERSON> after returning home had thoughts of wanting to hurt, superficial lacerations to left wrist area. knife in clinic, states if left would hang self. past hx of attempts",351,Depression/suicidal/deliberate self-harm,Mental Health,silver,
"Verbal report received from Qavvik Air staff. His parents asked him to move out. Has a knife at home, threatened to slit his throat.""I'm having suicidl ideation"". Was seen at clinic, left the clinic, <LOCATION> picked him up.",351,Depression/suicidal/deliberate self-harm,Mental Health,rule,SUICIDAL
"alert, calm, no acute distress. tailbone bothering her.",555,Lower extremity pain,Orthopedic,silver,
Routine Prenatal visit <DATE_TIME> and <DATE_TIME> gestation,457,"Pregnancy issues, <20 weeks",OB/GYN,silver,
<DATE_TIME> glucose tolerance,853,Hyperglycemia,General and Minor,silver,
Authorized in from <LOCATION> with Guardian related to hypertension also c/o on/off ha for <DATE_TIME>. Hx of preeclampsia g-3 p-2,455,Vaginal bleed,OB/GYN,rule,PPH_OBSTETRIC_BLEED
"CHTN, IHCP",6,Hypertension,Cardiovascular,silver,
"CHTN si PEC, IHCP",6,Hypertension,Cardiovascular,silver,
Mild alcohol withdrawal,753,Substance withdrawal,Substance Misuse,rule,SUBSTANCE_WITHDRAWAL
throwing up blood for <DATE_TIME>. started off dark red. now it is bright red. threw up 60 times or more.,259,Vomiting blood,Gastrointestinal,silver,
Nausea and vomiting,257,Nausea and/or vomiting,Gastrointestinal,silver,
labor states that her water broke,458,"Pregnancy issues, >20 weeks",OB/GYN,silver,
N/V for <DATE_TIME>,257,Nausea and/or vomiting,Gastrointestinal,silver,
Patient BIB medivac from <LOCATION> for concerns of a hital hernia and right sided Pneumonia. Pt. HR 150s and she has a dark red contents from her OG. Currently intubated.,259,Vomiting blood,Gastrointestinal,silver,
"G3P2, <DATE_TIME>, preterm labor, hx: c-section x2, <DATE_TIME>, <DATE_TIME>, -2, FHT 125, cat 1",457,"Pregnancy issues, <20 weeks",OB/GYN,silver,
<DATE_TIME> post-op follow up,865,Post-operative complications,General and Minor,rule,POST_OP
"IUFD, possible abruption",458,"Pregnancy issues, >20 weeks",OB/GYN,silver,
Post op incision check C/S <DATE_TIME>,865,Post-operative complications,General and Minor,rule,POST_OP
Bleeding in Preg,455,Vaginal bleed,OB/GYN,silver,
vaginal bleeding in pregnancy,455,Vaginal bleed,OB/GYN,silver,
<DATE_TIME> female took a bunch of Tylenol and Gabapentin,752,Overdose ingestion,Substance Misuse,silver,
Overdose by mouth with Drug,752,Overdose ingestion,Substance Misuse,rule,OVERDOSE
pt took approx <PHONE_NUMBER>mg tylenol and <PHONE_NUMBER> mg gabapentin. pt with recent miscarriage.,752,Overdose ingestion,Substance Misuse,silver,
"Authorized in from <LOCATION>, <DATE_TIME> pregnant, <DATE_TIME> developed LUQ/ lower back pain with N/V. G-2 P-1. Last pregnancy at <DATE_TIME>. was given ns 1 <DATE_TIME> L, morphine 20mg, fentanyl 25mcg, zofran 4mg, tylenol",251,Abdominal pain,Gastrointestinal,silver,
"<PERSON>, back pain, HA for <DATE_TIME>, released from hospital <DATE_TIME> with same",551,Back pain,Orthopedic,silver,
"BIB Guardian flight for cholecystitis; <DATE_TIME> pregnant. Inc ALT, AST, Lipase, NPO. <PERSON>. A+Ox4. Rec'd fent, K+ phos, LR, Cefazolin, <LOCATION> PTA. Denies complicationsw/pregnancy. FHTs 140's PTA. <PERSON> at bedside",251,Abdominal pain,Gastrointestinal,rule,CHOLECYSTITIS
dx symptomatic cholelithiasis,251,Abdominal pain,Gastrointestinal,silver,
f/u post surgical incision gallbladder removal,865,Post-operative complications,General and Minor,rule,POST_OP
"? rupture of membranes, lower back pain",458,"Pregnancy issues, >20 weeks",OB/GYN,silver,
? ROM/lower back pain,458,"Pregnancy issues, >20 weeks",OB/GYN,silver,
"HA <DATE_TIME>, visual changes, SOB, heartburn",651,Shortness of breath,Respiratory,silver,
"headache / eyes pain/ hot flashes ."" i think I am dilating too.""",458,"Pregnancy issues, >20 weeks",OB/GYN,silver,
"GHTN, IHCP",6,Hypertension,Cardiovascular,silver,
Miso day 3,999,Unknown,General and Minor,silver,
Fever in Pregnant Women,458,"Pregnancy issues, >20 weeks",OB/GYN,silver,
"<DATE_TIME> pregnant. C/O fever, headache, nausea and vomiting. Started <DATE_TIME>. Said she went for a ride <DATE_TIME> that may have started this, after that she got chills and sweats.",458,"Pregnancy issues, >20 weeks",OB/GYN,silver,
"Medivac from <LOCATION>, febrile, hypotensive.",852,Fever,General and Minor,silver,
"<DATE_TIME> recent admit @ UW for urosepsis, please see for consult",855,Direct referral for consultation,General and Minor,silver,
COVID test for travel,851,Exposure to communicable disease,General and Minor,rule,COVID_EXPOSURE
"Pt dx w covid on <DATE_TIME>. 25 wk preg. Unable to keep food down, tearful and anxious. Complaint of HA. Tachy w fever",458,"Pregnancy issues, >20 weeks",OB/GYN,silver,
Transfer PN,999,Unknown,General and Minor,silver,
"Seizure of w/d in village clinic, life med tx to for further eval",405,Seizure,Neurologic,silver,
fill n pull urinary retention referring,306,Urinary retention,Genitourinary,silver,
seizure activity; stemi; in village. arrived with guardian. CT upon arrival. Cardiac arrest prior to arrival,1,Cardiac arrest (non-traumatic),Cardiovascular,rule,CARDIAC_ARREST
right side pain,301,Flank pain,Genitourinary,silver,
other skin problem,711,Other skin conditions,Skin,silver,
21yo M mom called about swelling to face and eyes,509,Periorbital swelling,Ophthalmology,silver,
21M mom called,999,Unknown,General and Minor,silver,
possible penumonia,154,URTI complaints,ENT - Nose,silver,
"Authorized in from <LOCATION>, received pfizer vaccine, afterwards dveloped cough, fever and less responsive. now increased cough, sob, not acting himself",651,Shortness of breath,Respiratory,silver,
21M homevisit for left foot swelling,709,Localized swelling/redness,Skin,silver,
possible infection,154,URTI complaints,ENT - Nose,silver,
"skin/soft tissue 16: infected wound, resolving",709,Localized swelling/redness,Skin,rule,LOCALIZED_INFECTION
"21yo M recheck visit, last seen <PHONE_NUMBER>, was given bactrim for a swollen foot",710,Wound check,Skin,silver,
"21yo M recheck cellulitis of left foot, last seen for this <PHONE_NUMBER>, not given any medicine",709,Localized swelling/redness,Skin,rule,LOCALIZED_INFECTION
skin/soft tissue 17: cellulitis,709,Localized swelling/redness,Skin,rule,LOCALIZED_INFECTION
"medevac in after reported seizures, no reported seizures in <DATE_TIME>, reportedly took PO meds this am in clinic, mother with patient, Hx of Cerebral Palsy",405,Seizure,Neurologic,silver,
In from village for increased occurence of seizures. Mom reports that pt had a total of four seizures <DATE_TIME>. Last known seizure was approx 1830 <DATE_TIME>. Pt completed ABX <DATE_TIME> for pneumonia and URI,405,Seizure,Neurologic,silver,
"Colonoscopy <DATE_TIME> in <LOCATION>, over <DATE_TIME>, complaints of back pain, SOB fatigue",651,Shortness of breath,Respiratory,silver,
BIB life med for acute renal and heart failure. Pt is alertcoming from <LOCATION> from an ALF. Mentation at baseline according to the medic. NAD noted.,306,Urinary retention,Genitourinary,silver,
"<DATE_TIME> male came in after attempting suicide twice the first time was after hanging himself and the rope broke, after the rope broke he proceeded to burn himself alive in his bedroom and passed out, he doesnt know how the fire stopped.",351,Depression/suicidal/deliberate self-harm,Mental Health,rule,SUICIDAL
Depression with high risk to commit suicide,351,Depression/suicidal/deliberate self-harm,Mental Health,rule,SUICIDAL
"BIB EMS LifeMed for SI, atempted hanging and caught fire to home <DATE_TIME>. Complaint of chest pain with deep breathing. Was intoxicated at the time he attempted self harm",351,Depression/suicidal/deliberate self-harm,Mental Health,rule,SUICIDAL
"BIB EMS for chest pain after ""smoking a cigarette from a stranger"" crushing chest pain. + ETOH. ASA and nitro enroute",3,Chest pain—cardiac features,Cardiovascular,silver,
26 yo female CC: <DATE_TIME> gestation spotting in pregnancy feeling sick,457,"Pregnancy issues, <20 weeks",OB/GYN,silver,
"Bleeding from Vagine, <DATE_TIME> or more pregnant",458,"Pregnancy issues, >20 weeks",OB/GYN,silver,
"cough, lower back pain, pain in upper thighs bilateral, vaginal bleeding/spotting in pregnancy <DATE_TIME>",458,"Pregnancy issues, >20 weeks",OB/GYN,silver,
Return Prenatal Visit <DATE_TIME> and <DATE_TIME> gestation,457,"Pregnancy issues, <20 weeks",OB/GYN,silver,
return prenatal for <DATE_TIME> gestation,457,"Pregnancy issues, <20 weeks",OB/GYN,silver,
"alert, sitting, calm, looks tired.",866,Minor complaints NOS,General and Minor,silver,
26 y/o female with possible contractions. pt states her abdomen keeps getting hard about every 5 minutes,458,"Pregnancy issues, >20 weeks",OB/GYN,silver,
"Contractions in Women <DATE_TIME> Pregnant, Possible Preterm Labor",458,"Pregnancy issues, >20 weeks",OB/GYN,silver,
"Brought in by EMS, MVA 4 wheeler, unknown amount of time of LOC, left ankle pain, 3 cm lac to posterior head left side with 3 sutures in place (village) pain a <DATE_TIME> to left ankle, denies HA",802,Major trauma—blunt,Trauma,rule,MAJOR_TRAUMA_BLUNT
pt brought in by gaurdian. pt vomiting blood since <DATE_TIME>.,259,Vomiting blood,Gastrointestinal,silver,
"home visit recheck after discharge, now fainting spells and weak",8,Syncope/pre-syncope,Cardiovascular,silver,
follow up after regional hospital visit not any better,866,Minor complaints NOS,General and Minor,silver,
"faintness, low H&H",864,Pallor/anemia,General and Minor,silver,
"BIB Guardian Flight with DX GI bleed, Patient stable, color good, no s/s acute distress.",260,Blood in stool/melena,Gastrointestinal,rule,GI_BLEED
DC FV GI Bleed,260,Blood in stool/melena,Gastrointestinal,rule,GI_BLEED
"arrived by medevac c/o intermittent <LOCATION> when he coughs, abnormal EKG,",3,Chest pain—cardiac features,Cardiovascular,silver,
NSTEMI BIB gaurdian flight from <LOCATION>. <PERSON> had sudden chest pain pressure starting at <DATE_TIME>. Also complaint of abd pressure. Pt appears dusky during triage.,3,Chest pain—cardiac features,Cardiovascular,rule,STEMI_NSTEMI
face injury,102,Facial trauma,ENT - Mouth/Throat/Neck,silver,
"Authorized in from <LOCATION> with Guardian, assault head trauma. Head, bilateral knees, right leg, right ear and lacerations to head. Covid positive",802,Major trauma—blunt,Trauma,silver,
MVA right hand crushed under 4 - wheeler accident <DATE_TIME>.,802,Major trauma—blunt,Trauma,rule,MAJOR_TRAUMA_BLUNT
0 MPH ATV roll over/crush injury,802,Major trauma—blunt,Trauma,silver,
O mph ATV rollover/crush injury,802,Major trauma—blunt,Trauma,silver,
"F/u R hand crush injury, wound check <DATE_OF_SERVICE>",710,Wound check,Skin,silver,
N/V and lower back pain since <DATE_TIME>,257,Nausea and/or vomiting,Gastrointestinal,silver,
Transferred from AK REG for pylonephritis. <PERSON> there x1 week & was septic per transporting medic. <DATE_TIME> pregnant (G3 P1). Has R nephrostomy tube. Arrives alert & afebrile. VS stable.,999,Unknown,General and Minor,rule,ACUTE_RENAL_FAILURE_UNKNOWN
Return prenatal/ f/u nephrostomy tube,457,"Pregnancy issues, <20 weeks",OB/GYN,silver,
FV nephrostomy tube,307,UTI complaints,Genitourinary,silver,
FV nephrostomy tube,860,Medical device problem,General and Minor,silver,
Clinic was called by care provider about condition of pt having bed sores and being bed ridden with dementia. Pt is unable to move because of severe pain all over her body,359,Concern for patient's welfare,Mental Health,silver,
Elder care : elder negect,359,Concern for patient's welfare,Mental Health,silver,
home visit for elder neglect,359,Concern for patient's welfare,Mental Health,silver,
"Authorized in from <LOCATION> by Guardian. Is bedbound with contractures, skin break down multiple places. Not taking medications, family giving home brew. Covered in feses",359,Concern for patient's welfare,Mental Health,silver,
BIB EMS from <LOCATION> with multiplt pressure injuries.,709,Localized swelling/redness,Skin,silver,
"BIB Guardian flight from <LOCATION> for 3rd degree heart block-syncopal episodes, hx dementia, HR <PHONE_NUMBER>. On pacer pads, on dopamine 5mcg/kg/min, ERMD at bedside. Pt alert, baseline confusion per flight crew.",8,Syncope/pre-syncope,Cardiovascular,silver,
"<PERSON>, bradycardia",5,Palpitations/irregular heart beat,Cardiovascular,silver,
"<DATE_TIME> female who started having right lower abdominal pain abou 2 <DATE_TIME> hrs ago, became too uncomfortable she had to call on call to be seen",251,Abdominal pain,Gastrointestinal,silver,
Acute Abdomen Pain- Possible Acute Appendicitis No High Risk Health Conditions,251,Abdominal pain,Gastrointestinal,silver,
RLQ abdomen pain,251,Abdominal pain,Gastrointestinal,silver,
"Authorized in with guardian the other night, related to right suded abdominal pain. here for a follow-up",251,Abdominal pain,Gastrointestinal,silver,
"f/u from previous visit r/t abd pain; no more pain but liquid diet ""runs right through""",251,Abdominal pain,Gastrointestinal,silver,
19 yo female CC; abdominal pain in all quadrants since <DATE_TIME>,251,Abdominal pain,Gastrointestinal,silver,
"Other Cause of Abdominal Pain x <DATE_TIME> inital Genital Rash, Possible Fungal Infection.",251,Abdominal pain,Gastrointestinal,silver,
"RUQ pain, BIB Guardian flight. Pain sharp, started at <DATE_TIME>. No abnormality noted.",251,Abdominal pain,Gastrointestinal,silver,
21 YO Female CC Village Vitals for VTC,999,Unknown,General and Minor,silver,
"21 yo female CC: Recheck Visit for Kidney Infection Patient reports worse. Pt mentions she has the same pain in her RUQ and LUQ, and kidney areas.",263,Abdominal mass/distention,Gastrointestinal,silver,
21 yo female CC: RTC kidney infection pain in RUQ and LUQ came back and is getting worse,263,Abdominal mass/distention,Gastrointestinal,silver,
Ingorwn toenail/ Red Streak Other Cause of Mild SOB,866,Minor complaints NOS,General and Minor,silver,
21 yo female CC: L great toe infection mild SOB and pain on sternum,709,Localized swelling/redness,Skin,rule,LOCALIZED_INFECTION
<DATE_TIME> female CC abdominal pain started <DATE_TIME>,251,Abdominal pain,Gastrointestinal,silver,
bilateral upper abdominal pain,251,Abdominal pain,Gastrointestinal,silver,
21 yo female CC: VTC appoitnment with PCP F/U after Hospitilization,866,Minor complaints NOS,General and Minor,silver,
<DATE_TIME> pregnant vaginal bleeding,455,Vaginal bleed,OB/GYN,silver,
"Pt BIB Guardian from <LOCATION> with RLQ abdominal pain <DATE_TIME>, nausea/vomiting. Pt is <DATE_TIME> pregnant with twins. Received Rocephin and Flagyl pta.",251,Abdominal pain,Gastrointestinal,silver,
NPN,999,Unknown,General and Minor,silver,
"n/v x <DATE_TIME>, pregnant, seen in 4 days ago, unable to fill n/v meds there.",257,Nausea and/or vomiting,Gastrointestinal,silver,
1st PNV 11 <DATE_TIME>,457,"Pregnancy issues, <20 weeks",OB/GYN,silver,
fall with low back pain,552,Traumatic back/spine injury,Orthopedic,silver,
Emotional emergency (apparent suicide attempt by hanging). Pt is very intoxicated and resistent.,351,Depression/suicidal/deliberate self-harm,Mental Health,rule,SUICIDAL
<DATE_TIME> female in for attempted suicide.,351,Depression/suicidal/deliberate self-harm,Mental Health,rule,SUICIDAL
Attempted to hang herself from door knob. Brought in by medevac. Title 47. Bruising to throat. Denies active thoughts of self harm at this time but endorses general SI. Smells of ETOH. Calm and cooperative.,351,Depression/suicidal/deliberate self-harm,Mental Health,rule,SUICIDAL
<PERSON> and <LOCATION> <DATE_TIME>. extensive Hx,999,Unknown,General and Minor,silver,
Assault in village with abd trauma. Good FHT in clinic. States that she has been having contractions,458,"Pregnancy issues, >20 weeks",OB/GYN,silver,
F/U ED visit,866,Minor complaints NOS,General and Minor,silver,
Light Headedness during NST,8,Syncope/pre-syncope,Cardiovascular,silver,
arrived via EMS flight crew,999,Unknown,General and Minor,silver,
PT PRESENTS TO <PERSON> VIA EMS FROM AIRPORT AFTER HAVING WITNESS SEIZURE LASTING APPROX 2 MINUTES PER GF,405,Seizure,Neurologic,silver,
Vomiting and abdominal cramping x <DATE_TIME>,257,Nausea and/or vomiting,Gastrointestinal,silver,
RLE swelling,709,Localized swelling/redness,Skin,silver,
R leg pain/swelling,709,Localized swelling/redness,Skin,silver,
see trauma flow sheet,999,Unknown,General and Minor,silver,
snow machine accident. Going >70 miles per hour fell off and was run over by snow machine. Multiple injuries.,802,Major trauma—blunt,Trauma,silver,
FV - s/p LLE wound washout and <LOCATION> and s/p BTM placement,865,Post-operative complications,General and Minor,rule,POST_OP
"LLE, pre-op split thickness graft",865,Post-operative complications,General and Minor,silver,
<DATE_TIME> female took alot of ibuprofen,752,Overdose ingestion,Substance Misuse,silver,
Overdose by mouth,752,Overdose ingestion,Substance Misuse,rule,OVERDOSE
Intential OD,752,Overdose ingestion,Substance Misuse,rule,OVERDOSE
S/P miscarrige,865,Post-operative complications,General and Minor,rule,POST_OP
recheck post spontaneous AB,457,"Pregnancy issues, <20 weeks",OB/GYN,silver,
"head injury, right elbow injury, right hip injury",407,Head injury,Neurologic,silver,
"4 wheeler accident hit a 4 wheeler in front of them and flew off an rolled, hurt right side elbow, right hip area",802,Major trauma—blunt,Trauma,silver,
F/U concussion inpt.,407,Head injury,Neurologic,silver,
Gastroenteritis in pregnancy,458,"Pregnancy issues, >20 weeks",OB/GYN,silver,
vomiting every <DATE_TIME> since <DATE_TIME>,257,Nausea and/or vomiting,Gastrointestinal,silver,
"follow up gastronenteritis in pregnancy <DATE_TIME>, no improvement",458,"Pregnancy issues, >20 weeks",OB/GYN,silver,
follow up vomiting in pregnancy <DATE_TIME>,458,"Pregnancy issues, >20 weeks",OB/GYN,silver,
"stomach pain <DATE_TIME>, had bloody show come out about 8:15",458,"Pregnancy issues, >20 weeks",OB/GYN,silver,
here stating she is having contractions denies bleeding or leakage,458,"Pregnancy issues, >20 weeks",OB/GYN,silver,
labor check,866,Minor complaints NOS,General and Minor,silver,
"Possible preterm labor, delivery not about to happen",457,"Pregnancy issues, <20 weeks",OB/GYN,silver,
"<DATE_TIME> female clams to be having tight stomach, says shes <DATE_TIME> pregnant",457,"Pregnancy issues, <20 weeks",OB/GYN,silver,
"c/o UTI x <DATE_TIME>, + N/V, back pain",307,UTI complaints,Genitourinary,silver,
"BIB Guardian from <LOCATION>, 28weeks pregnant, possible colie,",457,"Pregnancy issues, <20 weeks",OB/GYN,silver,
back pain; unable to disclose if 1 or 2 sided; rates <DATE_TIME>,551,Back pain,Orthopedic,silver,
"overdose, want to die",752,Overdose ingestion,Substance Misuse,rule,OVERDOSE
Tylenol overdose,752,Overdose ingestion,Substance Misuse,rule,OVERDOSE
"Medevac via Guardian Flight from <LOCATION> sp ATV accident approx 45 mph, +ETOH. c/o 20 cm right scalp laceration. possible LOC, est blood loss 250 ml. received LR 1L, Morphine 4 mg, 1G Rocephin, Tdap. Dressing dry and intact.",802,Major trauma—blunt,Trauma,silver,
"atv accident, <LOCATION> on head",407,Head injury,Neurologic,silver,
s/p trauma,865,Post-operative complications,General and Minor,rule,POST_OP
SROM,457,"Pregnancy issues, <20 weeks",OB/GYN,silver,
Backpain x 4 weeks; no injury or obvious cause. incontenance x <DATE_TIME>. general weakness and general body pain.,551,Back pain,Orthopedic,silver,
F/V: Low Back Pain with Urinary Incontinence,551,Back pain,Orthopedic,silver,
"new eval, NSGY rec. Low back pain",551,Back pain,Orthopedic,silver,
"Indigestion, chest pain",4,Chest pain—non-cardiac features,Cardiovascular,silver,
"BIB GF from <PERSON>. epigastric pain starting yest, improved w/ omeprazole, <DATE_TIME> 230am woke up w same pain w/ nausea/chills. denies syncope, dizziniess, no cardiac hx. 12lead showed <LOCATION> dep/prol QT per flight team. no <LOCATION> currently. last trop 13k. a/ox4",251,Abdominal pain,Gastrointestinal,silver,
Chest pain BIB guardian from <LOCATION>. <LOCATION>,3,Chest pain—cardiac features,Cardiovascular,silver,
f/u s/p CABG,865,Post-operative complications,General and Minor,rule,POST_OP
FV Med changes,861,Prescription/medication request,General and Minor,silver,
IUFD with vaginal bleeding,455,Vaginal bleed,OB/GYN,silver,
FOLLOW UP ED FOR SAB,455,Vaginal bleed,OB/GYN,silver,
follow up from visit on <DATE_TIME>,855,Direct referral for consultation,General and Minor,silver,
<LOCATION> follow up,855,Direct referral for consultation,General and Minor,silver,
<DATE_TIME> prolonged bleeding,455,Vaginal bleed,OB/GYN,silver,
pt bleeding from miscarriage of <DATE_TIME> pregnancy. has D&C scheduled for <DATE_TIME>. hgb <DATE_TIME> 6.7. pt would like blood transfusion. reports weakness and sob. bleeding has slowed.,455,Vaginal bleed,OB/GYN,silver,
18 yo F here for hcg verification,457,"Pregnancy issues, <20 weeks",OB/GYN,silver,
"Bleeding from Vagina, in <DATE_TIME> of pregnancy",455,Vaginal bleed,OB/GYN,silver,
18 y/o female with bleeding in pregnancy,455,Vaginal bleed,OB/GYN,silver,
Bilateral pelvic pain <DATE_TIME>. Currently denies discomfort. Positive pregancy test on <DATE_TIME>. Reports some spotting <DATE_TIME>.,457,"Pregnancy issues, <20 weeks",OB/GYN,silver,
<DATE_TIME> female height weight and hemo for wic,855,Direct referral for consultation,General and Minor,silver,
Other Cause of vomiting in <DATE_TIME> gestation female.,457,"Pregnancy issues, <20 weeks",OB/GYN,silver,
"Vomiting blood, <DATE_TIME> and <DATE_TIME> gestation",259,Vomiting blood,Gastrointestinal,silver,
"Alert, ambulatory. C/O2 day h/o painful urination. States BF recently treated for gonorrhea. Here for treatment. <PERSON> when she pees. Sitting comfortalby, on phone, in triage.",307,UTI complaints,Genitourinary,silver,
fell on abdomen and private <DATE_TIME> now one side ball is swollen,305,Scrotal pain and/or swelling,Genitourinary,silver,
"medivac, testicle pain,abdom. pain",305,Scrotal pain and/or swelling,Genitourinary,silver,
<DATE_TIME> male came in for facial swelling,104,Neck swelling/pain,ENT - Mouth/Throat/Neck,silver,
Tooth pain/swelling x <DATE_TIME>,101,Dental/gum problem,ENT - Mouth/Throat/Neck,silver,
BIB fixed wing due to L jaw swelling <DATE_TIME>. CT show risk for osteomyelitis. C/O pain to swallow and cough. C/O increased secretions and facial swelling going into the neck. C/O SOB. 10mg dexamethasone and 250mcg fentanyl in flight. bad odor from mouth,104,Neck swelling/pain,ENT - Mouth/Throat/Neck,silver,
f/u L Thumb,556,Upper extremity injury,Orthopedic,silver,
depression and cutting. laceration to left wrist,351,Depression/suicidal/deliberate self-harm,Mental Health,silver,
"<DATE_TIME> male here, his mom called and said he cut himself and might need to go to clinic",351,Depression/suicidal/deliberate self-harm,Mental Health,silver,
1) Depression: mental health <DATE_TIME>) laceration: wounds 1,351,Depression/suicidal/deliberate self-harm,Mental Health,silver,
right ankle injury <DATE_TIME>. <DATE_TIME> pain on lateral right ankle,557,Lower extremity injury,Orthopedic,silver,
<DATE_TIME> male,999,Unknown,General and Minor,silver,
"Vomiting blood, last ocurrence was <DATE_TIME>",259,Vomiting blood,Gastrointestinal,silver,
arrived via ems / air with altered mental status. last known well was <DATE_TIME>. AOx1,401,Altered level of consciousness,Neurologic,silver,
<DATE_TIME> pregnant female came in for vaginal bleeding,455,Vaginal bleed,OB/GYN,silver,
"HTN, Vaginal bleeding",455,Vaginal bleed,OB/GYN,silver,
transfer for pre-eclampsia,455,Vaginal bleed,OB/GYN,rule,PPH_OBSTETRIC_BLEED
pt arrived for staple removal; reports she delivered via c/s at Prov hospital on <DATE_TIME>,857,Removal staples/sutures,General and Minor,silver,
"intentional drug over dose of Vitamin D and calcium this am. Vomiting with pill fragments post ingestion, PTA.",752,Overdose ingestion,Substance Misuse,rule,OVERDOSE
Medevac for SI/HI. <PERSON> broke up w boyfriend and wanted to harm him and herself. Hx schizoaffective. Stuck in OSH for <DATE_TIME> d/t weather. Pt calm and cooperative. Endorses auditory/command hallucinations telling her to kill herself. no plan,353,Hallucinations/delusions,Mental Health,rule,PSYCHOSIS
sharp pain to right upper stomach,251,Abdominal pain,Gastrointestinal,silver,
review medications,861,Prescription/medication request,General and Minor,silver,
<PERSON> <DATE_TIME> lower right,999,Unknown,General and Minor,silver,
Endometrial Biopsy,999,Unknown,General and Minor,silver,
Overdose <DATE_TIME> at <DATE_TIME>,752,Overdose ingestion,Substance Misuse,rule,OVERDOSE
"pt came in by medevac. pt states took 60 vitiamins, 6 lexapro and 6 other pills he cant remeber the name of. most likely risperidone. currently having suicidal thoughts and has had thoughts and attempts in the past",351,Depression/suicidal/deliberate self-harm,Mental Health,rule,SUICIDAL
SI.,351,Depression/suicidal/deliberate self-harm,Mental Health,silver,
Pregnant with RLQ abdominal pain and R lower back pain,457,"Pregnancy issues, <20 weeks",OB/GYN,silver,
<DATE_TIME> pregnant and havng severe right abdominal and lower back pains. Pains on the back are more on the right side.,458,"Pregnancy issues, >20 weeks",OB/GYN,silver,
BIB life med for lower abd and right flank pain. 7 wk preg possible appy.,458,"Pregnancy issues, >20 weeks",OB/GYN,silver,
pt states she was dx with R kidney stone <DATE_TIME> ago.now having dysuria and started vomiting <DATE_TIME>. unknown fevers. pt states she isnt sure if the vomiting is from kidney issues or becasue she is 8wks pg. having R flank pain,301,Flank pain,Genitourinary,silver,
Renal stone,301,Flank pain,Genitourinary,silver,
generalized anxiety in <DATE_TIME> pregnant female whom is <DATE_TIME> along.,352,Anxiety/situational crisis,Mental Health,rule,ANXIETY
"""crushing feeling,anxiety,feels like i cant breathe""",352,Anxiety/situational crisis,Mental Health,rule,ANXIETY
18 y/o female with vomiting in pregnancy. pt states she had metoclopramide that helped with the n/v but ran out <DATE_TIME>,257,Nausea and/or vomiting,Gastrointestinal,silver,
Severe Vomiting in <DATE_TIME> pregnant,257,Nausea and/or vomiting,Gastrointestinal,silver,
Possible Kidney Stones,301,Flank pain,Genitourinary,silver,
Woke up with bad pain in right kidney and lower abdomen.,301,Flank pain,Genitourinary,silver,
18 y/o pregnant female with constipation. pt also has kidney stones. last stool was <DATE_TIME> or <DATE_TIME>,252,Anorexia,Gastrointestinal,silver,
Right Kidney Infection,301,Flank pain,Genitourinary,silver,
Abdominal and kidney pain right side. First bladder started hurting <DATE_TIME> so took Tylenol at <DATE_TIME>. That didn't help because the pain started moving to her kidney in the right side.,301,Flank pain,Genitourinary,silver,
"pt authorized in for pyelo s/s, fever, pain with urination,low back pain,",307,UTI complaints,Genitourinary,silver,
"BIB GF from <PERSON> for urosepsis, <DATE_TIME> pregnant with known 4 mm kidney stone.",307,UTI complaints,Genitourinary,silver,
"kidney stone removed <DATE_TIME>, having nausea/vomiting that is not controlled by ODT zofran. not tolerating PO. <DATE_TIME> pregnant.",257,Nausea and/or vomiting,Gastrointestinal,silver,
New prenatal,457,"Pregnancy issues, <20 weeks",OB/GYN,silver,
"Pt. complaining of heartburn and vomiting since <DATE_TIME>. Surgery on <DATE_TIME> for kidney stone, states urostomy draining normally. Appx. <DATE_TIME> pregnant.",257,Nausea and/or vomiting,Gastrointestinal,silver,
"Pt <DATE_TIME> pregnant, G1P0, c/o SOB, ""my left lung hurts"", has right nephrostomy drain, tearful in triage, CTA bilaterally w/ diminished bases to left. Pt alert, ambulatory, wearing mask.",651,Shortness of breath,Respiratory,silver,
to <LOCATION> in wheelchair with c/o kidney pain and nausea - has drain from procedure - kidney stones removed. right side - states here for the pain and nausea and feels like the drain may be clogged. forgot she had med prescribed. tearful - <DATE_TIME> preg.,257,Nausea and/or vomiting,Gastrointestinal,silver,
"C/O generalized abdominal pain and right flank pain. Right nephrostomy. Nausea. Skin warm, dry, appropriate color. Trimulous. Seen for same <DATE_TIME>, states pain has progressively worsened. <DATE_TIME> pregnant.",301,Flank pain,Genitourinary,silver,
First trimester screen,457,"Pregnancy issues, <20 weeks",OB/GYN,silver,
Pt. presents with vomiting and pain. Pt. reports throat pain and no feeling well. States ongoing x2 days. Also reports decreased urine output. NAD. Arrived in w/c.,257,Nausea and/or vomiting,Gastrointestinal,silver,
Return prenatal-F/U N&V,457,"Pregnancy issues, <20 weeks",OB/GYN,silver,
End of Life COmfort Care,866,Minor complaints NOS,General and Minor,silver,
<DATE_TIME> male with abd pain and really coughing,251,Abdominal pain,Gastrointestinal,silver,
Pneumonia UTI,307,UTI complaints,Genitourinary,silver,
85 y o M homevisit requested by grandaughter,359,Concern for patient's welfare,Mental Health,silver,
Difficulty Breathing,651,Shortness of breath,Respiratory,silver,
states she has been leaking fluid for <DATE_TIME>,458,"Pregnancy issues, >20 weeks",OB/GYN,silver,
"transfer from <LOCATION> for qbl 1235, PEC, was on mag, not currently",865,Post-operative complications,General and Minor,silver,
BP check postpartum,865,Post-operative complications,General and Minor,silver,
other cause of abd pain/delivered baby <DATE_TIME>,251,Abdominal pain,Gastrointestinal,silver,
"F 21 yo here for abd pain that start all of a sudden and can't stop hurting, delivered boy <DATE_TIME> in <LOCATION>, crying in pain",251,Abdominal pain,Gastrointestinal,silver,
"Bleeding and pain post birth on<PHONE_NUMBER>/<DATE_TIME>. From village. pt states ""pain is really bad"" states clots and pain.",455,Vaginal bleed,OB/GYN,silver,
recheck blood pressure,6,Hypertension,Cardiovascular,silver,
pt BIB guardian from <LOCATION>. pt is having right knee pain. The clinic was unable to see pt d/t family members in the household being postive for COVID. pt is able to ambulate. Hx of left septic knee and right septic shoulder. Last covid test on 17 Neg.,851,Exposure to communicable disease,General and Minor,rule,COVID_EXPOSURE
f/u knee pain & +covid mom/<PERSON>,555,Lower extremity pain,Orthopedic,silver,
"ATV collision, c/o pain to left hip and pelvic area. May have LOC for just a very short period of time. Reports not going very fast but was hit head on.",802,Major trauma—blunt,Trauma,silver,
depressed,351,Depression/suicidal/deliberate self-harm,Mental Health,silver,
atv accident. fell off the back while driver is doing a wheelie. hit head and back. repeat questions and also c/o back pain.,552,Traumatic back/spine injury,Orthopedic,silver,
"Pt c/o abdominal pain with distension, difficulty breathing because of abdominal girth, and generalized pain that began <DATE_TIME>",263,Abdominal mass/distention,Gastrointestinal,silver,
"pt BIB lifemed pt reports that he has been ""swollen since <DATE_TIME>"". pt reports that the swelling in his belly and bilateral lower extremities is new. pt denies etoh use since <DATE_TIME> <DATE_TIME>. pt usess canabis regularly",9,"Edema, generalized",Cardiovascular,silver,
"Ref. for new dx cirrhosis, f/u med complience, need for therapeutic paracentesis and compliance with H pylori tx regimen, req. by <PERSON>, <LOCATION>",863,Abnormal lab values,General and Minor,silver,
Pt states onset of bright red rectal bleeding <DATE_TIME>. Pt states was dc from Hospital <DATE_TIME>. Tx for liver failure and H. Pylori.,260,Blood in stool/melena,Gastrointestinal,silver,
"was sent to <LOCATION> related to abdominal swelling and pain. Dx cirrhosis, aceities, was drained. Had another scheldued but was sent home. No bowel movement in <DATE_TIME>",263,Abdominal mass/distention,Gastrointestinal,silver,
"Pt transferred from <LOCATION> for eval of SBO , pt with hx of cirrhosis, no NGT present on arrival, per report minimal output prior to removal",251,Abdominal pain,Gastrointestinal,rule,BOWEL_OBSTRUCTION
Follow up abd pain,251,Abdominal pain,Gastrointestinal,silver,
"ref. for Hyponatremia, req. by <PERSON>, ANP",863,Abnormal lab values,General and Minor,silver,
FV - SBO and midline wound,251,Abdominal pain,Gastrointestinal,rule,BOWEL_OBSTRUCTION
"Self Ref- Med Review, Last seen <PERSON>",861,Prescription/medication request,General and Minor,silver,
"Hx of liver failure, <DATE_TIME> AMS",401,Altered level of consciousness,Neurologic,silver,
"FV decompensated cirrhosis, D/C from <LOCATION> Regional",865,Post-operative complications,General and Minor,silver,
"Pt had fall <DATE_TIME> with lower back pain, states ammonia is high and 'feels drunk'. Has been taking lactulose with less stool output. BIB brother <PERSON>.",551,Back pain,Orthopedic,silver,
not feeling good,866,Minor complaints NOS,General and Minor,silver,
Unresponsive,401,Altered level of consciousness,Neurologic,silver,
"(Ref) ""follow up cirrhosis secondary to primary sclerosing cholangitis. Hos 1/<DATE_TIME>, twice 2/<DATE_TIME> and <DATE_TIME>, Schippers, <PERSON>, DO",251,Abdominal pain,Gastrointestinal,rule,CHOLECYSTITIS
f/u after d/c from <LOCATION> hopsital,865,Post-operative complications,General and Minor,silver,
"pt brought in by uncle, stated pt is more confused than normal",402,Confusion,Neurologic,silver,
"arrived via EMS with decreased LOC,",401,Altered level of consciousness,Neurologic,silver,
BIB guardian for SBO and encephalitis. PT sedateed no response when moving him to bed from stretcher. He was given ativan enroute bc he was pulling at his NG tube.,251,Abdominal pain,Gastrointestinal,rule,BOWEL_OBSTRUCTION
blood in urine.,302,Hematuria,Genitourinary,silver,
"BIBA Guardian from <LOCATION> for hematuria. Pt traumatically pulled his <PERSON> out <DATE_TIME> but started having significant bleeding from meatus <DATE_TIME>. TXA, vit K and 1 unti PRBCs given in <LOCATION>- <PERSON> also inserted to help stop bleeding.",302,Hematuria,Genitourinary,silver,
"Trial of void, s/p trauma from <PERSON>",865,Post-operative complications,General and Minor,rule,POST_OP
Patinet reports <PERSON> catheter stopped draining <DATE_TIME> PTA.,306,Urinary retention,Genitourinary,silver,
pt reports recent catheter removal and increased pain and swelling to testicle. pt wants to check on testicle swelling before going back to <LOCATION> which is scheduled for <DATE_TIME>. <PERSON> has question about cyst on ear.,305,Scrotal pain and/or swelling,Genitourinary,silver,
"fv hernia, seen in <LOCATION>",256,Groin pain/mass,Gastrointestinal,silver,
"seen in <PERSON> thsi <DATE_TIME>, says testicle swollen, was medivac from <PERSON>, staying with friend ,",305,Scrotal pain and/or swelling,Genitourinary,silver,
<DATE_TIME> pregnant threw up blood,259,Vomiting blood,Gastrointestinal,silver,
1) strep throat 2) other cause of vomiting or diarrhea 3) mental health emergency: suicidal ideation,351,Depression/suicidal/deliberate self-harm,Mental Health,rule,SUICIDAL
"Abdominal pain, <DATE_TIME> pregrnant",251,Abdominal pain,Gastrointestinal,silver,
alert happy,866,Minor complaints NOS,General and Minor,silver,
Return Prenatal <DATE_TIME> GTT,457,"Pregnancy issues, <20 weeks",OB/GYN,silver,
pt brought in by medevac for alcohol withdrawl. A&O x 4.,753,Substance withdrawal,Substance Misuse,silver,
mental health emergency,351,Depression/suicidal/deliberate self-harm,Mental Health,silver,
<DATE_TIME> attempted suiside by hanging.,351,Depression/suicidal/deliberate self-harm,Mental Health,silver,
pt brought in by ems. was found hanging and was cut down. pt has etoh on board.,351,Depression/suicidal/deliberate self-harm,Mental Health,silver,
"Medivac from <LOCATION> for suicide attempt, ETOH intox",351,Depression/suicidal/deliberate self-harm,Mental Health,rule,SUICIDAL
4 wheeler accident,802,Major trauma—blunt,Trauma,silver,
20yr old male with cut on left knee,704,Laceration/puncture,Skin,silver,
Recheck Cellulitis worse,709,Localized swelling/redness,Skin,rule,LOCALIZED_INFECTION
Recheck Celulitis,710,Wound check,Skin,silver,
Recheck Cellulitis Worse,709,Localized swelling/redness,Skin,rule,LOCALIZED_INFECTION
3rd Recheck for Cellulitis,709,Localized swelling/redness,Skin,rule,LOCALIZED_INFECTION
pt knelt down on a screw with left knee. was seen in clinic and placed on abx. pt is now worse after <DATE_TIME> of abx.,710,Wound check,Skin,silver,
<DATE_TIME> male here for recheck for left leg cellulitis,709,Localized swelling/redness,Skin,rule,LOCALIZED_INFECTION
"Cellulitis, follow up with cellulitis to left leg",709,Localized swelling/redness,Skin,rule,LOCALIZED_INFECTION
20F possible broken hip to right and possible broken left upper arm from atv accident fell off cliff thats about 20 feet high,802,Major trauma—blunt,Trauma,silver,
ATV accident. r/o pelvic fracture. BIB guardian,802,Major trauma—blunt,Trauma,silver,
trauma alert,802,Major trauma—blunt,Trauma,silver,
F/U Pelvic Ring injury,865,Post-operative complications,General and Minor,silver,
"Pt arrives with report of being <DATE_TIME> pregnant with abdomnial pain and vaginal bleeding. Pt states, ""I've goe through 4 pads since <DATE_TIME>"". <PERSON> noted to be in WC and reports pelvis <DATE_TIME>. AOx4",455,Vaginal bleed,OB/GYN,silver,
<NRP> follow up,866,Minor complaints NOS,General and Minor,silver,
MVA - right hip pain,802,Major trauma—blunt,Trauma,rule,MAJOR_TRAUMA_BLUNT
tipped his Honda over (ATV) and it landed on him and he has R hip pain.,802,Major trauma—blunt,Trauma,silver,
<DATE_TIME> male with no movement in the left arm and leg,409,Extremity weakness/symptoms of CVA,Neurologic,silver,
"Authorized in from <LOCATION> with Guardian, At <DATE_TIME> developed left arm/leg weakness with numbness lasting <DATE_TIME>, then again in clinic lasting <DATE_TIME>, then again with guardian. no symptoms at present. FSBS 90",409,Extremity weakness/symptoms of CVA,Neurologic,silver,
BIB guardian from <LOCATION> for weakness to LLE and LUE. AOx4. GCS 15. CINN neg at time of arrival to <PERSON>. resp even and unlabored. answering questions appropriately.,409,Extremity weakness/symptoms of CVA,Neurologic,silver,
VTC visit with <PERSON> <PERSON>,866,Minor complaints NOS,General and Minor,silver,
acute abdominal pain in pregnancy <DATE_TIME>,457,"Pregnancy issues, <20 weeks",OB/GYN,silver,
having acute abdominal pain in pregnancy EDD <DATE_TIME> <DATE_TIME>,457,"Pregnancy issues, <20 weeks",OB/GYN,silver,
<PERSON> <DATE_TIME> pregenant,457,"Pregnancy issues, <20 weeks",OB/GYN,silver,
ER F/U 13 <DATE_TIME>,866,Minor complaints NOS,General and Minor,silver,
RPNV 15 <DATE_TIME>,866,Minor complaints NOS,General and Minor,silver,
vomiting <DATE_TIME>. <DATE_TIME> gestation,257,Nausea and/or vomiting,Gastrointestinal,silver,
"Fainting, blacking out, seizing",405,Seizure,Neurologic,silver,
Authorized in from <LOCATION> with Guardian related to possible seizure activity vs behavorial issues. <DATE_TIME> pregnant,405,Seizure,Neurologic,silver,
PEC,999,Unknown,General and Minor,silver,
"snow machine accident <DATE_TIME> PTA with injury to L spine, and sacral area, small lac to right hand, bleeding controlled, abrasion to right forearm.",552,Traumatic back/spine injury,Orthopedic,silver,
"F/U - L1 fx in TLSO, serial imaging planned, pt to f/u in NSGY prior to traveling home, <LOCATION> local pending PT clx.",859,Imaging tests,General and Minor,silver,
"WWE, place IUD",861,Prescription/medication request,General and Minor,silver,
drank hand sanitizer and was telling others he was not coming back from the tundra.,351,Depression/suicidal/deliberate self-harm,Mental Health,silver,
Trauma 2 - see trauma flow sheet,802,Major trauma—blunt,Trauma,silver,
VTC FV DCM,999,Unknown,General and Minor,silver,
was awakened from slumber with bilateral arm pain. left worse than the right. sharp in nature.,554,Upper extremity pain,Orthopedic,silver,
<LOCATION> to admit with cardiology consult. BIB ALS air. <PERSON> for decompensated cardiomyopathy,3,Chest pain—cardiac features,Cardiovascular,silver,
follow-up hospital discharge,865,Post-operative complications,General and Minor,silver,
Lab results,863,Abnormal lab values,General and Minor,silver,
"<DATE_TIME> male took Metronidazole and omeprazol, doesn't know how much.",752,Overdose ingestion,Substance Misuse,silver,
Poisoning or overdose by mouth with drug or medicine,752,Overdose ingestion,Substance Misuse,rule,OVERDOSE
pt took 15g flagyl and 90 omeprazol.,752,Overdose ingestion,Substance Misuse,silver,
"PT PRESENTS TO <PERSON> VIA EMS FROM HOME WITH ETOH, APNEA AND PANIC ATTACKS",352,Anxiety/situational crisis,Mental Health,rule,ANXIETY
"Abdomen pain, n/v",251,Abdominal pain,Gastrointestinal,silver,
"BIBAir from <LOCATION> c/o N/V/Abd pn x <DATE_TIME>. Dx incarcerated umbilical hernia. RUE swollen from infiltrated CT contrast. Confused from significant admin of <PERSON>, Haldol, Ativan.",251,Abdominal pain,Gastrointestinal,silver,
"FV: s/p ex lap, sbr, vhr.",865,Post-operative complications,General and Minor,rule,POST_OP
"fever, right shoulder pain",852,Fever,General and Minor,silver,
abdom pain,251,Abdominal pain,Gastrointestinal,silver,
severe lower abdominal pain,251,Abdominal pain,Gastrointestinal,silver,
abdominal pain follow up,251,Abdominal pain,Gastrointestinal,silver,
<PERSON> pain not resolved,866,Minor complaints NOS,General and Minor,silver,
"LLQ abd pain x <DATE_TIME>, previously seen, constant squeezing pain, denied N/V/D, Last BM this am without complaint per pt",251,Abdominal pain,Gastrointestinal,silver,
follow up abdom. pain,251,Abdominal pain,Gastrointestinal,silver,
"Pt awoke <DATE_TIME> with Lt LQ abdominal pain. Pt reports pain as constant. Pt denies N/V/D. Pt reports last normal BM <DATE_TIME>. Skin warm, dry, normal color. Resp even, unlabored. Pt took Hyoscaymine this am",251,Abdominal pain,Gastrointestinal,silver,
Prescription,861,Prescription/medication request,General and Minor,silver,
vitals for home visit,866,Minor complaints NOS,General and Minor,silver,
Authorized in with Guardian from <LOCATION>. <DATE_TIME> developed slurred <PERSON> and difficulty ambulating (off balance). denies pain. <PERSON> states has returned to baseline FSBS 121,406,Gait disturbance/ataxia,Neurologic,silver,
bp monitoring,6,Hypertension,Cardiovascular,silver,
Vitals for Provider,866,Minor complaints NOS,General and Minor,silver,
"abdominal pain, cannot keep anything down, fever, soft ball size lump to stomach",263,Abdominal mass/distention,Gastrointestinal,silver,
"<PERSON> pain, fever",866,Minor complaints NOS,General and Minor,silver,
Pt. transfer in for Stomach bezoar. Pt. has had this 3 times now. NAD. Resiting in hall w/o difficulty.,265,Oral/esophageal foreign body,Gastrointestinal,silver,
FV - bezoar,265,Oral/esophageal foreign body,Gastrointestinal,silver,
drainage and redness and sl firm,709,Localized swelling/redness,Skin,silver,
Bleeding with pregnancy,457,"Pregnancy issues, <20 weeks",OB/GYN,silver,
Pt BIB Medivac from <LOCATION> for miscarriage and vaginal bleeding that started <DATE_TIME>. <PERSON> given 1 unit PRBC in flight. Resting calmly on arrival. Minimal vaginal bleeding at this time.,457,"Pregnancy issues, <20 weeks",OB/GYN,silver,
post op f/u,865,Post-operative complications,General and Minor,rule,POST_OP
Phone visit-consult for recurrent loss,359,Concern for patient's welfare,Mental Health,silver,
"Authorized in from <LOCATION>, related to D&C between <DATE_TIME>. Complaints of LLQ pain radiading into the back with dysuria. No bowel movement x <DATE_TIME>. denies N/V",256,Groin pain/mass,Gastrointestinal,silver,
Pt states she has lost her medications and needs refills. Pt recently moved into patient housing and left the bag at a local hotel. Pt is worried about her seizure medications.,861,Prescription/medication request,General and Minor,silver,
"c/o anxiety, started <DATE_TIME>, denies ETOH, drug use, SI, crying in triage. Appears intoxicated Breathing unlabored. NAD noted",352,Anxiety/situational crisis,Mental Health,rule,ANXIETY
Follow up Hospital Discharge,865,Post-operative complications,General and Minor,silver,
Extremem Cramping,455,Vaginal bleed,OB/GYN,silver,
possible seizure activity,405,Seizure,Neurologic,silver,
<DATE_TIME> discharge follow up visit,865,Post-operative complications,General and Minor,silver,
f/u inpatient d/c,865,Post-operative complications,General and Minor,silver,
Reports sent from <LOCATION> for Abnormal EKG; pt reported near-syncopal episode earlier today; denied complaint at this time,8,Syncope/pre-syncope,Cardiovascular,silver,
"brought by medivac, fall with injury to right rib cage",804,Isolated chest trauma—blunt,Trauma,silver,
"Medevac from <LOCATION>, sp GLF, right rib fx 9-11, small pneumo. See Trauma Flow Sheet",804,Isolated chest trauma—blunt,Trauma,silver,
: FV: Pyloric stenosis,868,Congenital problem in children,General and Minor,silver,
"Metformin overdose, suicide attempt, suicidal ideation",351,Depression/suicidal/deliberate self-harm,Mental Health,rule,SUICIDAL
pt brought in by ambulance with epigastric and left flank pain. states vomited 3 times <DATE_TIME>.,251,Abdominal pain,Gastrointestinal,silver,
refused to answer. was told by police officer she is here for SI.,351,Depression/suicidal/deliberate self-harm,Mental Health,silver,
26 y/o female was assaulted <DATE_TIME>. pt was brought in by VPSO. pt was hit and kicked multiple times in the head,407,Head injury,Neurologic,silver,
head injury while being assaulted ETOH intoxication,407,Head injury,Neurologic,silver,
Nexplanon Removal and Insertion,861,Prescription/medication request,General and Minor,silver,
"pt assaulted by her boy friend <PERSON>. She denies any other injury, other than the bite mark to her face. boyfriend had called the phone and said she wwas being raped by <PERSON> family and beat up.. however the pt says she was only bit and ran to her u",701,Bite,Skin,silver,
laceration to the face,704,Laceration/puncture,Skin,silver,
"Authorized in from <LOCATION> with guardian related to an assault, laceration to left facial area <DATE_TIME>. Troopers notified",704,Laceration/puncture,Skin,silver,
"pt p/w human bite to left side of face. flown from village to be evaluated by ENT and then to OR. pt c/o pain, dressing in place.",701,Bite,Skin,silver,
FV facial laceration,704,Laceration/puncture,Skin,silver,
"Pt would like a wound checked on the left angle of jaw. Open dime sized wound with eschar visable. No redness, no swelling. Pt is unclear on history of wound.",710,Wound check,Skin,silver,
PP incision check,710,Wound check,Skin,silver,
"<DATE_TIME> C then on <DATE_TIME> after getting from bed, bleeding from wound, now increaed pain with clear/yellow drainage",865,Post-operative complications,General and Minor,silver,
Ceaserean/Section wound,865,Post-operative complications,General and Minor,silver,
"C on <DATE_TIME>, then <DATE_TIME> after getting out of bed, increased pain and bleeding from site. On <DATE_TIME> pain increased with yellow discharge",865,Post-operative complications,General and Minor,silver,
"Authorized in from <LOCATION>, wound vac placed <DATE_TIME>, was to be removed <DATE_TIME>, here for follow-up",865,Post-operative complications,General and Minor,silver,
other wound: wounds 4,710,Wound check,Skin,silver,
<DATE_TIME> female recheck c section site,710,Wound check,Skin,silver,
"pt took <PHONE_NUMBER>mg motrin and <PHONE_NUMBER>mg paxil approx 1.5 hrs prior to arriving. pt comes in with his mom. states ""im tire of who i am"". pt cooperative and soft spoken. no pain n/v at this time.",351,Depression/suicidal/deliberate self-harm,Mental Health,silver,
"sno machine accident <DATE_TIME> injury to left leg, pain in his upper back",802,Major trauma—blunt,Trauma,silver,
left tib fib fracture,557,Lower extremity injury,Orthopedic,silver,
L-ankle pain,555,Lower extremity pain,Orthopedic,silver,
Bladder Cancer,866,Minor complaints NOS,General and Minor,silver,
BCG for bladder cancer,866,Minor complaints NOS,General and Minor,silver,
Gastrointestinal Bleed - Severe Dehyrdation,259,Vomiting blood,Gastrointestinal,silver,
"911 call 68 yo male chief complaint of weak and dizzy, black diarrhea",260,Blood in stool/melena,Gastrointestinal,silver,
f/u IP GIB,260,Blood in stool/melena,Gastrointestinal,rule,GI_BLEED
renal cyst,866,Minor complaints NOS,General and Minor,silver,
"BIB Guardian flight from <LOCATION>. Village clinic HGB 4.9.--> 1 unit PRBC --> 5.1 -->Gave 1 more unit PRBCs. <PERSON> episode in clinic. 1 emesis, bright red, vomit, melana <DATE_TIME>.",259,Vomiting blood,Gastrointestinal,silver,
"Cough, weakness",7,General weakness,Cardiovascular,silver,
"Brought in my Guardian Flight from <LOCATION>. Hx of Bladder cancer with increasing abdominal pain, fatigue, and nasuea. Arrived to <LOCATION> with a hemoglobin of 5. 2 Units PRBC's given, and repeat 9.9. Patient arrives A&Ox4, calm and appropriate.",864,Pallor/anemia,General and Minor,silver,
Eval for endo concurrent with Uro procedure,855,Direct referral for consultation,General and Minor,silver,
cystosocpy bladde cancer,855,Direct referral for consultation,General and Minor,silver,
bladder cancer ua/cx,855,Direct referral for consultation,General and Minor,silver,
PreOP - sigmoid colon resection,855,Direct referral for consultation,General and Minor,silver,
"s/p diiverting sigmoid colostomy, cystoscopy with ureteral",865,Post-operative complications,General and Minor,rule,POST_OP
NP Evaluation for lung noduels (largest RLL),855,Direct referral for consultation,General and Minor,silver,
Sent from pulmonology for left leg swelling and concern for DVT. Pt denies pain to left leg. Noted worsening swelling <DATE_TIME>. Denies chest pain and SOB. Does not take blood thinners. Had a fall <DATE_TIME> while getting out of car. No LOC,555,Lower extremity pain,Orthopedic,rule,DVT
bag is loosse and leaking,865,Post-operative complications,General and Minor,silver,
told mother she was having si thoughts and had taken pills. pt denies to medical the ingestion of said substances,752,Overdose ingestion,Substance Misuse,rule,OVERDOSE
took <DATE_TIME> of Tylenol in <LOCATION> attempt,752,Overdose ingestion,Substance Misuse,silver,
"39 weeker, bleeding",458,"Pregnancy issues, >20 weeks",OB/GYN,silver,
HA and N/V,404,Headache,Neurologic,silver,
<DATE_TIME> Post Partum headache that gets better when lays down.,404,Headache,Neurologic,silver,
"BIB lifemed, from <PERSON>, pt arrived to the <LOCATION> <PERSON> was Having a ""feeling"" in the left, Trop levels <DATE_TIME>. pt A&OX4 NAD, speaking in full sentences. Ambulated to the bed, denies pain, SOB.",866,Minor complaints NOS,General and Minor,silver,
states upper left chest feeling different and sometimes happens when his blood pressure is elevated . pt fells better after triage with elevated bp at triage then lower bp after triage,6,Hypertension,Cardiovascular,silver,
Followup,866,Minor complaints NOS,General and Minor,silver,
VTC FV NICM; vital review,866,Minor complaints NOS,General and Minor,silver,
Heart blockage,3,Chest pain—cardiac features,Cardiovascular,silver,
"Transfer for complete heart block. From <LOCATION>. Pt. felt more tired <DATE_TIME>, had cardilogy consult. Pt. found to be in heart block. A&OX4",3,Chest pain—cardiac features,Cardiovascular,silver,
83 yo M here referred after hospital admittion for decreased VA OD. Pt reports VA OD has been down <DATE_TIME>. OS VA was losing VA for <DATE_TIME> until it went blind. No drops.,752,Overdose ingestion,Substance Misuse,rule,OVERDOSE
F/U hosp discharge NICM <DATE_TIME>.,866,Minor complaints NOS,General and Minor,silver,
"cough, shortness of breath",651,Shortness of breath,Respiratory,silver,
"BIB Guardian from Kozebue , elevated trop and possible Chole",3,Chest pain—cardiac features,Cardiovascular,silver,
"Assault, has taken a number of prenatal vit and gabapentin..",752,Overdose ingestion,Substance Misuse,silver,
right leg injury,557,Lower extremity injury,Orthopedic,silver,
"ATV Accident <DATE_TIME>, moderate laceration and possibly fracture of his lower right leg",557,Lower extremity injury,Orthopedic,silver,
ATV accident. See paper charting.,802,Major trauma—blunt,Trauma,silver,
"he said he doesn't want to be here any more, he had thoughts of hurting himself, and he said he had a plan, he was brought to clinic by a village police officer",351,Depression/suicidal/deliberate self-harm,Mental Health,silver,
Please complete,866,Minor complaints NOS,General and Minor,silver,
Left hip pain,555,Lower extremity pain,Orthopedic,silver,
"Patient was driving a dirt bike, He tried turning but he put too much gas in the engine and got off the road",802,Major trauma—blunt,Trauma,silver,
possible closed fracture left hip,555,Lower extremity pain,Orthopedic,silver,
Neck or Back Injury,552,Traumatic back/spine injury,Orthopedic,silver,
"58 YO Female CC: Back Pain, groaning in pain",551,Back pain,Orthopedic,silver,
altercation in village with friend. <PERSON> does NOT want <LOCATION> involved.,802,Major trauma—blunt,Trauma,silver,
other eyelid problem: eyelid 5: possible dry eyes,711,Other skin conditions,Skin,silver,
"58Y female woke up with dry eyes and nuvak on both sides, started <DATE_TIME>. blurry vision when she woke up, put warm rag an dit helped. no double vision. no eye/facial injury. was coughing but its ok now.",504,Visual disturbance,Ophthalmology,silver,
"58Y female still having eyelid problem bilat. itchy during <DATE_TIME> when she wakes up. was ween and given artificial eye drops. hurts during bedtime. hardly slept. +eyeball pain esp on the R side. little pain on the L eye too, inside of the eye. no inj",505,Eye pain,Ophthalmology,silver,
Eyelid2: blepharitis,711,Other skin conditions,Skin,silver,
<NRP> R Shoulder Scope,866,Minor complaints NOS,General and Minor,silver,
syncope episode <DATE_TIME> with reported chest pain,3,Chest pain—cardiac features,Cardiovascular,silver,
wound check.,710,Wound check,Skin,silver,
Authorized in from <LOCATION> with guardian related to intentional overdose of tylenol <DATE_TIME>. was given charcoal and mucomyst. has been depressed as of late,752,Overdose ingestion,Substance Misuse,rule,OVERDOSE
took overdose of abx <DATE_TIME> <PHONE_NUMBER> mg of keflex,752,Overdose ingestion,Substance Misuse,rule,OVERDOSE
arrived via EMS pulse and respoirations present SROC,999,Unknown,General and Minor,silver,
Follow-up Cardio & SCH d/c here with parents & <PERSON>. <PHONE_NUMBER>,855,Direct referral for consultation,General and Minor,silver,
SCH D/C F/U bib mom <PERSON> dad <PERSON><PHONE_NUMBER>,855,Direct referral for consultation,General and Minor,silver,
Recheck severe abdominal pain,251,Abdominal pain,Gastrointestinal,silver,
lower abdomen pain,251,Abdominal pain,Gastrointestinal,silver,
To triage via hospital w/<PERSON> from <LOCATION> for appy. Appears uncomfortable. Instructed NPO. <DATE_TIME> h/o abdominal pain. Has had vomiting. Walking hurts belly.,251,Abdominal pain,Gastrointestinal,silver,
F/V - Post op laparoscopic appendectomy <DATE_TIME>,865,Post-operative complications,General and Minor,rule,POST_OP
Pt ambulated into <PERSON> w/ steady gait c/o L. thigh pain x <DATE_TIME> L. lower leg swelling x <DATE_TIME>. Took ibuprofen <DATE_TIME> w/ no relief. Pt is on oral contraceptives. Pain <DATE_TIME>. NAD in triage.,10,Bilateral leg swelling/edema,Cardiovascular,silver,
"L-leg pain, calf pain",555,Lower extremity pain,Orthopedic,silver,
F/U Blood Clots,863,Abnormal lab values,General and Minor,silver,
BC options,861,Prescription/medication request,General and Minor,silver,
left calf pain,555,Lower extremity pain,Orthopedic,silver,
SI/,351,Depression/suicidal/deliberate self-harm,Mental Health,silver,
pt had 2 witnessed seizures in the village. hx of seizures.,405,Seizure,Neurologic,silver,
BIB guardian from <LOCATION> where he was found to be anemic with a rising trop. Pt transfused two units and transfered here for admit by <LOCATION>,864,Pallor/anemia,General and Minor,silver,
"bib guardian for status epilepticus from <LOCATION>. Pt combative, won't open eyes, not answering questions. Was given 4mg ativan IV and 1gm of keppra in the air.",405,Seizure,Neurologic,silver,
"BIB flight team from <LOCATION> after having ""multiple"" seizures in <LOCATION> and 1hr status seizure <DATE_TIME> in <LOCATION>. GCS 12 on arrival. Elevated trop.",405,Seizure,Neurologic,silver,
"brought via medivac for prolonged post ectal period after seizure, hypertensive",405,Seizure,Neurologic,silver,
fv epilepsy,405,Seizure,Neurologic,silver,
arrived by Medevac for abd/flank pain x <DATE_TIME> with fever; hypotensive in village,251,Abdominal pain,Gastrointestinal,silver,
continued lower abd pain now bilateral,251,Abdominal pain,Gastrointestinal,silver,
c/o back pain s/p mvc snowmachine vs. telephone pole.,865,Post-operative complications,General and Minor,rule,POST_OP
"bib ems, surg consult for L1 fx. alert calm even resps. denies neuro deficits at present.",552,Traumatic back/spine injury,Orthopedic,silver,
BLE edema,10,Bilateral leg swelling/edema,Cardiovascular,silver,
"F/U S/P Spinal Fusion, wound check",865,Post-operative complications,General and Minor,rule,POST_OP
F/U S/P Fusion,865,Post-operative complications,General and Minor,rule,POST_OP
purposely ingested tylenol overdose,752,Overdose ingestion,Substance Misuse,rule,OVERDOSE
"Frpm LTC, up W/O assist <DATE_TIME> and fell. injury to right hip",557,Lower extremity injury,Orthopedic,silver,
"med vac from <LOCATION> right hip fx. right leg shorter then left, external rotated, good cms to left and right feet, skin warm nd dry, breathing easy, placed on monitor.",557,Lower extremity injury,Orthopedic,rule,FEMUR_FRACTURE
"Long term staff report patient has had a fever <DATE_TIME>. Given tylenol 650 mg at 1600. Roomed to #5, oral temp is 100.4. Respiratory rate <DATE_TIME>, is not on oxygen.",852,Fever,General and Minor,silver,
brought over from LTC for shortness of breath,651,Shortness of breath,Respiratory,silver,
<PERSON> pain <DATE_TIME>,999,Unknown,General and Minor,silver,
pt states hyperventilated with cp then stopped while in <LOCATION>,654,Hyperventilation,Respiratory,silver,
Couldn't breathe good,651,Shortness of breath,Respiratory,silver,
immunization due,999,Unknown,General and Minor,silver,
WWE,999,Unknown,General and Minor,silver,
pt with chest pain with left arm weakness and tingling,3,Chest pain—cardiac features,Cardiovascular,silver,
BIB medic from <LOCATION> for <LOCATION> and elevated trop. Denies CP at this time. CO HA <DATE_TIME> bilat.,404,Headache,Neurologic,silver,
"f/u chest pain, had cath <DATE_TIME>; occ chest tightness; no other cardiac complaints- meds not with pt",3,Chest pain—cardiac features,Cardiovascular,silver,
at <DATE_TIME> took a number of tylenol. unknown amt possibly 100 or less. unclear.,752,Overdose ingestion,Substance Misuse,silver,
hit windshiled on snow machine. right nostil cut in two places.,155,Nasal trauma,ENT - Nose,silver,
<NRP> booster shot due,851,Exposure to communicable disease,General and Minor,silver,
"wrecked atv, 40 mph. left hip and head inpact. no LOC. moves all extremities.",802,Major trauma—blunt,Trauma,silver,
Musculoskeletal Pain Possible Closed Fracture,556,Upper extremity injury,Orthopedic,silver,
Boke Left Arm,556,Upper extremity injury,Orthopedic,silver,
"authorized in for left arm deformity, same is splinted in a sugar tong, brisk cap refill distally",556,Upper extremity injury,Orthopedic,silver,
Eval L BBFA fx,556,Upper extremity injury,Orthopedic,silver,
ortho followup,859,Imaging tests,General and Minor,silver,
"12yo M LRQ pain since <DATE_TIME>, tylenol, warm pack and digize not working",251,Abdominal pain,Gastrointestinal,silver,
pt medevac in lower right abd pain with fever,251,Abdominal pain,Gastrointestinal,silver,
"BIBA from <LOCATION> for Appy, abd pain started <DATE_TIME>. Surgery at bedside upon arrival.",251,Abdominal pain,Gastrointestinal,silver,
"PT PRESENTS TO <PERSON> VIA MEDEVAC WITH ALTERED MENTAL STATUS WITH NAUSEA, VOMITING, AND DIARRHEA THAT STARTED <DATE_TIME>",401,Altered level of consciousness,Neurologic,silver,
PAMC DC,866,Minor complaints NOS,General and Minor,silver,
hypopituitarim,866,Minor complaints NOS,General and Minor,silver,
"Authorized in from <LOCATION>, for <DATE_TIME> now LLQ pain (sharp) radiating into the back, symptoms increased <DATE_TIME> with nausea. EED <DATE_TIME>",251,Abdominal pain,Gastrointestinal,silver,
Transport from <LOCATION> for left lower abdominal pain,251,Abdominal pain,Gastrointestinal,silver,
"f/u <PERSON>; <DATE_TIME> pregnant; no c/o CP, SOB, dizziness, occ palps, no edema in <LOCATION>",457,"Pregnancy issues, <20 weeks",OB/GYN,silver,
pt arrived by ems. pain lower abd. white thick odorless painless discharge. chronic pain increased with pregnancy.,457,"Pregnancy issues, <20 weeks",OB/GYN,silver,
F/U ACUTE CARE 18 <DATE_TIME>,866,Minor complaints NOS,General and Minor,silver,
recheck visit for IV fluids and blood draw,866,Minor complaints NOS,General and Minor,silver,
28 yof here for IV and labs,866,Minor complaints NOS,General and Minor,silver,
"pt here with c/o rt upper quad pain with tenderness to same, radiating to lower back, denies nay urinary issues, pt reports she is g-2,p-1 18wks and <DATE_TIME>",251,Abdominal pain,Gastrointestinal,silver,
"Authorized in from <LOCATION>, seen in ed <DATE_TIME> related to abdominal pain, <DATE_TIME> pregnant. Here for a follow up",457,"Pregnancy issues, <20 weeks",OB/GYN,silver,
"Authorized in from <LOCATION>, seen in ed <DATE_TIME> related to abdominal pain, <DATE_TIME> pregnant. Here for a follow up",251,Abdominal pain,Gastrointestinal,silver,
<PERSON> -19 test,999,Unknown,General and Minor,silver,
28 yof here for covid-19 test,851,Exposure to communicable disease,General and Minor,rule,COVID_EXPOSURE
right lower quadrant pain;,251,Abdominal pain,Gastrointestinal,silver,
Has lower right abdominal pain thats been there all day <DATE_TIME> pain scale,251,Abdominal pain,Gastrointestinal,silver,
Is here for a recheck visit on her Lower R abdominal pain,251,Abdominal pain,Gastrointestinal,silver,
Recheck other digestive system problem Digestive 4,251,Abdominal pain,Gastrointestinal,silver,
Authorized in fron <LOCATION> <DATE_TIME> related to RLQ pain. seen in er <DATE_TIME>. pain has increased,251,Abdominal pain,Gastrointestinal,silver,
29 yof here for body ache and fever,852,Fever,General and Minor,silver,
possible flu,154,URTI complaints,ENT - Nose,silver,
29 yof here for ear ache,51,Earache,ENT - Ears,silver,
otits media with effusion both ears,51,Earache,ENT - Ears,silver,
<PERSON> pain worse than earlier,251,Abdominal pain,Gastrointestinal,silver,
left side flank and back pain and upper quadrant pain,301,Flank pain,Genitourinary,silver,
HEre for RUQ pain and pain where incision was for C-section <DATE_TIME> Patient called back here at <DATE_TIME> saying shes in more pain now.,251,Abdominal pain,Gastrointestinal,silver,
Other Abdominal pain,251,Abdominal pain,Gastrointestinal,silver,
Right side and <PERSON> pain,251,Abdominal pain,Gastrointestinal,silver,
follow up from ER visit <DATE_TIME>,866,Minor complaints NOS,General and Minor,silver,
"29YF was seen earlier for Gerd, given GI cocktail. Now she is complaing of stomach pain. R and L upper quadrant under both rib cage. +nausea. #9 onpain scale. was seen last in <PERSON> <DATE_TIME> for same problem. threw up after she ate mush.",251,Abdominal pain,Gastrointestinal,silver,
Digestive 3: upper abdominal pain: on-going,251,Abdominal pain,Gastrointestinal,silver,
29YF started having chest pain at <DATE_TIME>. pain feel sharp and burns. was feeding the baby when it happened. was feeling like heartburn. took tums and ranitidine. points to center of chest. goes to L side arm. #7 on pain scale. +SOB here/ther,3,Chest pain—cardiac features,Cardiovascular,silver,
Possible GERD: digestive 18,251,Abdominal pain,Gastrointestinal,silver,
29YF here for recheck stomach pain.,251,Abdominal pain,Gastrointestinal,silver,
recheck abdominal pain/GERD: no better/still the same,251,Abdominal pain,Gastrointestinal,silver,
<PERSON> Hip Pain,555,Lower extremity pain,Orthopedic,silver,
"Has upper quadrant abdominal pain, and mid quradrant pain that wraps around back",251,Abdominal pain,Gastrointestinal,silver,
Upper Abdominal (epigastric) pain,251,Abdominal pain,Gastrointestinal,silver,
ABD pain this am,251,Abdominal pain,Gastrointestinal,silver,
L hip injection,866,Minor complaints NOS,General and Minor,silver,
<PERSON>. denies n/v/d or injury. denies bowel/bladder concerns alert calm even resps.,866,Minor complaints NOS,General and Minor,silver,
Muscle strain,866,Minor complaints NOS,General and Minor,silver,
R Leg Pian,555,Lower extremity pain,Orthopedic,silver,
recheck: acute abdominal pain on-going.,251,Abdominal pain,Gastrointestinal,silver,
"29 yF was seen <DATE_TIME> for stomach pains, internal medicine appointment is not sure when for this on-going problem. not vomiting <DATE_TIME>.",251,Abdominal pain,Gastrointestinal,silver,
After her appointment at <DATE_TIME> she started feeling sick to her stomach. Has dry heaving that causes abdominal pain.,257,Nausea and/or vomiting,Gastrointestinal,silver,
Other cause of Abdominal pain and vomiting,257,Nausea and/or vomiting,Gastrointestinal,silver,
Here for abdominal pain with vomiting was seen around <DATE_TIME> and was treated with GI cocktail and 1 zofran,257,Nausea and/or vomiting,Gastrointestinal,silver,
<DATE_TIME> female came in for severe vomitting and severe cramping to abdomen.,257,Nausea and/or vomiting,Gastrointestinal,silver,
<DATE_TIME> female came in for severe vomiting,257,Nausea and/or vomiting,Gastrointestinal,silver,
Authorized in from <LOCATION> with Guardian related to generalized abdominal cramping with nausea. Hx of ovarian cyst. thinks could be pregnant,257,Nausea and/or vomiting,Gastrointestinal,silver,
Emergency Room f/u,866,Minor complaints NOS,General and Minor,silver,
crashed with motorcycle,802,Major trauma—blunt,Trauma,silver,
medevac in for knee pain after a honda accident,555,Lower extremity pain,Orthopedic,silver,
"vomiting, tired, woke up very sick",257,Nausea and/or vomiting,Gastrointestinal,silver,
Authorized in from <LOCATION> with Guardian. periumbilical abdominal pain with N/V onset at <DATE_TIME>. given 10mg zofran in <LOCATION>. 50mcg fentanyl and 25 phenergan by guardian. <PERSON> <DATE_TIME>,257,Nausea and/or vomiting,Gastrointestinal,silver,
recheck bad cold,154,URTI complaints,ENT - Nose,silver,
"Sick, getting worse",154,URTI complaints,ENT - Nose,silver,
wound upper left lip,704,Laceration/puncture,Skin,silver,
"Male <DATE_TIME>, laceration on upper lip",704,Laceration/puncture,Skin,silver,
lip laceration,704,Laceration/puncture,Skin,silver,
<PERSON> has a boil near his privates aboout the size of a golf ball,709,Localized swelling/redness,Skin,silver,
Acute Moderate Sellulitis Left Groin Area Fever,709,Localized swelling/redness,Skin,silver,
"<PERSON> was evaluated on <DATE_TIME> for a Cellulitis in his left groin, he is here because despite the <PERSON>, Ibuprofen and Tylenol he is in excrutiating pain with increased area redness and swelling",709,Localized swelling/redness,Skin,rule,LOCALIZED_INFECTION
Follow Up Cellulitis Left Groin Worsened,709,Localized swelling/redness,Skin,rule,LOCALIZED_INFECTION
"cellulitis, abscess Left groin",709,Localized swelling/redness,Skin,rule,LOCALIZED_INFECTION
"<PERSON> was released from inpatient on <DATE_TIME> with instructions to return to clinic for dressing change <DATE_TIME> for <DATE_TIME> which includes Iodoform sterile gauze packing, last packed <DATE_TIME>",856,Dressing change,General and Minor,silver,
Recheck Left groin cellulitis Sterile dressing change,709,Localized swelling/redness,Skin,rule,LOCALIZED_INFECTION
Sterile Dressing Change - Iodoform Packing Left groin Cellulitis Acute High Blood Pressure,709,Localized swelling/redness,Skin,rule,LOCALIZED_INFECTION
<PERSON> has been,999,Unknown,General and Minor,silver,
Pt BIB Guardian from <LOCATION> D/T ATV accident. See trauama flow sheet,802,Major trauma—blunt,Trauma,silver,
<DATE_TIME> female came in after fourwheeler accident when friend was trying to race against others,802,Major trauma—blunt,Trauma,silver,
Severe Head injury minor abdominal injury laceration to the R leg Neck and back injury,407,Head injury,Neurologic,silver,
s:p debridement with wound vac,856,Dressing change,General and Minor,silver,
FV S/P debridement with wound vac,865,Post-operative complications,General and Minor,rule,POST_OP
malpostioned iud,860,Medical device problem,General and Minor,silver,
FV - Wound vac change right thigh,856,Dressing change,General and Minor,silver,
FV Debridement of right thigh wound,856,Dressing change,General and Minor,silver,
f/u R thigh wound,856,Dressing change,General and Minor,silver,
ER FV,852,Fever,General and Minor,silver,
"Pt BIB Air from <LOCATION> for abd pain which started since <DATE_TIME> associated w/ Nausea, dx of SBO, hx of congenital SBO sx at <DATE_TIME>. en route, 50 mcg fentanyl given at <DATE_TIME>, on arrival, ambulatory, AOX4, RA.",251,Abdominal pain,Gastrointestinal,rule,BOWEL_OBSTRUCTION
"Abdomen pain, n/v, loose stool",251,Abdominal pain,Gastrointestinal,silver,
Pt BIB guardian for RLQ abdominal pain. Pt reports onset of pain @ <DATE_TIME> <DATE_TIME>. NAD noted upon arrival. Dx of appendicitis at previous facility.,251,Abdominal pain,Gastrointestinal,silver,
FV lap appy,865,Post-operative complications,General and Minor,silver,
"very small open area to center of abd apron crease. NO drainage. Single skin thickness. Approx <DATE_TIME> inch long. No redness, tenderness, swelling, or odor",865,Post-operative complications,General and Minor,silver,
Post op pain,865,Post-operative complications,General and Minor,rule,POST_OP
"seizure activity <DATE_TIME>. upon arrival, able to ans questions. VSS. Mother at bedside.",405,Seizure,Neurologic,silver,
new onset of seizures,405,Seizure,Neurologic,silver,
"Authorized in from <LOCATION>, related to trip and fall while backpack was on.. Now complaints of mid upper back/neck area",552,Traumatic back/spine injury,Orthopedic,silver,
<DATE_TIME> male here for knee pin,555,Lower extremity pain,Orthopedic,silver,
<DATE_TIME> odl male with abdominal pain,251,Abdominal pain,Gastrointestinal,silver,
"<PERSON> pain x <DATE_TIME>, afebrile, decreased appeitite, reports nausea <DATE_TIME>",251,Abdominal pain,Gastrointestinal,silver,
Renal U/s,859,Imaging tests,General and Minor,silver,
F/u stomach pain,251,Abdominal pain,Gastrointestinal,silver,
finger injury,556,Upper extremity injury,Orthopedic,silver,
sob and chest pain started <DATE_TIME>,3,Chest pain—cardiac features,Cardiovascular,silver,
Having cold symptoms and cough causing patient to feel short of breath. Cold symptoms x <DATE_TIME>,653,Cough/congestion,Respiratory,silver,
fv pneumothorax,999,Unknown,General and Minor,silver,
follow up lungs,859,Imaging tests,General and Minor,silver,
Chest pain f/u collapsed lung.,3,Chest pain—cardiac features,Cardiovascular,silver,
Muscle Pain,555,Lower extremity pain,Orthopedic,silver,
F/U inpt,855,Direct referral for consultation,General and Minor,silver,
medical eval,855,Direct referral for consultation,General and Minor,silver,
"bib guardian from <LOCATION>. Found with AMS in a ""drug house"" Pt has slight left side facial droop with some left sided weakness.",409,Extremity weakness/symptoms of CVA,Neurologic,silver,
Ref: Follow up after admission for CNS vascuilitis with multiple infarcts,855,Direct referral for consultation,General and Minor,silver,
amb to triage. recently discharged from after having stroke like sx. c/o pain to lovenox injection site on abdomen. no bleeding noted. bruise present. FAST neg.,409,Extremity weakness/symptoms of CVA,Neurologic,rule,CVA_STROKE
"Authorized in from <LOCATION>, awoke <DATE_TIME> with a headache left sided facial numbness and right arm/lef weaqkness. symptoms have resolved. hx of past CVA",409,Extremity weakness/symptoms of CVA,Neurologic,rule,CVA_STROKE
Authorized in from <LOCATION> <DATE_TIME> related to neuro symptoms. here for a followup. awoke with a headache <DATE_TIME>,855,Direct referral for consultation,General and Minor,silver,
"arrived via ems / guardian, SVT converted to NSR after val/man",5,Palpitations/irregular heart beat,Cardiovascular,silver,
f/u ip,855,Direct referral for consultation,General and Minor,silver,
IUD insert,999,Unknown,General and Minor,silver,
"arrived by NSB Medevac for AMS, recent report of fever",401,Altered level of consciousness,Neurologic,silver,
seizure activity lasting approx 2 min <DATE_TIME>.,405,Seizure,Neurologic,silver,
VTC Endocarditis,999,Unknown,General and Minor,silver,
Medivac in for chest pain,3,Chest pain—cardiac features,Cardiovascular,silver,
scooter accident at <DATE_TIME>. skinned knee on right. superficial scratches. right knee has been seen for basket ball injury in <DATE_TIME>.,703,Abrasion,Skin,silver,
BIB gaurdian flight from for MVC on moped.,802,Major trauma—blunt,Trauma,silver,
F/U: s/p: Inpatient stay for Left Frontal Epidural Hematoma with non-displaced skull fracture,865,Post-operative complications,General and Minor,rule,POST_OP
Sport Physical,866,Minor complaints NOS,General and Minor,silver,
<PERSON> Intoxication,751,Substance misuse/intoxication,Substance Misuse,silver,
"32 yo female CC: intoxication alcohol drank alcohol for <DATE_TIME>, last drink <DATE_TIME>. <PERSON> family friend called on-call said she picked up 2 full trash bags of empty jugs of r&r and beer cans unable to perform full HX and exam",751,Substance misuse/intoxication,Substance Misuse,silver,
"Authorized in from <LOCATION> with Guardian. Drinking heavy for <DATE_TIME>, has been depressed, expressed thoughts of wanting to harm self. was given haldol 5mg and ativan 2 mg at 1500. title 47",351,Depression/suicidal/deliberate self-harm,Mental Health,silver,
"c/o lower abdomen pain x <DATE_TIME>, reports <DATE_TIME> sharp pain and vaginal spotting.",457,"Pregnancy issues, <20 weeks",OB/GYN,silver,
CC: ectopic pregnancy. Pt had <PERSON> pain and bloody vaginal discharge starting <DATE_TIME>. Pt doe snot know how far along she is in this pregnancy. Pt given 1 unit PRBCs before transport. No meds given during transport,457,"Pregnancy issues, <20 weeks",OB/GYN,silver,
incision check by <PERSON>,710,Wound check,Skin,silver,
<PERSON> pain all day. vomited 6 times. zofran at <DATE_TIME>. vomited once after zofran. took home covid and was neg,257,Nausea and/or vomiting,Gastrointestinal,silver,
"Pt c/o left ABD pain that has persisted and worsened since <PERSON> visit on <DATE_TIME>, despite home tylenol and ibuprofen; dx with adnexal mass that visit",256,Groin pain/mass,Gastrointestinal,silver,
right ovarian cyst,256,Groin pain/mass,Gastrointestinal,silver,
f/u after hospital d/c from,855,Direct referral for consultation,General and Minor,silver,
"Level One Pediatric Trauma alert, GSW to face. Intubated patient. See trauma flow sheet for all information.",801,Major trauma—penetrating,Trauma,rule,MAJOR_TRAUMA_PENETRATING
bib dad <PERSON> for f/u hosp d/c,855,Direct referral for consultation,General and Minor,silver,
PTSD bib dad <PERSON> <PHONE_NUMBER>,352,Anxiety/situational crisis,Mental Health,silver,
rash Bib dad <PERSON> <PHONE_NUMBER>,708,Rash,Skin,silver,
"f/u rash; parent declined the shots for today.(Menactra, HPV, Covid(1), <PERSON>)",708,Rash,Skin,silver,
SROM <PHONE_NUMBER> at <DATE_TIME>,458,"Pregnancy issues, >20 weeks",OB/GYN,silver,
Pt's mother reports bilateral eye redness and swelling. Pt gave birth on <DATE_TIME>.,506,"Red eye, discharge",Ophthalmology,silver,
feet swollen and painful history of diabetes,10,Bilateral leg swelling/edema,Cardiovascular,silver,
"BIBA fr <LOCATION> for bilateral frostbite to feet for <DATE_TIME>. pedal pulses identifiable by doppler only. pt states she is unable to walk. it unclear how frostbite occured. pt has multiple abnormal electrolytes, hx of etoh abuse pt altered to year",205,Hypothermia,Environmental,rule,HYPOTHERMIA
follow up dm foot care ? frostbite,205,Hypothermia,Environmental,rule,HYPOTHERMIA
right heel wound and nail care,710,Wound check,Skin,silver,
After blowing nose (possible assault) at 1200 developed right eye swelling and redness blurred vision,509,Periorbital swelling,Ophthalmology,silver,
"31 yo female medivaced from <PERSON> for right eye trauma, states she was ""sucker punched"" by her brother <DATE_TIME>, struck i right eye, no LOC, periorbital ecchymosis, diplopia.",510,Eye trauma,Ophthalmology,silver,
Right Orbital Fracture,407,Head injury,Neurologic,silver,
Check up,866,Minor complaints NOS,General and Minor,silver,
<DATE_TIME> female C/O 1st trimester bleeding,457,"Pregnancy issues, <20 weeks",OB/GYN,silver,
"Bleeding from vagina, <DATE_TIME> gestional pregnancy",458,"Pregnancy issues, >20 weeks",OB/GYN,silver,
"vaginal bleeding, <DATE_TIME> pregnant",458,"Pregnancy issues, >20 weeks",OB/GYN,silver,
phone call - post op follow up,865,Post-operative complications,General and Minor,rule,POST_OP
"Pt had a <LOCATION> <DATE_TIME> requring 2units of PRBCs. Was discharged <DATE_TIME> and presents <DATE_TIME> with back pain (low, middle, throbbing) and passed a golf ball sized clot vaginally. +Dizziness.",455,Vaginal bleed,OB/GYN,silver,
states she wants her blood checked.,863,Abnormal lab values,General and Minor,silver,
RPNV 30 <DATE_TIME>,999,Unknown,General and Minor,silver,
"abdominal pain, <DATE_TIME> preg",457,"Pregnancy issues, <20 weeks",OB/GYN,silver,
"<DATE_TIME> male, started getting sick <DATE_TIME>.",154,URTI complaints,ENT - Nose,silver,
influenza,154,URTI complaints,ENT - Nose,silver,
recheck bladder infection,307,UTI complaints,Genitourinary,silver,
"<DATE_TIME> male, still can't get enough air, would like to be on oxygen",651,Shortness of breath,Respiratory,silver,
"recheck, real bad now, high blood pressure, severe headache and stomach pain",6,Hypertension,Cardiovascular,silver,
severs short of breath Emergency 35,651,Shortness of breath,Respiratory,silver,
"real bad now, SOB and blood pressure, sever headache, stomach pain from being tired, sleeps <DATE_TIME>",651,Shortness of breath,Respiratory,silver,
"SOB X <DATE_TIME>, Hypertensive crisis. Brought in by medevac. <LOCATION>, coarse lung sounds with wheezing.",651,Shortness of breath,Respiratory,silver,
"Going in respiratory distress, sick, headache, chest pain, hard to breathe",651,Shortness of breath,Respiratory,silver,
sob off and on <DATE_TIME>.,651,Shortness of breath,Respiratory,silver,
"periumbilical pain, LLQ pain, COVID positive <DATE_TIME>, elevated blood pressure",251,Abdominal pain,Gastrointestinal,silver,
"Umbilical hernia, incarcerated, painful",251,Abdominal pain,Gastrointestinal,silver,
"peri-umbilical pain, LLQ pain, has diverticulitis and COVID",251,Abdominal pain,Gastrointestinal,silver,
"LLQ abdominal pain, peri-umbilical pain",251,Abdominal pain,Gastrointestinal,silver,
needs referral to ENT for hearling loss,53,Loss of hearing,ENT - Ears,silver,
"CP, right sided facial droop, HA",409,Extremity weakness/symptoms of CVA,Neurologic,silver,
"eval umbilical hernia, diverticulis",251,Abdominal pain,Gastrointestinal,silver,
f/u ct results,859,Imaging tests,General and Minor,silver,
"Dx with pneumonia <DATE_TIME>, sob has increased",651,Shortness of breath,Respiratory,silver,
"Pt <PERSON> from <LOCATION> d/t unresolved new onset SOB. Increased work of breathing noted, occasional cough, pt in tripod position. New diagnosis of metastatic lung cancer, hx of smoking, hx of TB in <DATE_TIME>.",651,Shortness of breath,Respiratory,silver,
"BIB Guardian flight from <LOCATION> for R pneumonia; also had runs of V-tach then A-fib RVR, improved w/<LOCATION> infusion, no longer running. CHF, COPD, tachypneic on arrival, alert, HOH. Neg Covid",999,Unknown,General and Minor,rule,CHF_UNKNOWN
F/up Hosp d/c,855,Direct referral for consultation,General and Minor,silver,
33 YO Female CC: elevated heart rate and chest pain,3,Chest pain—cardiac features,Cardiovascular,silver,
33 YO Female CC: <PERSON> and numb lips,410,Sensory loss/paresthesia,Neurologic,silver,
acute ETOH intoxication Dry Heaving,751,Substance misuse/intoxication,Substance Misuse,silver,
"From <LOCATION>, <DATE_TIME> fell landing face first, now HA dizziness and blurred vision with LOC",407,Head injury,Neurologic,silver,
c/o pain and being faint.,8,Syncope/pre-syncope,Cardiovascular,silver,
Seen in ed multiple times related to assault. Here for pain control,866,Minor complaints NOS,General and Minor,silver,
pt states her last drink was <DATE_TIME> and is now having withdrawals,753,Substance withdrawal,Substance Misuse,silver,
Authorized in from <LOCATION> with Guardian related to alcohol withdrawal with nausea/vomiting coffe ground in color. last drink was <DATE_TIME>. was given ativan/phenergan in clinic with some relief,753,Substance withdrawal,Substance Misuse,rule,SUBSTANCE_WITHDRAWAL
etoh and gi bleed.,260,Blood in stool/melena,Gastrointestinal,rule,GI_BLEED
PAP,866,Minor complaints NOS,General and Minor,silver,
Left knee pain after ATV accident <DATE_TIME>. ER provider note says that she stated she was kicked,557,Lower extremity injury,Orthopedic,silver,
alcohol intox.,751,Substance misuse/intoxication,Substance Misuse,silver,
ETOH Withdrawal,753,Substance withdrawal,Substance Misuse,rule,SUBSTANCE_WITHDRAWAL
"ETOH, NV",751,Substance misuse/intoxication,Substance Misuse,silver,
Hallucinations; withdrawals; Nausea,353,Hallucinations/delusions,Mental Health,rule,PSYCHOSIS
pt states she has drank for <DATE_TIME>. last drink was <DATE_TIME>. states shakes with N/V,753,Substance withdrawal,Substance Misuse,silver,
"ETOH abuse, drug use",751,Substance misuse/intoxication,Substance Misuse,silver,
fall with injury,802,Major trauma—blunt,Trauma,silver,
Mechanical fall off of ATV <DATE_TIME> approx 2130 landing on left side with left sided hip pain. Pt is unable to move d/t excruciating pain. No LOC did not hit head.,802,Major trauma—blunt,Trauma,silver,
"Pt BIB EMS from <LOCATION> due to L femur fx. Reports pt slipped and fell getting on four wheeler <DATE_TIME>.<PERSON> given 0.6mg dilaudid PTA. Hx COPD. Given dueneb en route per EMS. Presents in NAD, reports pain only when touching effected extremity.",557,Lower extremity injury,Orthopedic,rule,FEMUR_FRACTURE
pt arrives by medevac afib rvr. no distress at this time. states she became sob in the village,5,Palpitations/irregular heart beat,Cardiovascular,rule,AFIB_RVR
F/U ER visit,866,Minor complaints NOS,General and Minor,silver,
Short of Breath x 2 days.,651,Shortness of breath,Respiratory,silver,
"FV Granulomatosis with Polyangiitis, PFTs, CT",863,Abnormal lab values,General and Minor,silver,
possible stroke- slurred speech with l side weakness since <DATE_TIME>,409,Extremity weakness/symptoms of CVA,Neurologic,rule,CVA_STROKE
Pt authorized in from <LOCATION> <DATE_TIME> for a L sided nose bleed and <DATE_TIME> he is here for f/u,151,Epistaxis,ENT - Nose,silver,
arrived by EMS c/o sudden onset light-headedness while sitting waiting for flight home after seen in ER this am for recheck,402,Confusion,Neurologic,silver,
Pt authorized into ED from <LOCATION> for a L sided nose bleed x 8 hr,151,Epistaxis,ENT - Nose,silver,
here for left nasal rhino rocket removed,857,Removal staples/sutures,General and Minor,silver,
BIBA for injury to head fall approximately 15 steps,407,Head injury,Neurologic,silver,
Trauma 2 activation. See trauma flow sheet.,802,Major trauma—blunt,Trauma,silver,
Requesting scalp sutures to be removed s/p fall <DATE_TIME>,865,Post-operative complications,General and Minor,rule,POST_OP
elevated blood pressure head ache,6,Hypertension,Cardiovascular,silver,
"Homevisit. <DATE_TIME> female. called at 5:04pm. never sleep good <DATE_TIME>, <PERSON> was low.",354,Insomnia,Mental Health,silver,
stroke?,409,Extremity weakness/symptoms of CVA,Neurologic,rule,CVA_STROKE
"blood pressure check, as requested by dr.",6,Hypertension,Cardiovascular,silver,
3 X a week Blood pressure check,6,Hypertension,Cardiovascular,silver,
blood pressure check 3 times a week,6,Hypertension,Cardiovascular,silver,
"Authorized in from <LOCATION> with guardian <DATE_TIME> Drinking heavy and smoking Marajuana. Hit in head with frying pan 4 times by his wife, then was choked out by another individual. <DATE_TIME> weakness to left knee to foot",407,Head injury,Neurologic,silver,
arrived from village after taking a large number of pills. unsure of amounts.,752,Overdose ingestion,Substance Misuse,silver,
"arrived by EMS, unresponsive, EMS reported <LOCATION> at home",401,Altered level of consciousness,Neurologic,silver,
Preoperative evaluation for cataract surgery,859,Imaging tests,General and Minor,silver,
"chest pain, like someone is",3,Chest pain—cardiac features,Cardiovascular,silver,
pt states crushing chest pain that started <DATE_TIME>.,3,Chest pain—cardiac features,Cardiovascular,silver,
F/U inpatient discharge,855,Direct referral for consultation,General and Minor,silver,
"Authorized in from <LOCATION> related to cardiac issues and was admitted to inpatient, was discharged <DATE_TIME>, had follow-up in outpatient. complaints of mid back pain (pressure) increases upon lying down",551,Back pain,Orthopedic,silver,
"Authorized in from <LOCATION> with Guardian related to cough, fever and increased SOB x <DATE_TIME> Dx with <PERSON> for the second time",154,URTI complaints,ENT - Nose,silver,
lower abd pain. blood in stool.,260,Blood in stool/melena,Gastrointestinal,silver,
rectal bleeding,259,Vomiting blood,Gastrointestinal,silver,
snow machine crash at 0200 with LOC,802,Major trauma—blunt,Trauma,silver,
neck recheck,859,Imaging tests,General and Minor,silver,
<DATE_TIME> bindge with withdrawl symptoms. rapid heartrate,753,Substance withdrawal,Substance Misuse,silver,
"Ref: hospital follow up for paroxysmal atrial fibrillation, assess for tolerance of metoprolol Ref: hospital follow up for paroxysmal atrial fibrillation, assess for tolerance of metoprolol",5,Palpitations/irregular heart beat,Cardiovascular,rule,AFIB_RVR
f/u in-pt,855,Direct referral for consultation,General and Minor,silver,
"PT PRESENTS TO <PERSON> VIA MEDIVAC AFTER 3 ATV ACCIDENTS IN <DATE_TIME>, PT HAD +LOC, DIZZINESS, AND ALTERED MENTAL STATUS, PT COMPLAINS OF PAIN TO RIGHT HIP, PT IN C UPON ARRIVAL",802,Major trauma—blunt,Trauma,silver,
SAB F/U ED,457,"Pregnancy issues, <20 weeks",OB/GYN,silver,
"Lightheadedness, dizziness, fainted",8,Syncope/pre-syncope,Cardiovascular,silver,
pt calls oncall phone to say she is withdrawling from tramadol and gabapintin meds. These are meds that she is abusing and she also has hx of being medivcaced for this condition. Stopped taking meds <DATE_TIME> because she has ran out and now has be,753,Substance withdrawal,Substance Misuse,silver,
Alcohol/Drug 6: Acute Street Drug Use tramadol and Gabapintin,751,Substance misuse/intoxication,Substance Misuse,silver,
pt here for drug withdrawl.,753,Substance withdrawal,Substance Misuse,silver,
chest pain <DATE_TIME> after waking from a bad dream.increase bp since may.,3,Chest pain—cardiac features,Cardiovascular,silver,
"c/o increased pain r/t cyst on R eyelid. Seen recently @ <LOCATION> clinic for same problem. Pt ambulated independently to Triage with steady even gait, NAD.",709,Localized swelling/redness,Skin,silver,
"41F Ref Eval RUL periorbital cyst. I&D at <DATE_TIME>, and in <DATE_TIME>. Started Keflex PO TID. Pt sts bump has decreased in size since. Uses bacitracin ung over incision",709,Localized swelling/redness,Skin,silver,
<DATE_TIME> female with infection on finger,709,Localized swelling/redness,Skin,silver,
recheck for cellulitis or the left arm,709,Localized swelling/redness,Skin,rule,LOCALIZED_INFECTION
cellulitis is not resolving,709,Localized swelling/redness,Skin,rule,LOCALIZED_INFECTION
Infection left middle finger,709,Localized swelling/redness,Skin,silver,
L hand cellulitis,709,Localized swelling/redness,Skin,rule,LOCALIZED_INFECTION
f/u LLF,710,Wound check,Skin,silver,
f/u llf WND CK,710,Wound check,Skin,silver,
F/U LLF R finger wnd ck,710,Wound check,Skin,silver,
"medivac;chest pain,dyspnea,fever",3,Chest pain—cardiac features,Cardiovascular,silver,
"Pt BIB air for abd pain, dx with cholangitis and gallstones in <LOCATION>.",251,Abdominal pain,Gastrointestinal,rule,CHOLECYSTITIS
fv cholangitis s/p ercp and lap chole,865,Post-operative complications,General and Minor,rule,POST_OP
: Pre-op ERCP w/ Dr. <PERSON>. Hx of Cholangitis,251,Abdominal pain,Gastrointestinal,rule,CHOLECYSTITIS
"NP pulmonary fibrosis, PFTS",866,Minor complaints NOS,General and Minor,silver,
arrived via ems / guardian vss. complaint of SOB x <DATE_TIME>,651,Shortness of breath,Respiratory,silver,
"BIBA from for inrcreased SOB and weakness. Pt Flu +, Hx of pulmonary fibrosis, HFNC. Pt AOX4. calm, compliant.",651,Shortness of breath,Respiratory,silver,
"Right shoulder injury- fracture collarbone, shoulder blade, dislocation shoulder",556,Upper extremity injury,Orthopedic,silver,
"right clavicle injury, abrasion right knee, bicycle accident <DATE_TIME>, authorized to ER.",557,Lower extremity injury,Orthopedic,silver,
"Bicycle accident from ""hitting a big rock"" and walked into <LOCATION> Hospital. Diagnosed w/T11 fracture and R clavicle fracture w/5 cm overlap, slight in place. R knee abrasion, R hip bruising noted.",802,Major trauma—blunt,Trauma,silver,
Procedure; Cysto,866,Minor complaints NOS,General and Minor,silver,
"chest pain, started 5 min PTA",3,Chest pain—cardiac features,Cardiovascular,silver,
"Flight from <PERSON>, sent for NSTEMI. Rpts around <DATE_TIME>, developed right sided chest pain while sitting in his work truck. pt was given nitro that relieved his pain",3,Chest pain—cardiac features,Cardiovascular,rule,STEMI_NSTEMI
paperwork completion for travel,866,Minor complaints NOS,General and Minor,silver,
F/U NSTEMI,3,Chest pain—cardiac features,Cardiovascular,rule,STEMI_NSTEMI
Dislocated shoulder,556,Upper extremity injury,Orthopedic,silver,
"Life med from <LOCATION>, right sholder dislocation from fall at <DATE_TIME> on <DATE_TIME>",556,Upper extremity injury,Orthopedic,silver,
"authorized from <LOCATION> for R shoulder pain after fall onto outstretched R hand, felt a pop,previous Sx Hx",554,Upper extremity pain,Orthopedic,silver,
Labs only for Dr. <PERSON>,863,Abnormal lab values,General and Minor,silver,
Lab only for <PERSON>,863,Abnormal lab values,General and Minor,silver,
pt from <LOCATION>. low potassium,863,Abnormal lab values,General and Minor,silver,
"depressed, suicidal patient",351,Depression/suicidal/deliberate self-harm,Mental Health,rule,SUICIDAL
suicidal pt,351,Depression/suicidal/deliberate self-harm,Mental Health,rule,SUICIDAL
"Injured wrist, worried it might be broken or fractured",556,Upper extremity injury,Orthopedic,silver,
Muskuloskeletal 2,866,Minor complaints NOS,General and Minor,silver,
Chipped front tooth,101,Dental/gum problem,ENT - Mouth/Throat/Neck,silver,
Broken or chipped tooth,101,Dental/gum problem,ENT - Mouth/Throat/Neck,silver,
"From <LOCATION>, injury to right wrist",556,Upper extremity injury,Orthopedic,silver,
Seen in ed <DATE_TIME> had abnormal labs. here for a follow up,863,Abnormal lab values,General and Minor,silver,
mild alcohol withdrawl (shakes),753,Substance withdrawal,Substance Misuse,silver,
pt complains of etoh withdrawl,753,Substance withdrawal,Substance Misuse,silver,
"pt here for etoh withdrawls, tremors, ha, diarrhea, cold sweats",753,Substance withdrawal,Substance Misuse,silver,
"F/U ER, Alcohol intoxication",751,Substance misuse/intoxication,Substance Misuse,silver,
F/U Er,866,Minor complaints NOS,General and Minor,silver,
CP since <DATE_TIME>,3,Chest pain—cardiac features,Cardiovascular,silver,
BIB guardian from <LOCATION>. pt fell <DATE_TIME> on ice. landed on left chest. woke up @ <DATE_TIME>. went to clinic was hypotensive & hypoxic. Tx to <LOCATION>. Wound rib Fxrs 9-11 on left side. L sided hemo,804,Isolated chest trauma—blunt,Trauma,silver,
"s/p Thoracoscopic, bronchoscopy (<PERSON> <DATE_TIME>)",865,Post-operative complications,General and Minor,rule,POST_OP
"Alert, ambulatory. Here with BIL. States ches pain started about <DATE_TIME>. Thinks pain is d/t recent injury, not heart. Took Oxycodone at <DATE_TIME>. No resp distress noted. Recent rib fractures.",4,Chest pain—non-cardiac features,Cardiovascular,silver,
"suicide attempt, cut her left wrist.",351,Depression/suicidal/deliberate self-harm,Mental Health,rule,SUICIDAL
Suicidal Ideation with attempt,351,Depression/suicidal/deliberate self-harm,Mental Health,rule,SUICIDAL
<DATE_TIME> female here to get her neck checked,104,Neck swelling/pain,ENT - Mouth/Throat/Neck,silver,
Neck Pain,104,Neck swelling/pain,ENT - Mouth/Throat/Neck,silver,
"Authorized in from <LOCATION>, <DATE_TIME> some nausea then <DATE_TIME> awoke with RLQ pain (sharp) and vomiting x 5",251,Abdominal pain,Gastrointestinal,silver,
"BIB from <LOCATION> for GI bleed; N/V <DATE_TIME>, approx 500mL bright red emesis, recieved 4 units PRBC PTA. Hx cirrhosis. AOx4, RA, resp e/u. <LOCATION> at bedside upon arrival.",260,Blood in stool/melena,Gastrointestinal,rule,GI_BLEED
"discharge fup of AKI, GIB, decompensated",260,Blood in stool/melena,Gastrointestinal,rule,GI_BLEED
(Ref) AIH (Not on AZA or prednisone),866,Minor complaints NOS,General and Minor,silver,
blood pressure check,999,Unknown,General and Minor,silver,
Blood pressure check 3 times a week,999,Unknown,General and Minor,silver,
"Last known well at <DATE_TIME> awoke at <DATE_TIME> and noticed unable to speak, drolong and left sided weakness. called daughter and daughter called ems",409,Extremity weakness/symptoms of CVA,Neurologic,silver,
"BIB gaurdian flight from <PERSON> for R CVA. LNW <DATE_TIME> @2100. <DATE_TIME> <DATE_TIME> pt presented w garbled speech, L facial droop, drooling, L sided weakness. pt a/o x4, nod yes or no. unintelligible speech. <PERSON>/copd. rectal aspirin given in <PERSON>. <PERSON> in place",409,Extremity weakness/symptoms of CVA,Neurologic,rule,CVA_STROKE
chest pain started just a while ago. mid chest and left side. also c/o weakness left side.,3,Chest pain—cardiac features,Cardiovascular,silver,
f/u after hospital d/c,855,Direct referral for consultation,General and Minor,silver,
B12 Inj,861,Prescription/medication request,General and Minor,silver,
FV Stroke,409,Extremity weakness/symptoms of CVA,Neurologic,rule,CVA_STROKE
"pt states acid reflux and points to her chest and states "" its almost like chest pain but i just need a gi cocktail.""",4,Chest pain—non-cardiac features,Cardiovascular,silver,
"found on floor in bathroom 20 min PTA, last seen <DATE_TIME> WNL. speech slurred, increased left side weakness, loose black tarry stool,",409,Extremity weakness/symptoms of CVA,Neurologic,silver,
"BIB Medivac from <LOCATION>. Pt c/o abd pain & diarrhea. Hx of CVA, HTN. LFTs have been elevated. Pt is a DNR/DNI. Surgery accepted pt",409,Extremity weakness/symptoms of CVA,Neurologic,rule,CVA_STROKE
FV: Biliary stricture s/p ERCP,865,Post-operative complications,General and Minor,rule,POST_OP
"83 yo female BIB daughter after falling <DATE_TIME> and striking the back of her head <DATE_TIME> PTA. Pt is on plavix. Denies any LOC. A&O X4. Pt has a hx of CVA with residual right sided facial droop, slurred speech and left sided weakness",409,Extremity weakness/symptoms of CVA,Neurologic,rule,CVA_STROKE
f/u chronic conditions,855,Direct referral for consultation,General and Minor,silver,
"pt comes from LTC, states her bp was elevated and chest pain when laying down. meds taken <DATE_TIME>, not currently having chest pain. Cough and congestion <DATE_TIME> of may per pt. no fevers at this time",3,Chest pain—cardiac features,Cardiovascular,silver,
slurred speech,402,Confusion,Neurologic,silver,
"pt here after having s/s of tia <DATE_TIME>, d/c'd from hospital <DATE_TIME> after being admitted for <PERSON>, neg stroke scale ... states she became weak and she couldnt pick anything up, deniea any other s/s at that time other than a headache",409,Extremity weakness/symptoms of CVA,Neurologic,rule,CVA_STROKE
f/u after hosp d/c from <NRP> medical,855,Direct referral for consultation,General and Minor,silver,
f/u after d/c from <NRP> medical,855,Direct referral for consultation,General and Minor,silver,
left arm tingling and headache,410,Sensory loss/paresthesia,Neurologic,silver,
"At 1300 developed slurred <PERSON>, HA.Hx of the same. <PERSON>'S FSBS 252",402,Confusion,Neurologic,silver,
BIB medics from <LOCATION> for expressive aphasia after a neuro bypass on <DATE_TIME>.,409,Extremity weakness/symptoms of CVA,Neurologic,silver,
right sided weakness arm and leg.,409,Extremity weakness/symptoms of CVA,Neurologic,silver,
bib flight team for cva workup per <LOCATION>. alert calm even resps. denies pain,409,Extremity weakness/symptoms of CVA,Neurologic,rule,CVA_STROKE
FV DM2: Admit: <DATE_TIME> Discharge: <DATE_TIME>,999,Unknown,General and Minor,silver,
FV epilepsy,405,Seizure,Neurologic,silver,
"right side face, right arm and leg numbness, started 10 min PTA",409,Extremity weakness/symptoms of CVA,Neurologic,silver,
"BIBA from <LOCATION> post stroke unknown last known well. Pt went to hospital @ <DATE_TIME>. oriented to self, place and situation, disoriented to time. Flacid on R side, right sided facial dropping, drift in uppr and extremities. Hx Seizures.",409,Extremity weakness/symptoms of CVA,Neurologic,rule,CVA_STROKE
"c/o something stuck in throat upon awaking <DATE_TIME>,",106,Difficulty swallowing/dysphagia,ENT - Mouth/Throat/Neck,silver,
lower back pain,551,Back pain,Orthopedic,silver,
left sided numbness + tingling,410,Sensory loss/paresthesia,Neurologic,silver,
Severe SOB Non-injury,651,Shortness of breath,Respiratory,silver,
"74 yo male CC: not feeling good SOB, nephew called said he's SOB",651,Shortness of breath,Respiratory,silver,
bib flight team from <LOCATION> for sob onset x1 wk. alert even shallow resps. BIPAP pta. skin warm pink dry. denies pain. hx blindness,651,Shortness of breath,Respiratory,silver,
"Afib w/ RVR, SOB, disorientation",5,Palpitations/irregular heart beat,Cardiovascular,rule,AFIB_RVR
"LTC staff report pt c/o CP and had elevated HR; pt c/o R rib pain unknown onset time, denied CP or difficulty breathing",3,Chest pain—cardiac features,Cardiovascular,silver,
"Pt Medivac from <LOCATION> for cholecysitis, seen in clinic <DATE_TIME> for abd pain, given zosyn after diagnosis. Pt not ambulatory, legally blind, pt slow to answer questions. Hx afib, chf, dm2. Not complaining of pain at this time",999,Unknown,General and Minor,rule,CHF_UNKNOWN
Emergency 36: stroke VS Other Medical Emergency,409,Extremity weakness/symptoms of CVA,Neurologic,rule,CVA_STROKE
<DATE_TIME> male called the on call for possible stroke. He fell down earlier and couldn't get up for <DATE_TIME>. Can't use his left arm and leg.,409,Extremity weakness/symptoms of CVA,Neurologic,rule,CVA_STROKE
"pt medivac'd in for left side weakness <DATE_TIME>, worsening this am, states he did'nt feel right and fell when he got up d/t weakness, denies any other s/s",409,Extremity weakness/symptoms of CVA,Neurologic,silver,
Opioid Withdrawal,753,Substance withdrawal,Substance Misuse,rule,SUBSTANCE_WITHDRAWAL
"<DATE_TIME> female came in and said she is having a withdrawal from her medications, she said she takes oxycodone 10mg and 5 mg 3 times a day. she took her last one <DATE_TIME> at <DATE_TIME> and started feeling her heart start beating fast and feeling weak and dizzy",753,Substance withdrawal,Substance Misuse,rule,SUBSTANCE_WITHDRAWAL
"sob, weak, fatigue and spitting up blood. Also diarrhea a lot. Says all started <DATE_TIME>.",655,Hemoptysis,Respiratory,silver,
Covid-19 Positive Test- Left Lung Infection,851,Exposure to communicable disease,General and Minor,rule,COVID_EXPOSURE
c/o general weakness. tested pos <DATE_TIME> for covid. c/o n/v/d. O2 sat <DATE_TIME> on room air. placed on 2-4 <LOCATION>. sats improved to <DATE_TIME>. per EMS,651,Shortness of breath,Respiratory,rule,COVID_RESPIRATORY
Middle back pain and left hip pain <PHONE_NUMBER> pain. Out of her pain meds at home,551,Back pain,Orthopedic,silver,
"Pt BIBAA from <LOCATION> for <DATE_TIME> of worsening lower back pain. Pt reports fall w/o headstrike and carrying grandchild, pt unsure if either of these are cause. pt w chronix lower back pain and imaging from <LOCATION> shows worsening degeneration but no fx. aox4",551,Back pain,Orthopedic,silver,
": admitted for osteomyelitis, will f/u with ID",866,Minor complaints NOS,General and Minor,silver,
"pt sts ""out of pain medications"". pt here from <LOCATION> r/t a sepsis event; pt still getting abx tx via PICC line. Pt denies any new complaint.NAD, PWD, a&o, ambulates with minimal assistance.",999,Unknown,General and Minor,rule,SEPSIS_UNKNOWN
"Amb to triage c/o ""my PICC line hurts, need the dressing changed."" Line to RUA for spinal sepsis abx tx x <DATE_TIME>. PICC line flushes, draws back blood. Pt denies fever, chill, N/V/D, SOB, CP",999,Unknown,General and Minor,rule,SEPSIS_UNKNOWN
Headaches,404,Headache,Neurologic,silver,
"ABD cramping, No BM for <DATE_TIME>, Right leg cramping, Right foot pain",253,Constipation,Gastrointestinal,silver,
"BIB EMS, for urology consult, c/o fistula from bladder to vagina. Pt A&O, appears uncomfortable, is ambulatory, denies N/V/D, given fentanyl, toradol and zosyn in flight. NAD noted",855,Direct referral for consultation,General and Minor,silver,
FV Emphysematous Cystitis,307,UTI complaints,Genitourinary,silver,
"Ref: hospital FV after complex hospital stay, staying at patient housing on IV abx, needs ongoing assistance with pain management",865,Post-operative complications,General and Minor,silver,
f/u L calcaneous fx,859,Imaging tests,General and Minor,silver,
FV Pain management,865,Post-operative complications,General and Minor,silver,
Joint Ache: L) knee (new),555,Lower extremity pain,Orthopedic,silver,
<DATE_TIME> female C/O L) knee pain,555,Lower extremity pain,Orthopedic,silver,
Septic Joint,558,Joint(s) swelling,Orthopedic,silver,
Wnd ck L knee,710,Wound check,Skin,silver,
LLE suture removal,857,Removal staples/sutures,General and Minor,silver,
"pt reports <PERSON> <DATE_TIME>, trnasferred ofr pancreatitis w/ dialated duct. <PERSON> PTA",251,Abdominal pain,Gastrointestinal,silver,
"upper bilateral abd pain started <DATE_TIME>, pt reports pain is intermittant.",251,Abdominal pain,Gastrointestinal,silver,
f/u after gallbladder removal,865,Post-operative complications,General and Minor,silver,
illness with wheezing: asthma attack,659,Wheezing—no other complaints,Respiratory,silver,
<DATE_TIME> female coughing and feeling sick,154,URTI complaints,ENT - Nose,silver,
severe shortness of breath,651,Shortness of breath,Respiratory,silver,
<DATE_TIME> female with shortness of breath,651,Shortness of breath,Respiratory,silver,
SOB. Medivac in from <LOCATION>. <LOCATION> and diffuse wheeze bilat. SpO2 97% RA. RR 30's,651,Shortness of breath,Respiratory,silver,
Pt BIBA from Alaska Airlines airport; pt c/o SOB; pt was recently <LOCATION> from for exacerbation of CHF,999,Unknown,General and Minor,rule,CHF_UNKNOWN
F/U ER / hospitalization due to CHF exacerbation.,999,Unknown,General and Minor,rule,CHF_UNKNOWN
Have felt weak since <DATE_TIME>,7,General weakness,Cardiovascular,silver,
"This morning heart palpitations with sob ""feels like my heart is fluttering"". seen in ed <DATE_TIME> for the same",5,Palpitations/irregular heart beat,Cardiovascular,silver,
Has been seen in ER multiple times for cp/sob here for a follow-up. still c/o cp/sob,3,Chest pain—cardiac features,Cardiovascular,silver,
COPD/chs/drug mususe/pneumonia,651,Shortness of breath,Respiratory,silver,
"Lower back/neck pain onset <DATE_TIME>, difficulty sleeping. out of neurontin x <DATE_TIME>",551,Back pain,Orthopedic,silver,
VTC f/u Noncardiac CP,4,Chest pain—non-cardiac features,Cardiovascular,silver,
vtc appt with cardiology,866,Minor complaints NOS,General and Minor,silver,
lab for cardiology vtc,866,Minor complaints NOS,General and Minor,silver,
"<DATE_TIME> female presenting with shortness of breath, daughter called and said patient having trouble breathing <DATE_TIME>, returned 6;00pm- patient oxygen level back to 87. trouble breathing,",651,Shortness of breath,Respiratory,silver,
"shortness of breath,",651,Shortness of breath,Respiratory,silver,
VTC f/u Systolic CHF,999,Unknown,General and Minor,rule,CHF_UNKNOWN
vtc,866,Minor complaints NOS,General and Minor,silver,
labs for cardiology,866,Minor complaints NOS,General and Minor,silver,
"lung desease, chronic care, asthma, feel like she cant breathe",651,Shortness of breath,Respiratory,silver,
Recheck: Otherr respitory problems,866,Minor complaints NOS,General and Minor,silver,
"pt medivac'd in for sob x <DATE_TIME>, increasingly worse, using nebs without any relief, given duonebs x2 and solumedrol 62.5mg iv per GF en route, rhonchi in all fields, no wheezing noted, pt is in tri pod position on arrival on <DATE_TIME> <PERSON>,sats 90's",651,Shortness of breath,Respiratory,silver,
otehr cause of chest pain,4,Chest pain—non-cardiac features,Cardiovascular,silver,
<DATE_TIME> female with chestpain and weakness,3,Chest pain—cardiac features,Cardiovascular,silver,
"pt here with c/o cp that has been ongoing <DATE_TIME>, states not really hurting now, states she has had a cough with thick yellow sputum also, wheezing throughout , afebrile...also c/o left hip pain after falling this am",4,Chest pain—non-cardiac features,Cardiovascular,silver,
pt with chest pain and sob. copd. wheezing in and out.,3,Chest pain—cardiac features,Cardiovascular,silver,
lung disease chronic care asthma,651,Shortness of breath,Respiratory,silver,
respritory 18 lung disease with pitting edema,10,Bilateral leg swelling/edema,Cardiovascular,silver,
"Authorized in from <LOCATION>, related to lower extermity edema and SOB. hX. of the same",10,Bilateral leg swelling/edema,Cardiovascular,silver,
lung disease chronic care,651,Shortness of breath,Respiratory,silver,
"Authorized in from <LOCATION> with Guardian. Found unresponsive at home, low FSBS in clinic was given oral glucose, iv D50 that infilturated. FSBS 236 with Guardian. Now alert difficulty breathing",854,Hypoglycemia,General and Minor,silver,
<DATE_TIME> female with chest pain and shortness of breath,3,Chest pain—cardiac features,Cardiovascular,silver,
other cause of chest pian,4,Chest pain—non-cardiac features,Cardiovascular,silver,
lip swollen,709,Localized swelling/redness,Skin,silver,
medivac angioedema,657,Allergic reaction,Respiratory,silver,
"medevaced from <LOCATION> for difficulty breathing with fever, ambulatory from ambulance and no acute distress noted or reported",852,Fever,General and Minor,silver,
phone call visit <LOCATION>,866,Minor complaints NOS,General and Minor,silver,
"c/o COPD and fall, right ankle swelling",557,Lower extremity injury,Orthopedic,silver,
F/U with D/C from Inpt,855,Direct referral for consultation,General and Minor,silver,
"ref. follow up complex med admission, will be in toiwn until <DATE_TIME> for sleep study, COPD, Obesity, admitted for septic shock/respiration failure referred by <PERSON>, <LOCATION>",999,Unknown,General and Minor,rule,SEPSIS_UNKNOWN
syncope; no memory of event.,8,Syncope/pre-syncope,Cardiovascular,silver,
"F/u near syncope, ekg",8,Syncope/pre-syncope,Cardiovascular,silver,
"Constipation, Low Hgb, Pt BIB guardian from <LOCATION>, received 2 units RBC",253,Constipation,Gastrointestinal,silver,
pt authorized in for abd pain with black stools,260,Blood in stool/melena,Gastrointestinal,silver,
Ref: Hospital follow up. admitted for symptomatic anemia s/p EGD. EGD. biopsy results pending,865,Post-operative complications,General and Minor,rule,POST_OP
"BIB guardian from <LOCATION> for GI Bleed, 2 units RBC given in <LOCATION>, octreotide and levo running on arrival, A&Ox4",260,Blood in stool/melena,Gastrointestinal,rule,GI_BLEED
"vaginal bleeding, miscarriage",455,Vaginal bleed,OB/GYN,silver,
pt medevacd from <LOCATION> for OB eval for possible ectopic pregnancy and sponataneous miscarriage. reported vaginal bleeding onset <DATE_TIME>. was given rhogham PTA. pt <DATE_TIME> pregnant.,457,"Pregnancy issues, <20 weeks",OB/GYN,silver,
"PT PRESENTS TO <PERSON> WITH RIGHT UPPER FLANK PAIN THAT STARTED <DATE_TIME> WITH NAUSEA, LAST BM <DATE_TIME>",301,Flank pain,Genitourinary,silver,
"PT PRESENTS TO <PERSON> WITH RUQ ABD PAIN WITH N/V, PT SEEN HERE <DATE_TIME> FOR SAME AND INFORMED TO COME BACK TODAY IF NO BETTER",251,Abdominal pain,Gastrointestinal,silver,
RUQ pain beginning <DATE_TIME> in <LOCATION>. Given 8mg zofran and 8 mg morphine. Ceftriaxone and flagyl also given. Hx HTN.,251,Abdominal pain,Gastrointestinal,silver,
FV Lap Chole w/IOC,865,Post-operative complications,General and Minor,silver,
f/u gallbladder,866,Minor complaints NOS,General and Minor,silver,
"PT PRESENTS TO <PERSON> WITH SPITTING UP BLOOD, PT HAS THROAT CANCER AND FOR <DATE_TIME> HAS BEEN SPITTING UP BLOOD OFF AND ON",259,Vomiting blood,Gastrointestinal,silver,
right lower leg and right foot swollen,10,Bilateral leg swelling/edema,Cardiovascular,silver,
pt brought in medevac. swelling in right leg. no redness.,10,Bilateral leg swelling/edema,Cardiovascular,silver,
"Authorized in from <LOCATION>, dealing with increased sob, chest tightness and foever for <DATE_TIME>. was given 125mg solumedrol iv and 40mg lasix po in <LOCATION>",651,Shortness of breath,Respiratory,silver,
follow up pnuemonia,866,Minor complaints NOS,General and Minor,silver,
"VTC FV COPD, bronchiectasis",651,Shortness of breath,Respiratory,silver,
went to a <DATE_TIME> females home who was having pain that started in her neck and moved down to her shoulder.,104,Neck swelling/pain,ENT - Mouth/Throat/Neck,silver,
Other Musculoskeletal problem,866,Minor complaints NOS,General and Minor,silver,
1) Leg Swelling 2) Pnumonia,10,Bilateral leg swelling/edema,Cardiovascular,silver,
Follow Up Visit Leg pain,555,Lower extremity pain,Orthopedic,silver,
Chest Pain: L) sidenumbness,3,Chest pain—cardiac features,Cardiovascular,silver,
Authorized in from <PERSON> with Guardian. <DATE_TIME> developed some left sided weaknes with on/off chest discomfort. Nitro given in villiage resulting in hypotension. full assist to w/c. right leg 4+ pitting edema,3,Chest pain—cardiac features,Cardiovascular,silver,
(Home Visit) follow up after hospital visit,866,Minor complaints NOS,General and Minor,silver,
"Follow up Care for COPD, CHF",999,Unknown,General and Minor,rule,CHF_UNKNOWN
Home Visit - Respiratory Illness,651,Shortness of breath,Respiratory,silver,
Other Respiratory Illness,651,Shortness of breath,Respiratory,silver,
wound to left lower abd,804,Isolated chest trauma—blunt,Trauma,silver,
Level 2 Trauma Guardian from <LOCATION> for stab wound to LLQ with screwdriver. See trauma flow sheet.,801,Major trauma—penetrating,Trauma,rule,MAJOR_TRAUMA_PENETRATING
stab wound to abd,801,Major trauma—penetrating,Trauma,rule,MAJOR_TRAUMA_PENETRATING
Report received from Air Care Alaska staff. Cervical collar on patient. Alert/oriented. Prior to arrival received IV fentanyl 100 mg and zofran 4 mg IV. Female escort present.,802,Major trauma—blunt,Trauma,silver,
"Here for recheck on his neck, was seen <DATE_TIME> in the ER. Has been taking his pain medication. Has been able to sleep. He feels stiff from the ATV accident. Denies headache/nausea/vomiting",856,Dressing change,General and Minor,silver,
"CP started <DATE_TIME> this am, resolved in village clinic",3,Chest pain—cardiac features,Cardiovascular,silver,
"Transferred from <LOCATION> for NSTEMI-given 2 SL Nitro, 324 mg ASA, has denied CP since. Elevated troponins. Denies CP on arrival. A+Ox4. EKG in progress",3,Chest pain—cardiac features,Cardiovascular,rule,STEMI_NSTEMI
"F/u CP NSTEMI post d/c: labs, ekg",3,Chest pain—cardiac features,Cardiovascular,rule,STEMI_NSTEMI
pt fell and now complains of right hip pain.,555,Lower extremity pain,Orthopedic,silver,
"Pt BIB Guardian from <LOCATION> with right hip fx, pt fell from standing in kitchen <DATE_TIME>. pt appears comfortable upon arrival, given fentanyl pta. 2+ dp pulse, cap refill wnl to RLE.",557,Lower extremity injury,Orthopedic,rule,FEMUR_FRACTURE
Pt requesting APAP med refill. Pt states she was D/C <DATE_TIME> S/P hip surgery and they forgot to rx her APAP. Pt in W/C in triage,865,Post-operative complications,General and Minor,rule,POST_OP
f/u fx hip,557,Lower extremity injury,Orthopedic,rule,FEMUR_FRACTURE
"cough, shortness of breath with exertion",651,Shortness of breath,Respiratory,silver,
"weakness, bleeding",864,Pallor/anemia,General and Minor,silver,
"Hypoglycemia, General Malaise, Nausea, Vaginal Bleeding, Decreased appitite",455,Vaginal bleed,OB/GYN,silver,
aortic thrombis transfer,999,Unknown,General and Minor,silver,
Pt is complaining of bilateral low back/flank pain that radiates to the groin.,301,Flank pain,Genitourinary,silver,
Other cause of abdominal pain in an adult female with h/o stones and seizures.,251,Abdominal pain,Gastrointestinal,silver,
"Left lower back and in butt muscles on down bilateral, started crawling to the bathroom and cannot walk on her own right now. <DATE_TIME> now. Not sure what started it. Sister thinks it may be her weight gain or muscle strain and she hasn't been exercising.",551,Back pain,Orthopedic,silver,
Other Musculoskeletal Problem,866,Minor complaints NOS,General and Minor,silver,
leg weakness since <DATE_TIME>,409,Extremity weakness/symptoms of CVA,Neurologic,silver,
"59 yo female here for a follow up from hospital visit in <LOCATION>, escorted by sister",865,Post-operative complications,General and Minor,silver,
"Follow from Hospital Visit - Lower back Fractures, Right Rib Fracture",552,Traumatic back/spine injury,Orthopedic,silver,
f/u epilepsy,405,Seizure,Neurologic,silver,
While in outpatient <DATE_TIME> had possible seizure. Family states has these when she gets excited,405,Seizure,Neurologic,silver,
"Authorized in from <LOCATION>, loss of family <DATE_TIME> has had palpitations since. abdominal hernia for <DATE_TIME> c/o pain",5,Palpitations/irregular heart beat,Cardiovascular,silver,
BIB guardian from <LOCATION> from inpt for <NRP> w RVR. Soft pressures. Umbilical hernia w chronic pain,5,Palpitations/irregular heart beat,Cardiovascular,rule,AFIB_RVR
FV - Wound Vac change,856,Dressing change,General and Minor,silver,
"sent from wound care clinic for possible infection to wound on abdomen. <DATE_TIME> abd pain noted. discharged from hospital on <DATE_TIME>. AOX3, NAD.",251,Abdominal pain,Gastrointestinal,silver,
code blue pt found down on ground at end of airport runway.,1,Cardiac arrest (non-traumatic),Cardiovascular,silver,
"possible CVA, medevac to ER from <LOCATION>",409,Extremity weakness/symptoms of CVA,Neurologic,rule,CVA_STROKE
bib guardian from <LOCATION> for possible stroke. hx R sided weakness/tingling/numbness x2-3 days. pt has bruising/swelling top R lateral foot due to foot droop. grips equal. decreased sensation R arm/leg/face. pt in no distress,409,Extremity weakness/symptoms of CVA,Neurologic,rule,CVA_STROKE
BIBA x weakness since <DATE_TIME>. Had a fall and hit back of head on <DATE_TIME>. Pt is A&O x2.,7,General weakness,Cardiovascular,silver,
Over <DATE_TIME> increasing with hypoxia. not taking home medications,651,Shortness of breath,Respiratory,silver,
"establish care exam, f/u hospital admit/discharge",865,Post-operative complications,General and Minor,silver,
"heart problem, chronic care high blood pressure",6,Hypertension,Cardiovascular,silver,
"Authorized in fron <LOCATION> with guardian, related to 3rd degree heart blockHas been feeling tired for <DATE_TIME> that increases upon standing/ambulating",7,General weakness,Cardiovascular,silver,
pt bibm air for complete heart block. pt was having increased fatigue and headache. found to be in complete heart block in village with HR in <DATE_TIME>. Pt is AAOx4. Treated at <LOCATION> and flown to <LOCATION>.,401,Altered level of consciousness,Neurologic,silver,
"FV, AVB, PPM, post-op, device check",865,Post-operative complications,General and Minor,rule,POST_OP
Elevated Troponin Level,863,Abnormal lab values,General and Minor,silver,
pt medevac with chest pain that started <DATE_TIME>,3,Chest pain—cardiac features,Cardiovascular,silver,
"Altered mental, dysuria <DATE_TIME>,BIB EMS pt Pt also has sores and scabs all over body, pt urine very dark colored. Blood Glucose 84mg/dL at triage, <PERSON> placed. Pt answers questions. but EMS states ""not acting like herself""",402,Confusion,Neurologic,silver,
pt biba from <LOCATION> s/p having to land commercial plane after having an anxiety attack and respiratory distress. No resp distress noted upon arrival. Per EMS pt also refused blood transfusion PTA. HGB 6.6 PTA,352,Anxiety/situational crisis,Mental Health,rule,ANXIETY
Eval - low back pain,551,Back pain,Orthopedic,silver,
"Referring provider: <PERSON>, <PERSON>, MD/ NP ECZEMA/PRURIGO",711,Other skin conditions,Skin,silver,
right sided abd pain. started <DATE_TIME>. woke with the pain. has not taken anything. normal bowel movement and urination.,251,Abdominal pain,Gastrointestinal,silver,
"BIB guardian from <LOCATION> for abdominal pain, CT showed cholecystitis. Pt recieved 250 mcg fent in flight, 4 zofran. <PERSON> presents AOx4",251,Abdominal pain,Gastrointestinal,rule,CHOLECYSTITIS
FV: S/p Lap chole 5/4,865,Post-operative complications,General and Minor,rule,POST_OP
"c/o RLQ pain onset after recent gallbladder removel, arrived back in <PERSON> <DATE_TIME>, reports sharp pain worse with movement, -N/V/D, afebrile",865,Post-operative complications,General and Minor,silver,
follow up surgery gallbladder,865,Post-operative complications,General and Minor,silver,
pt has not been able to urinate x <DATE_TIME>. Right flank pain <DATE_TIME>,306,Urinary retention,Genitourinary,silver,
unsteady on feet. making no scince while speaking. yellow capsule found in with her cig. yellow capsule g46. possible gab. ingestion.,752,Overdose ingestion,Substance Misuse,rule,OVERDOSE
"BIB Guardian flight from <LOCATION>, SBO VS Ileus, pt appears uncomfortable but cooperative on arrival. pt appears pale and tachypnic",251,Abdominal pain,Gastrointestinal,rule,BOWEL_OBSTRUCTION
<PERSON> pain URQ,251,Abdominal pain,Gastrointestinal,silver,
Vitals before morphine administration <LOCATION>.,866,Minor complaints NOS,General and Minor,silver,
<PERSON> pain and r flank pain for <DATE_TIME> with N/V,301,Flank pain,Genitourinary,silver,
pt from <LOCATION>. <PERSON> and not reponding appropriatly.,402,Confusion,Neurologic,silver,
Folow up hospital discharge,855,Direct referral for consultation,General and Minor,silver,
"sent from PCP, for abnormal labs <DATE_TIME>.",863,Abnormal lab values,General and Minor,silver,
"Pregnant, high blood pressure",457,"Pregnancy issues, <20 weeks",OB/GYN,silver,
"About 1500 while working developed a ha, just not feeling well, checked bloodpressure and was elevated",6,Hypertension,Cardiovascular,silver,
chronic hypertension r/o PEC,6,Hypertension,Cardiovascular,silver,
chronic hypertension,6,Hypertension,Cardiovascular,silver,
CHTN si PEC,6,Hypertension,Cardiovascular,silver,
"c/o n/v, weakness, fatigue. abnormal labs",863,Abnormal lab values,General and Minor,silver,
"BIB medivac for GIB. Complaints of nausea and vomitting and presented to the hospital and found to have low H/H. Recieved 2U PRBCs prior to transport. No N/V, dizziness or s/s of active bleeding currently. HOH and HX of chronic pain.",260,Blood in stool/melena,Gastrointestinal,rule,GI_BLEED
SOB this am,651,Shortness of breath,Respiratory,silver,
"respiratory problem after choking on candy bar, used inhaler several times.",656,Respiratory foreign body,Respiratory,silver,
shortness of breath after activity this PTA,651,Shortness of breath,Respiratory,silver,
"Authorized in from <LOCATION> with guardian, <DATE_TIME> vomiting bright red blood and dark colored stool. Taking alot of NSAIDS. Hx of same with blood transfusions",259,Vomiting blood,Gastrointestinal,silver,
"BIBA from <LOCATION> for GI Bleed. BRB emesis and dark tarry stool. Pt AOx4. RA. RRR. PT denies any pain upon arrival. Received 1 unit en route, 2 L fluids.",260,Blood in stool/melena,Gastrointestinal,rule,GI_BLEED
new gastric cancer dx,866,Minor complaints NOS,General and Minor,silver,
numbness and tingling down Lt leg x1yr,410,Sensory loss/paresthesia,Neurologic,silver,
F/V low back pain,551,Back pain,Orthopedic,silver,
"to triage in wheelchair holding hand over right side of chest - states can't lay down and rest due to tense muscles to right back, chest, and <PERSON>. was scoped in day surgery and states stomach is tense. states not passing gas. about to start txment for ca",251,Abdominal pain,Gastrointestinal,silver,
Medivac in for SOB since <DATE_TIME>.,651,Shortness of breath,Respiratory,silver,
vaginal bleeding that started at <DATE_TIME>. 3 pads changed.,455,Vaginal bleed,OB/GYN,silver,
cp x <DATE_TIME> with SOB,3,Chest pain—cardiac features,Cardiovascular,silver,
Here for Depo,861,Prescription/medication request,General and Minor,silver,
pt brought in by ems after called for pt drinking hand sanitizer and possibly lysol.,752,Overdose ingestion,Substance Misuse,silver,
"pt hx of etoh, ingested hand sanitizer, can hairspray, bottle of lysol disinfectant <DATE_TIME>, here for treatment of methanol poisoning. hs of tbi, tachy",752,Overdose ingestion,Substance Misuse,silver,
Arrived via EMS with CPR in progress. Found hanging in closet,1,Cardiac arrest (non-traumatic),Cardiovascular,silver,
"Trauma 1 - hanging, ROSC. See trauma flow sheet.",2,Cardiac arrest (traumatic),Cardiovascular,silver,
"Difficulty breathing, upper back pain",651,Shortness of breath,Respiratory,silver,
post cardiac surgical visit,865,Post-operative complications,General and Minor,silver,
F/u,855,Direct referral for consultation,General and Minor,silver,
f/u after cardiac surgery,865,Post-operative complications,General and Minor,silver,
"Fever, vomiting",852,Fever,General and Minor,silver,
"Chills, fever for <DATE_TIME>, sore throat, fatigue",154,URTI complaints,ENT - Nose,silver,
Follow up,855,Direct referral for consultation,General and Minor,silver,
Says she feels like something is sitting on her chest making her not want to breath feels like she needs to throw up,3,Chest pain—cardiac features,Cardiovascular,silver,
chest pain radiating to left shoulder,3,Chest pain—cardiac features,Cardiovascular,silver,
slip and fall,802,Major trauma—blunt,Trauma,silver,
muscle strain,866,Minor complaints NOS,General and Minor,silver,
"rechek from <DATE_TIME>, was reported for falling and was lifting/carrying heavy object while working on her garden, EKG done, in which <PERSON> said looks fine, chest still hurting , taking her meds <DATE_TIME>",3,Chest pain—cardiac features,Cardiovascular,silver,
other mjusculoskeletal prob <PERSON>: musculoskeletal 14,866,Minor complaints NOS,General and Minor,silver,
epigastric pain that started <DATE_TIME>. also n/v. stool black in color per pt.,260,Blood in stool/melena,Gastrointestinal,silver,
c/o abd and flank pain; possible kidney,301,Flank pain,Genitourinary,silver,
"VTC NEW: dysuria, pelvic pain, concern for interstitial",307,UTI complaints,Genitourinary,silver,
Abdominal Pain Nausea and vomiting unable to have BM,251,Abdominal pain,Gastrointestinal,silver,
"Pt staying at patient housing, seen in <PERSON> <DATE_TIME>, told to return <DATE_TIME> for IV antibiotics treatment, c/o back pain, ""they haven't given me any medicine for my pain in days"", placed in wheelchair, usually ambulates w/ walker, wearing mask, HOH.",551,Back pain,Orthopedic,silver,
vomiting <DATE_TIME>; slept; woke up vomiting again;,257,Nausea and/or vomiting,Gastrointestinal,silver,
f/u hospital d/c,855,Direct referral for consultation,General and Minor,silver,
follow up of chronic conditions,855,Direct referral for consultation,General and Minor,silver,
"Pt BIB GF from <LOCATION> for SBO Denis N/V, pain at this time, refused NG tube. AOX4, Tylenol & D5W PTA. NPO <DATE_TIME>. Ambulates /w cane Hx of SBO.",251,Abdominal pain,Gastrointestinal,rule,BOWEL_OBSTRUCTION
S/P SBO,865,Post-operative complications,General and Minor,rule,POST_OP
follow up chronic care,855,Direct referral for consultation,General and Minor,silver,
F/U Memory,855,Direct referral for consultation,General and Minor,silver,
F/U with memory,855,Direct referral for consultation,General and Minor,silver,
"BIBA Guardian for ground level fall resulting in R hip fx. Pt appears calm, collected. States <DATE_TIME> pain. <LOCATION> en route. No other complaints at this time.",557,Lower extremity injury,Orthopedic,rule,FEMUR_FRACTURE
pt fell <DATE_TIME>. not mobile since. 4mg morphine im around 530 and 2 doses of 50mcg <PERSON> last one around 930pm.,557,Lower extremity injury,Orthopedic,silver,
f/u after right hip surgery s/,865,Post-operative complications,General and Minor,silver,
pt woke up <DATE_TIME> immediately started vomiting. feels dizzy when he treis to stand. Stared around 5:30pm and continues to get worse. pt has tried to drink water but hasn't been able to keep anything down..,257,Nausea and/or vomiting,Gastrointestinal,silver,
pt with weakness <DATE_TIME>. feels more normal now. HR low.,7,General weakness,Cardiovascular,silver,
"via medivac for heart failure, edema throughout. Non compliant with medication",9,"Edema, generalized",Cardiovascular,silver,
pt comes in by ems. lathargic. fell at <LOCATION>. possible seizure and family stated she hit head on the right side. hx of stroke and family states smoke pot heavily,409,Extremity weakness/symptoms of CVA,Neurologic,rule,CVA_STROKE
<DATE_TIME> female came in for stomach ache,251,Abdominal pain,Gastrointestinal,silver,
"Acute Abdomen pain High Risk Health Condition of removal of major colon, has 2 feet left, Hx of iliostomy, Hx of partially repaired hernia)",251,Abdominal pain,Gastrointestinal,silver,
"<PERSON> is <DATE_TIME> who at <DATE_TIME> who helped her disabled daughter to sit down and then helped to scoot her up, disabled daughter is about 100lbs, she start4d feeling her stomach cramping and she went to the bathroom, she has cronic diarrhea",254,Diarrhea,Gastrointestinal,silver,
pt <PERSON> pain. reversal intestinal surgery in <DATE_TIME>. hernia with pain <DATE_TIME>.,251,Abdominal pain,Gastrointestinal,silver,
"<PERSON> is here for a follow up after being transported <DATE_TIME> for an umbilical hernia, kept <DATE_TIME>, referral made to general surgery and instructed to follow up <DATE_TIME>",865,Post-operative complications,General and Minor,silver,
"Follow up Umbilical Henria Doing well High risk Health Conditions (large colon removal, hx of iliostomy, Hep B carrier)",865,Post-operative complications,General and Minor,silver,
Village vitals,866,Minor complaints NOS,General and Minor,silver,
<PERSON> and burning sensation,866,Minor complaints NOS,General and Minor,silver,
f/u labs,863,Abnormal lab values,General and Minor,silver,
village vitals for the provider,866,Minor complaints NOS,General and Minor,silver,
"C/O pain in groins, under sac in private area and vomiting, vomit 3-4 times. All started <DATE_TIME>. Started getting light headed and blacking out here in the clinic for <DATE_TIME> or so. Says this is very different than having kidney stones.",256,Groin pain/mass,Gastrointestinal,silver,
"NAD, alert and in a whole lot of pain, unable to stay still",251,Abdominal pain,Gastrointestinal,silver,
pain in groin.,256,Groin pain/mass,Gastrointestinal,silver,
<NRP> renal stone lithotripsy,866,Minor complaints NOS,General and Minor,silver,
C/o abdomen pain epigastric area,251,Abdominal pain,Gastrointestinal,silver,
67yo female recheck abdominal pain x2 days,251,Abdominal pain,Gastrointestinal,silver,
1) recheck other cause of abdominal pain 2) constipation,251,Abdominal pain,Gastrointestinal,silver,
pt with <DATE_TIME> of abd pain. constipation currently. states her last stool was thick,253,Constipation,Gastrointestinal,silver,
"Ref: admitted with pancreatitis, thought to be gallstone with passed stone, electrolyte abnormalities, HTN; would like her to be seen for lab/BP recheck before returning home.",863,Abnormal lab values,General and Minor,silver,
"HA, syncopal episode",8,Syncope/pre-syncope,Cardiovascular,silver,
"transfer from <LOCATION> for suspicion for septic joint of L elbow. recieve iv vanc and LR en route with transport. recieved rocephin and morphine at transferring facility. hx of RA takes methotrexate. left elbow noted to be red, swollen and painful",709,Localized swelling/redness,Skin,silver,
"L Elbow Swelling, discoloration, warmth",709,Localized swelling/redness,Skin,silver,
F/u Septic L Elbow,865,Post-operative complications,General and Minor,silver,
had a seizure for <DATE_TIME> according to the family member,405,Seizure,Neurologic,silver,
Seizure in a Known Siezure Patient,405,Seizure,Neurologic,silver,
"per village/family seizure activity, headache",405,Seizure,Neurologic,silver,
Vitals for <PERSON>,863,Abnormal lab values,General and Minor,silver,
"pt coming from <LOCATION> clinic for chest pain and hypertensive crisis ongoing since <DATE_TIME>. converting in and out of 3rd degree heart block en route per guardian flight, given aspirin 324mg pta, nicardipine drip stopped PTA, <PERSON> in <DATE_TIME>, GCS 15",3,Chest pain—cardiac features,Cardiovascular,silver,
FV: Dx iatrogenic pneumothorax,865,Post-operative complications,General and Minor,silver,
"FV discharge, heart block, New PPM",865,Post-operative complications,General and Minor,silver,
F/up pacemaker symptom check,865,Post-operative complications,General and Minor,silver,
Eval - Chest tube site drainage,865,Post-operative complications,General and Minor,silver,
"low <NRP>, HA, multiple bruising",716,Spontaneous bruising,Skin,silver,
"Pt BIB AIR from <PERSON> for severe low platelet count, 2, pt had virial illness <DATE_TIME>, on <DATE_TIME>, petechiea on whole body, on <DATE_TIME>, pt had mucosal bleeding, 55mg prednisone and lisinopril given in <LOCATION>, upon arrival GCS 15, bradycardia. RA.",716,Spontaneous bruising,Skin,silver,
"Pt BIB AIR from <PERSON> for severe low platelet count, 2, pt had virial illness <DATE_TIME>, on <DATE_TIME>, petechiea on whole body, on <DATE_TIME>, pt had mucosal bleeding, 55mg prednisone and lisinopril given in <LOCATION>, upon arrival GCS 15, bradycardia. RA.",863,Abnormal lab values,General and Minor,silver,
"ref:post-hospitalization f/u for likely ITP. Needs CBC Referring Provider: <PERSON>, <PERSON>, <LOCATION>",865,Post-operative complications,General and Minor,silver,
swollen and red and hard and hot R calf,12,Unilateral reddened hot limb,Cardiovascular,silver,
cellulitis of R calf,709,Localized swelling/redness,Skin,rule,LOCALIZED_INFECTION
Skin/Soft Tissue 17: Cellulitis of Right Calf,709,Localized swelling/redness,Skin,rule,LOCALIZED_INFECTION
67 yo male here for recheck of cellulitis of right calf,709,Localized swelling/redness,Skin,rule,LOCALIZED_INFECTION
Pt arrives to <PERSON> from <LOCATION> for surgical admission secondary to RLE cellulitis,709,Localized swelling/redness,Skin,rule,LOCALIZED_INFECTION
Cellulitis right leg,709,Localized swelling/redness,Skin,rule,LOCALIZED_INFECTION
s/p exc debridement and wound vac <DATE_TIME>,865,Post-operative complications,General and Minor,rule,POST_OP
F/V - RLE nec fas,865,Post-operative complications,General and Minor,silver,
F/V - RLE nec fas wound vac takedown,865,Post-operative complications,General and Minor,silver,
PT PRESENTS TO <PERSON> VIA EMS FROM HOME WITH CHEST PAIN THAT STARTED <DATE_TIME> PTA,3,Chest pain—cardiac features,Cardiovascular,silver,
Pt presents alert and ambulatory via flights team from <PERSON> after being diagnosed with an NSTEMI.,3,Chest pain—cardiac features,Cardiovascular,rule,STEMI_NSTEMI
Patient is a <DATE_TIME> male here to follow up from his recent hospitalization.,865,Post-operative complications,General and Minor,silver,
nose bleed x <DATE_TIME>. currently on apiban and clopidagrel,151,Epistaxis,ENT - Nose,silver,
c/o fast heart rate and palpitations.,5,Palpitations/irregular heart beat,Cardiovascular,silver,
pt. is here for a follow-up for fluid in his lungs,9,"Edema, generalized",Cardiovascular,silver,
gunshot wound to left hand,801,Major trauma—penetrating,Trauma,rule,MAJOR_TRAUMA_PENETRATING
"BIB guardian from <LOCATION> for self inflected gushot wound (accidental) <DATE_TIME>. Tripped and fell and shotgun discharged. Pt recieved vanco, zoysn in <LOCATION>. Dressing in place, cdi, CMS intact, <DATE_TIME> cap refill no complaints of pain.",802,Major trauma—blunt,Trauma,silver,
amb to triage with c/o post surgical left hand surgical procedure. pin to left thumb with skin flap neurovascular intact - calm and talkative.,865,Post-operative complications,General and Minor,rule,POST_OP
Can't swallow,106,Difficulty swallowing/dysphagia,ENT - Mouth/Throat/Neck,silver,
flu vaccines only,866,Minor complaints NOS,General and Minor,silver,
Pt states she took 20 plus of her sleep meds. was brought in by medevac,752,Overdose ingestion,Substance Misuse,silver,
<DATE_TIME> pregnant with light pink bleeding & mild cramps <DATE_TIME>,457,"Pregnancy issues, <20 weeks",OB/GYN,silver,
spotting/cramping in pregnancy (<DATE_TIME>),457,"Pregnancy issues, <20 weeks",OB/GYN,silver,
pt BIB lifemed for miscarriage.,457,"Pregnancy issues, <20 weeks",OB/GYN,silver,
d&c f/u,855,Direct referral for consultation,General and Minor,silver,
Pt brought in from <LOCATION> by Guardian Flight. Pt fell from her bed and h,802,Major trauma—blunt,Trauma,silver,
brought in by ems. unresponsive. cbg lo by ems. given a drink at home cbg 38 at er.,854,Hypoglycemia,General and Minor,silver,
"Alleged assault, alcohol abuse, anxiety",352,Anxiety/situational crisis,Mental Health,rule,ANXIETY
"Musculoskeletal Pain, Possible Closed Fracture to right leg",557,Lower extremity injury,Orthopedic,silver,
"right upper leg and right knee hurt, On <DATE_TIME> the wind blew him off the porch stairs that is 5 feet high from his house",557,Lower extremity injury,Orthopedic,silver,
"medivac here for rt femeu deformity, none noted, although the rt foot is internally rotated and shortened, pt has push /pull and moderate strength in same, swollen rt hip,immaciated, pt has rt wrist brace in place, had sx on same this spring",557,Lower extremity injury,Orthopedic,silver,
"BIB Guardian from <LOCATION> for fx to R hip. Pt states he fell off of a <DATE_TIME> days ago and hurt his R hip. Pt rested at home for <DATE_TIME> before going to hospital. Pt may also have TB, found on xr in <PERSON>. Pt arrives, no pain, VSS.",557,Lower extremity injury,Orthopedic,silver,
f/u R Femoral neck FX <DATE_OF_SERVICE>,557,Lower extremity injury,Orthopedic,rule,FEMUR_FRACTURE
"Ref: Post-hospitalization follow up. Hyponatremia, likely SIADH",855,Direct referral for consultation,General and Minor,silver,
FV Dexa,999,Unknown,General and Minor,silver,
s/s menopause,866,Minor complaints NOS,General and Minor,silver,
"pt sent from WH, pt c/o ""bloating"" x <DATE_TIME>; denied N/V/D; BM x 2 this am, denied blood in urine or stool",251,Abdominal pain,Gastrointestinal,silver,
"From <LOCATION>, direct <LOCATION> for uterine fibroids with possible malignancy. Pt reports pain since <DATE_TIME>, denies vaginal bleeding. Medics report low grade fever en route, 1L <LOCATION> and 1g APAP given en route, pt arrives afebrile, A&Ox4.",457,"Pregnancy issues, <20 weeks",OB/GYN,silver,
f/u abcess,866,Minor complaints NOS,General and Minor,silver,
left hip and leg pain,555,Lower extremity pain,Orthopedic,silver,
"Pt fell from bunk in his <LOCATION> jail cell. Pt landed on his left side and denies loc. Pt fractured his left elbow, left hip and has laceration on his left nares.",802,Major trauma—blunt,Trauma,silver,
BIB APD for med clearance. Pt states arm in <DATE_TIME> pain. Arm in splint. Pt states he left oxy in a hotel room. Walks with cane due to femur injury. Resp unlabored and even. MMM,555,Lower extremity pain,Orthopedic,silver,
"2wk F/u L elbow ORIF <DATE_OF_SERVICE> Hovis, L hip",856,Dressing change,General and Minor,silver,
"Arthritis, Chronic Care",866,Minor complaints NOS,General and Minor,silver,
felt ill this am; went to clinic had temp; got vit d hydrocodone gaba; left knee pain;,555,Lower extremity pain,Orthopedic,silver,
"Sent from <LOCATION>, woke up with fever & L knee pain this AM, suspected septic knee. Denies knee pain, complaining of R shoulder pain, grimacing. Arrives with aspirate from knee performed in <PERSON>.",555,Lower extremity pain,Orthopedic,silver,
FV - septic arthritis of left knee,558,Joint(s) swelling,Orthopedic,rule,SEPTIC_ARTHRITIS
f/u L knee,856,Dressing change,General and Minor,silver,
right ankle injury. splint in place on arrival.,557,Lower extremity injury,Orthopedic,silver,
anxiety and hallucinations,353,Hallucinations/delusions,Mental Health,rule,PSYCHOSIS
left shoulder dislocation,556,Upper extremity injury,Orthopedic,silver,
pt vomiting for <DATE_TIME>. pt states she feels much better after two nausea med and a liter of fluid.,257,Nausea and/or vomiting,Gastrointestinal,silver,
"PT PRESENTS TO <PERSON> VIA MEDEVAC WITH AUDITORY HALLUCINATIONS AND HAS STOPPED TAKING HER MEDICATIONS, PT HAVING DELUSIONS, PT DENIES SI/HI",353,Hallucinations/delusions,Mental Health,rule,PSYCHOSIS
medevac for L,999,Unknown,General and Minor,silver,
"Pt BIBAA from <LOCATION> after new onset l side weakness/cp w onset <DATE_TIME> on <DATE_TIME>. Currently pt is sitting on hospital stretcher is moving all extremities and states they still have l sided CP. Changed into gown, family @ bedside",409,Extremity weakness/symptoms of CVA,Neurologic,silver,
"hasnt felt good for <DATE_TIME>, sob since <DATE_TIME>. wheezing. out of bp meds for <DATE_TIME>.",651,Shortness of breath,Respiratory,silver,
"55 yo female CC; woke up with sharp pain to RUQ Called at <DATE_TIME>,",251,Abdominal pain,Gastrointestinal,silver,
55 yo female CC: Abdominal Pain Possible acute Abdomen,251,Abdominal pain,Gastrointestinal,silver,
"Authorized in from <LOCATION> with guardian, <DATE_TIME> RUQ pain with nausea. states fell on log <DATE_TIME>. describes as sharp, tender to touch",251,Abdominal pain,Gastrointestinal,silver,
"Authorized in <DATE_TIME> related to abdominal pain, seen in the ER. Here for pain relief",251,Abdominal pain,Gastrointestinal,silver,
NSGY prior- f/v low back pain,551,Back pain,Orthopedic,silver,
"F/U, MRI/XR, EMG/NCV prior, chronic left sided low back and radicular leg pain",551,Back pain,Orthopedic,silver,
F/up <PERSON>,999,Unknown,General and Minor,silver,
"Authorized in from <LOCATION> with guardian related to left sided chest pain with nausea and palpitations, anxirty. states heart rate was 90 but high for her. given nitro x 3, asa 324, 2mg ativan and nS",3,Chest pain—cardiac features,Cardiovascular,silver,
"FV - Chest Pain, Pre-op LHC",3,Chest pain—cardiac features,Cardiovascular,silver,
follow-up LHC/wound check,710,Wound check,Skin,silver,
"F/U: Low Back Pain, last seen <DATE_TIME>",551,Back pain,Orthopedic,silver,
"Weakness, EKG changes",7,General weakness,Cardiovascular,silver,
"FV- Hospital d/c, monitor results",999,Unknown,General and Minor,silver,
"new refferal, EKG, labs",999,Unknown,General and Minor,silver,
S/P CVA,865,Post-operative complications,General and Minor,rule,POST_OP
"pt reports stroke <DATE_TIME>, has been at regional since, d/c'd 1700 <DATE_TIME>, at dinner began to feel SOB and c/o dry throat, mom also present in triage states he has cardiology appt <DATE_TIME>. in triage pt is speaking in full sentences",409,Extremity weakness/symptoms of CVA,Neurologic,rule,CVA_STROKE
Ref. ER follow up Unlisted provider,855,Direct referral for consultation,General and Minor,silver,
Pt had a fall on ice at <DATE_TIME>,802,Major trauma—blunt,Trauma,silver,
Discuss lab results,863,Abnormal lab values,General and Minor,silver,
vs/ recheck post IP status as instructed by Dr. <PERSON> so she can fly home <DATE_TIME>,855,Direct referral for consultation,General and Minor,silver,
took pills,752,Overdose ingestion,Substance Misuse,silver,
"pt states took 3 benadryl, almost a bottle of ibuprofen. doesnt remember if she was trying to hurt herself. states her son and husband are on outs with her.",351,Depression/suicidal/deliberate self-harm,Mental Health,silver,
"WWE, PAP, MAMMO",866,Minor complaints NOS,General and Minor,silver,
Both knees and feet pain,555,Lower extremity pain,Orthopedic,silver,
"Left shoulder pain, bilateral knee pain",554,Upper extremity pain,Orthopedic,silver,
"BIB Guardian for NSTEMI, trop 235. ASA, lovenox, nitro paste PTA. cardiac history. pt currently denies chest pain or left shoulder pain. c/o bilateral knee pain, hx of osteoarthritis. aox4, resp even and unlabored.",3,Chest pain—cardiac features,Cardiovascular,rule,STEMI_NSTEMI
F/u for heart attack,855,Direct referral for consultation,General and Minor,silver,
N/V/D since <DATE_TIME>,257,Nausea and/or vomiting,Gastrointestinal,silver,
arrives via medevac from <LOCATION> with c/o irregular HR that started 0845 <DATE_TIME>. Pt received medication conversion while there and arrives in a sinus rhythm.,5,Palpitations/irregular heart beat,Cardiovascular,silver,
"Follow up from visit <DATE_TIME>, was tachycardia",5,Palpitations/irregular heart beat,Cardiovascular,silver,
"Chest pain, numbness to right arm",3,Chest pain—cardiac features,Cardiovascular,silver,
right upper chest pain after picking berries <DATE_TIME>. Near syncopal episode <DATE_TIME>.,4,Chest pain—non-cardiac features,Cardiovascular,silver,
"possible ETOH with drawal, <DATE_TIME> and <DATE_TIME> with right rib pain",753,Substance withdrawal,Substance Misuse,silver,
Dislocated R) knee,557,Lower extremity injury,Orthopedic,silver,
right knee pain.,555,Lower extremity pain,Orthopedic,silver,
follow up post ER visit <DATE_TIME> for reoccurent right knee injury,557,Lower extremity injury,Orthopedic,silver,
"left lower side chest pain, sudden onset 30 min PTA with SOB",3,Chest pain—cardiac features,Cardiovascular,silver,
<NRP> flight from <PERSON> chest apin pulmanary abccess,3,Chest pain—cardiac features,Cardiovascular,silver,
F/U from,866,Minor complaints NOS,General and Minor,silver,
left lower lung abscess,709,Localized swelling/redness,Skin,rule,LOCALIZED_INFECTION
"Possible food poisoning, last vomiting <DATE_TIME>, had phenergan and zofran and <NRP> fluids in the village",257,Nausea and/or vomiting,Gastrointestinal,silver,
Authorized in from <LOCATION> with Guardian related to chest pain radiating to elbows and shoulders increasing with inspiration and exertion some SOB. LLQ pain with palpitation. pain has resolved after fluids and asa,3,Chest pain—cardiac features,Cardiovascular,silver,
"<LOCATION> Discharged /Cabg: labs, echo, ekg",865,Post-operative complications,General and Minor,silver,
Follow-up Hx CABG,865,Post-operative complications,General and Minor,silver,
FV DM2: Admit <DATE_TIME>; Discharge: <DATE_TIME> CABG x4,865,Post-operative complications,General and Minor,silver,
F/up HX of CABG,865,Post-operative complications,General and Minor,silver,
hypotension,6,Hypertension,Cardiovascular,silver,
"recheck lungs, feeling worse",651,Shortness of breath,Respiratory,silver,
"other illness with wheezing, swelling to lower legs",659,Wheezing—no other complaints,Respiratory,silver,
Homevisit-patient in quarantine. Female <DATE_TIME>. complains of right side chest pain,3,Chest pain—cardiac features,Cardiovascular,silver,
right side chest pain,4,Chest pain—non-cardiac features,Cardiovascular,silver,
recheck other illness with wheeze with positive COVID 19 test,851,Exposure to communicable disease,General and Minor,rule,COVID_EXPOSURE
"get vitals and listen to lungs, pt has positive COVID 19 test",851,Exposure to communicable disease,General and Minor,rule,COVID_EXPOSURE
pt brought in due to being positive for covid 19 and chest pain,3,Chest pain—cardiac features,Cardiovascular,silver,
"Discharged <DATE_TIME> related to <PERSON>, family noticed a decline in patients status. ""not acting herself"" unable to assist with transfering or using walker anymore",402,Confusion,Neurologic,silver,
"<DATE_TIME> female calls clinic for feeling sick, bad cold, fevering. Hands shaking when doing something",852,Fever,General and Minor,silver,
Possible pneumonia Respiratory 13,651,Shortness of breath,Respiratory,silver,
<DATE_TIME> female came in for recheck on UTI but now wheezing,659,Wheezing—no other complaints,Respiratory,silver,
Increased work of breathing,651,Shortness of breath,Respiratory,silver,
<DATE_TIME> female just came from <LOCATION> hospital and was due for a recheck,866,Minor complaints NOS,General and Minor,silver,
<DATE_TIME> female had a recheck visit request from a provider,866,Minor complaints NOS,General and Minor,silver,
Follow up care for kidney problem? Frail elder,866,Minor complaints NOS,General and Minor,silver,
"Chronic Pain, Chronic care, Anemia front not enough iron in diet",864,Pallor/anemia,General and Minor,silver,
"BIB Life Med from <PERSON>. <PERSON> pain started <DATE_TIME>. Diagnosed with perfed bowel. Recieved <PERSON>, and fluconizol.",251,Abdominal pain,Gastrointestinal,rule,BOWEL_PERFORATION
FV perforated duodenal ulcer,251,Abdominal pain,Gastrointestinal,rule,BOWEL_PERFORATION
"Snomachine accident, injured right buttock/hip",555,Lower extremity pain,Orthopedic,silver,
village vitals,866,Minor complaints NOS,General and Minor,silver,
"MVC, hit with <LOCATION>, loc at scene <DATE_TIME>. <PERSON> had refused to come to ER, <PERSON> finally agreed and transported by Guardian.",802,Major trauma—blunt,Trauma,silver,
snow machine accident,802,Major trauma—blunt,Trauma,silver,
pt returns for increased right buttock pain. pt ran out of norcos <DATE_TIME>.,866,Minor complaints NOS,General and Minor,silver,
"Snow machine accident <DATE_TIME>, I&D <DATE_TIME>. Here for packing removal",856,Dressing change,General and Minor,silver,
Here for followup. Patient states that he got an infection on the right buttock after an incision there.,865,Post-operative complications,General and Minor,silver,
"Authorized in from <LOCATION>, here for a follow-up related toright Hip I&D",865,Post-operative complications,General and Minor,silver,
"musculoskeletal pain, closed fracture to hip",866,Minor complaints NOS,General and Minor,silver,
"requesting pain medicine for hip pain to fx area, went home to <LOCATION> and first time sit that long during the plane ride, now really hurting. Due to covid restrictions just got paitents vitals at a homevisit.",866,Minor complaints NOS,General and Minor,silver,
"wound check on right gluteus, he had bad infection where he got bumped on right gluteus",710,Wound check,Skin,silver,
recheck incision right gluteus,710,Wound check,Skin,silver,
recheck cellulitis improving,709,Localized swelling/redness,Skin,rule,LOCALIZED_INFECTION
"recheck wound, see if need to change I & d dressing",710,Wound check,Skin,silver,
R hand pain/swelling s/p snow machine accident,865,Post-operative complications,General and Minor,rule,POST_OP
"Pt states he injured his RIGHT hand approx <DATE_TIME> and was sent here for hand surgery. ""I was supposed to come <DATE_TIME> but I ate"" Last oral intake at <DATE_TIME>. Hand in splint.",556,Upper extremity injury,Orthopedic,silver,
STD treatment,303,Genital discharge/lesion,Genitourinary,silver,
wound check R hand <DATE_OF_SERVICE>,710,Wound check,Skin,silver,
"<DATE_TIME> male cc SOB , covid positive on <DATE_TIME>",651,Shortness of breath,Respiratory,rule,COVID_RESPIRATORY
Covid- SOB,651,Shortness of breath,Respiratory,rule,COVID_RESPIRATORY
BIB Guardian flight from <LOCATION> for hypoxia and COVID for <DATE_TIME>. On arrival patient awake and oriented and 86% on RA.,651,Shortness of breath,Respiratory,rule,COVID_RESPIRATORY
"arrived by Medevac, reported alleged assault with + LOC; + ETOH ""<DATE_TIME>""; denied any blood thinners",407,Head injury,Neurologic,silver,
Lesion on left cheek,711,Other skin conditions,Skin,silver,
<DATE_TIME> female here for swelling in her hands and feels like high blood pressureself,6,Hypertension,Cardiovascular,silver,
other cause of swelling in the hands,558,Joint(s) swelling,Orthopedic,silver,
"<DATE_TIME> female came in because she feels short of breath, thinking it is from her high blood pressure, was given high blood pressure pills recently but finally took them <DATE_TIME>",651,Shortness of breath,Respiratory,silver,
High Blood prsure,6,Hypertension,Cardiovascular,silver,
pt off and on had chest tightness with arm numbness since giving birth. pt arrives by medivac with all symptoms resolved.,3,Chest pain—cardiac features,Cardiovascular,silver,
Was admitted for palpitations and discharged <DATE_TIME> here for a follow-up,5,Palpitations/irregular heart beat,Cardiovascular,silver,
"NR- tachycardia, recent preeclampsia in <DATE_TIME> <DATE_TIME>; no c/o CP, no SOB, no dizziness, occ fast heart rate; no edema in LE- meds reviewed",455,Vaginal bleed,OB/GYN,rule,PPH_OBSTETRIC_BLEED
PT PRESENTS TO <PERSON> VIA MEDEVAC FROM NOOVIK WITH RIGHT SHOULDER DISLOCATION AFTER FALL AROUND 0200,556,Upper extremity injury,Orthopedic,silver,
FV DM2 VTC to <LOCATION> Clinic,866,Minor complaints NOS,General and Minor,silver,
Left eye pain,505,Eye pain,Ophthalmology,silver,
Pre Op Ce/IOL OS for Narrow Angles.,504,Visual disturbance,Ophthalmology,silver,
"Pre Op Cataract OD and <DATE_TIME> s/p PCIOL OS by RWD instructions given, +narrow angles OD",752,Overdose ingestion,Substance Misuse,rule,OVERDOSE
rtc POD 1 CEIOL OD. Doing well. Compliant with gtts,752,Overdose ingestion,Substance Misuse,rule,OVERDOSE
"Pt was at Optomologist and sent to <PERSON> for hypotension. Denies any CP, SOB, dizziness, lighteadedness, pt calm, compiant, denies N/V/D. Hx cataract on Left eye, reports mild pain at this time.",505,Eye pain,Ophthalmology,silver,
code blue,1,Cardiac arrest (non-traumatic),Cardiovascular,silver,
Hospital d/c,865,Post-operative complications,General and Minor,silver,
"PT PRESENTS TO <PERSON> VIA MEDEVAC FROM <LOCATION> FOR WOUND TO LEFT GREAT TOE X 1 WK, SEEN AT CLINIC SAT AND GIVEN IM ANTIBIOTICS AND TODAY WOUND WORSE PER CLINIC",709,Localized swelling/redness,Skin,silver,
"musculoskeletal pain, possible closed fracture",555,Lower extremity pain,Orthopedic,silver,
"78 possible broken hip, slipped <DATE_TIME> once than twice <DATE_TIME> and cant get up from couch",555,Lower extremity pain,Orthopedic,silver,
"Pt transfer from <LOCATION>, c/o left hip pain s/p fall; reports slippers made her fall; denies other injuries.",865,Post-operative complications,General and Minor,rule,POST_OP
fall left hip injury,555,Lower extremity pain,Orthopedic,silver,
Pt transfer accepted by <LOCATION>; pt feeling unwell for <DATE_TIME>; worse <DATE_TIME>; symptoms since resolved; transfer as NSTEMI with elevated trop; also elevated lactic and BNP with no additional symptoms,3,Chest pain—cardiac features,Cardiovascular,rule,STEMI_NSTEMI
"EKG changes, vomiting,",257,Nausea and/or vomiting,Gastrointestinal,silver,
VTC CM,999,Unknown,General and Minor,silver,
PT PRESENTS TO <PERSON> VIA MEDEVAC FOR SOB,651,Shortness of breath,Respiratory,silver,
77M here because he fell <DATE_TIME> in his boat <DATE_TIME> and he land on his right side.,555,Lower extremity pain,Orthopedic,silver,
Other nervous system problem,999,Unknown,General and Minor,silver,
Recheck for musculoskeletal pain,555,Lower extremity pain,Orthopedic,silver,
77M recheck from fall <DATE_TIME>,555,Lower extremity pain,Orthopedic,silver,
"bib flightteam from <LOCATION> for general weak, recent falls and covid positive. alert calm even resps. dry cough noted. denies pain",653,Cough/congestion,Respiratory,rule,COVID_COUGH
"<DATE_TIME> male - worsening since his fall on <DATE_TIME>, landing on his right side . moving alot less <DATE_TIME>, cant sit or walk alone, new symtoms <DATE_TIME>, no control of bowels, and bowels with blood",409,Extremity weakness/symptoms of CVA,Neurologic,silver,
Recheck right side abdomen pain Bloody stool Pneumonia,259,Vomiting blood,Gastrointestinal,silver,
"weakness, fever, cough",852,Fever,General and Minor,silver,
"medevaced in from <LOCATION> for SI, Pt has Hx of CP, family reports pt's father died in 08/<DATE_TIME> and has had emotional issues since his death",351,Depression/suicidal/deliberate self-harm,Mental Health,silver,
"can't stop crying, talk of suicide <DATE_TIME>",351,Depression/suicidal/deliberate self-harm,Mental Health,rule,SUICIDAL
SI for <DATE_TIME> since father passed away <DATE_TIME>.,351,Depression/suicidal/deliberate self-harm,Mental Health,silver,
"nonstop crying, uncontrolled depression. large red swollen elbow",351,Depression/suicidal/deliberate self-harm,Mental Health,silver,
"was walking to dumps, crying, saying she wants to die",351,Depression/suicidal/deliberate self-harm,Mental Health,silver,
reported SI,351,Depression/suicidal/deliberate self-harm,Mental Health,silver,
"possible suicidal thoughts, says she wants to die",351,Depression/suicidal/deliberate self-harm,Mental Health,rule,SUICIDAL
"can't stop crying, she wants to die",351,Depression/suicidal/deliberate self-harm,Mental Health,silver,
wants to die,351,Depression/suicidal/deliberate self-harm,Mental Health,silver,
"arrived by Medevac for SI, pt requesting help",351,Depression/suicidal/deliberate self-harm,Mental Health,silver,
tooth or bone trying to poke out of gum,101,Dental/gum problem,ENT - Mouth/Throat/Neck,silver,
GIB,260,Blood in stool/melena,Gastrointestinal,rule,GI_BLEED
vomiting/diarrhea,257,Nausea and/or vomiting,Gastrointestinal,silver,
vomiting black and diarrhea black,259,Vomiting blood,Gastrointestinal,silver,
"Medevac from <LOCATION> with upper GI bleed of coffee ground emesis <DATE_TIME>. HH <DATE_TIME>.9 Received 2L NS, Protonix 40 mg and <LOCATION>. Denies pain or nausea.",260,Blood in stool/melena,Gastrointestinal,rule,GI_BLEED
An escort from <LOCATION>. Complaints of on/off left sided abdominal pain for <DATE_TIME>. none at present,251,Abdominal pain,Gastrointestinal,silver,
64 yof here for vomiting and stomach pain,251,Abdominal pain,Gastrointestinal,silver,
gastroenteritis,257,Nausea and/or vomiting,Gastrointestinal,silver,
vomiting and diarrhea <DATE_TIME>,257,Nausea and/or vomiting,Gastrointestinal,silver,
ABD pain x <DATE_TIME>,251,Abdominal pain,Gastrointestinal,silver,
"Ambulatory to triage. Pt sent from <LOCATION> de to diverticulitis. Reports <PERSON> pain for <DATE_TIME>. Assoc N/V/D, flautlence. <PERSON>. <PERSON> soft, non-tender. NAD.",251,Abdominal pain,Gastrointestinal,silver,
"<PERSON> pain, epigastric beginning <DATE_TIME>. Abd distention. Nausea, denies vomiting, endorses diarrhea. Denies CP/SOB/dizziness.",263,Abdominal mass/distention,Gastrointestinal,silver,
pre-op lap sigmoid,865,Post-operative complications,General and Minor,silver,
F/U Sigmoid Resection w Dr. Brownson <DATE_TIME>,865,Post-operative complications,General and Minor,silver,
<DATE_TIME> male with swelling in both legs and feet,10,Bilateral leg swelling/edema,Cardiovascular,silver,
swelling from kidney or liver disease,9,"Edema, generalized",Cardiovascular,silver,
"recheck swelling from other cause,",10,Bilateral leg swelling/edema,Cardiovascular,silver,
"<DATE_TIME> male recheck for edema in both lower legs, now SOB and vomiting glucose 182 random finger stick",10,Bilateral leg swelling/edema,Cardiovascular,silver,
"Authorized in from <LOCATION>, related to sob, chest pain, N/V and abdominal pain. Swelling to hands and feet",10,Bilateral leg swelling/edema,Cardiovascular,silver,
"60yo M follow up after being discharged from <DATE_TIME>, given augmentin",866,Minor complaints NOS,General and Minor,silver,
recheck pneumonia after being discharged,154,URTI complaints,ENT - Nose,silver,
CKD 3,866,Minor complaints NOS,General and Minor,silver,
<DATE_TIME> male recheck after pneumonia,154,URTI complaints,ENT - Nose,silver,
recheck pnemonia,154,URTI complaints,ENT - Nose,silver,
"slipped and fell on ice, injury to lwer back spinal area and a headache",552,Traumatic back/spine injury,Orthopedic,silver,
"Authorized in from <LOCATION> by guardian, related to hypertension and hyperlipidemia, has been non-compliant with all medications. abdominal pain with N/v for <DATE_TIME>. tested positive in clinic <DATE_TIME>",6,Hypertension,Cardiovascular,silver,
FV CKD4 with single kidney,866,Minor complaints NOS,General and Minor,silver,
NP Referral: Pancreatic Induced DM-last seen by <PERSON> on <DATE_TIME>,866,Minor complaints NOS,General and Minor,silver,
"""Need clearance to fly home""",866,Minor complaints NOS,General and Minor,silver,
"medevac, abd pain, blood in stool",260,Blood in stool/melena,Gastrointestinal,silver,
"PT PRESENTS TO <PERSON> VIA MEDEVAC FOR VOMITING X <DATE_TIME>, PT COVID + TODAY IN CLINIC",257,Nausea and/or vomiting,Gastrointestinal,silver,
"pt bib flight from <LOCATION> for complications r/t <LOCATION> infection. pt has facial droop that improved, <DATE_TIME> kidney disease, LLL pneumonia, pt has LUE weakness that developed with facial droop at prev facility. Leg weakness at baseline.",409,Extremity weakness/symptoms of CVA,Neurologic,silver,
R rib pain s/p fall <DATE_TIME>,865,Post-operative complications,General and Minor,rule,POST_OP
arrived via ems / air care flight crew. c/o anemia and CKD stage V.,864,Pallor/anemia,General and Minor,silver,
"Authorized in from <LOCATION>, <DATE_TIME> N/V, <DATE_TIME> abdominal pain radiating into shoulders",251,Abdominal pain,Gastrointestinal,silver,
"Pt BIB air ems from <LOCATION> hospital for <NRP>, c/o abdominal pain for <DATE_TIME>, and had nausea and vomiting <DATE_TIME>",251,Abdominal pain,Gastrointestinal,silver,
FV - Contained perforation of gastric ulcer,251,Abdominal pain,Gastrointestinal,silver,
"recheck cellulitis, hypertension",709,Localized swelling/redness,Skin,rule,LOCALIZED_INFECTION
"follow up cellulitits, mildy improving",856,Dressing change,General and Minor,silver,
<DATE_TIME> male came on both ankles,557,Lower extremity injury,Orthopedic,silver,
"recheck on infected wounds, skin/soft tissue 16",709,Localized swelling/redness,Skin,rule,LOCALIZED_INFECTION
"head injury, he was in a altercation with nephew and had hit his head pretty hard",407,Head injury,Neurologic,silver,
"Seizure in village, BIB Guardian, ""I was assaulted by my cousin and got knocked out"" pt states LOC changes. Given Rectal Diazepam in village. GCS 15 with flight and triage. Bump on back of head, no bleeding A&Ox4 Negative NIH score",405,Seizure,Neurologic,silver,
"recheck on severe head injury, emergency 3 Please sign employee to go back to <LOCATION> on <DATE_TIME> for clearance",407,Head injury,Neurologic,silver,
<DATE_TIME> male came in for recheck on concussion,407,Head injury,Neurologic,silver,
Recheck severe head injury,407,Head injury,Neurologic,silver,
<DATE_TIME> male came in for clearance to go back <LOCATION>,407,Head injury,Neurologic,silver,
BIB Guardian flight from <LOCATION> after slip and fall <DATE_TIME> @ 1800 resulting in right hip fracture. 50mcg of fentanyl at <DATE_TIME>. Resting comfortably on arrival. VSS. Hx of Right hip surgery in <DATE_TIME> after traumatic injury. Skin intact. Neg covid pta.,557,Lower extremity injury,Orthopedic,rule,FEMUR_FRACTURE
"<DATE_TIME> male who slipped outside of his house and injured his right hip, unable to get up so transported to clinic with a strtetche",557,Lower extremity injury,Orthopedic,silver,
Fall injury Injured Right Hip Patient requests to go home - he's not concerned at this time,557,Lower extremity injury,Orthopedic,silver,
Right hip pain after falling on ice,555,Lower extremity pain,Orthopedic,silver,
wound 1 - right hip surgery,865,Post-operative complications,General and Minor,silver,
"homevisit, dressing change to right hip surgery",856,Dressing change,General and Minor,silver,
"home visit, staple removal, <DATE_TIME> of staples, removed 6 staples",857,Removal staples/sutures,General and Minor,silver,
"post op staple removal, 6 staples, <DATE_TIME> and <DATE_TIME> no signs of infection to surgery site",865,Post-operative complications,General and Minor,rule,POST_OP
fall with possible broken arm,802,Major trauma—blunt,Trauma,silver,
Feeling bad after finder/bender with atv. noted at clinic to be in AFib RVR. Guardian gave 12.5 mg Dilt.,5,Palpitations/irregular heart beat,Cardiovascular,rule,AFIB_RVR
syncopy/ fall off ATV/high trop/Afib w/RVR/,5,Palpitations/irregular heart beat,Cardiovascular,rule,AFIB_RVR
Fell off the back of ATV <DATE_TIME>; c/o chest pain radiating to right ribs and flank,3,Chest pain—cardiac features,Cardiovascular,silver,
"Fell, bumped head, pt is on blood thinner",407,Head injury,Neurologic,silver,
Hypothermia. Found on metal grate outside of building in only slacks. Barefoot.,205,Hypothermia,Environmental,rule,HYPOTHERMIA
"BIB Guardian flight from <LOCATION>, pt found naked and frozen to a metal grate @ <DATE_TIME>, discoloration and bruising from head to toe.. rectal temp to low to recognize on arrival. pt minimally responsive.",205,Hypothermia,Environmental,silver,
<DATE_TIME> of abd pain. N/V <DATE_TIME>.,251,Abdominal pain,Gastrointestinal,silver,
"pt arrived by guardian for APY, pt was at home <LOCATION> with abdominal pain fir 5 days, taken to <LOCATION> clinic for further assessment, A&OX4",251,Abdominal pain,Gastrointestinal,silver,
FV: post umbilical hernia repair,865,Post-operative complications,General and Minor,silver,
pt with facila and mouth swelling. assault. etoh on board.,709,Localized swelling/redness,Skin,silver,
"BIB Medivac via Guardian, s/p physical assault, presents w/ Bilateral Mandibular Fx, Bilateral Nasal Fx, C Cleared in <LOCATION>. Pt alert, ambulates steadily, PIV in-p-lace upon arrival.",865,Post-operative complications,General and Minor,rule,POST_OP
needs work release,866,Minor complaints NOS,General and Minor,silver,
welfare check,359,Concern for patient's welfare,Mental Health,silver,
Homevisit. Femal <DATE_TIME>.,359,Concern for patient's welfare,Mental Health,silver,
She has had generalized weakness and failure to thrive for <DATE_TIME>,7,General weakness,Cardiovascular,silver,
"slip and fall in bath tub, No LOC, neck",552,Traumatic back/spine injury,Orthopedic,silver,
Flown in from <LOCATION> for unstable C2 FX secondary to slip & fall in the bathroom. Pt hit head on sink during same. No LOC reported by flt team. Pt arrives alert & wearing C-collar. See trauma flow sheet for baseline VS.,552,Traumatic back/spine injury,Orthopedic,silver,
Moved to pt housing from ARH. Can't sleep. Broke neck <DATE_TIME> after slipping in the bathtub. Lives in <LOCATION> with grandson. H/O insomnia NAD. Concerned about lack of sleep,354,Insomnia,Mental Health,silver,
"Authorized in from <LOCATION>, not sleeping for <DATE_TIME>, just back from <LOCATION>. found unresponsive outside home, CPR by ems, narcan im. once in clinic was responsive. c/o headache.",401,Altered level of consciousness,Neurologic,silver,
L ankle pain/swelling s/p jumping off boat bow at approx. <DATE_TIME>,865,Post-operative complications,General and Minor,rule,POST_OP
Eval: L trimalleolar ankle fx,557,Lower extremity injury,Orthopedic,silver,
f/u left foot ankle injury,557,Lower extremity injury,Orthopedic,silver,
had seizure and hit head to tub in bathroom. very violent for,407,Head injury,Neurologic,silver,
seizure that caused a fall now head injury,407,Head injury,Neurologic,silver,
Seizure x2 this am,405,Seizure,Neurologic,silver,
pt comes in medevac for lower abd pain with ekg concerns,251,Abdominal pain,Gastrointestinal,silver,
"Pt c/o dysuria and pelvic pain that onset <DATE_TIME>, sent to <PERSON> from <LOCATION> for CT scan per pt, pt awake, alert, denies seeing blood in urine, denies any other symptoms at this time",307,UTI complaints,Genitourinary,silver,
Self ref: <PERSON> from <DATE_TIME>,866,Minor complaints NOS,General and Minor,silver,
FV abdominal pain,251,Abdominal pain,Gastrointestinal,silver,
Here to VTC visit,866,Minor complaints NOS,General and Minor,silver,
"43M Ref <LOCATION> ED eval R) lid <LOCATION>. <PERSON> slipped <DATE_TIME> and hit face on metal rod. Feels better <DATE_TIME>, but more swelling now. Denies pain/new floaters/flashes",509,Periorbital swelling,Ophthalmology,silver,
f/u- s/p craniplasty - <PROVIDER> <DATE_TIME>,865,Post-operative complications,General and Minor,rule,POST_OP
: Other Severe Abdominal Injury and General Care of AbdominalInjuries,806,Isolated abdominal trauma—blunt,Trauma,silver,
"pt driveing snow go at high rate of speed, Hit a snow drift head on and stopped",802,Major trauma—blunt,Trauma,silver,
medevac from <LOCATION> r/t snow machine accident,802,Major trauma—blunt,Trauma,silver,
s/p ex lap with SBR and sigmoid colon,865,Post-operative complications,General and Minor,rule,POST_OP
"Pt arrived back to ER, via <LOCATION> aircare team full code status",999,Unknown,General and Minor,silver,
"diff breathing, ALOC, increased weakness, poor feeding",651,Shortness of breath,Respiratory,silver,
"Severe Dehydration Digestive System Bleeding, Abdonminal Pain, Severe Alcohol Withdrawls.",7,General weakness,Cardiovascular,rule,DEHYDRATION
"44 yo female CC: stomach pain with vomit with blood, stomach for x a month now, x <DATE_TIME> a couple time and then <DATE_TIME> a couple of times and started more",259,Vomiting blood,Gastrointestinal,silver,
"authorized in from <LOCATION> for gi bleeding, pale mm, pale skin, pale nailbeds, c/o diffuse abd pain and pressure, dizziness",260,Blood in stool/melena,Gastrointestinal,rule,GI_BLEED
Pt arrives via guardian from <LOCATION> with report of abdominal pain X <DATE_TIME> and hemataemesis starting <DATE_TIME>.,259,Vomiting blood,Gastrointestinal,silver,
"<PERSON> pain, dehydration. and vomiting",7,General weakness,Cardiovascular,rule,DEHYDRATION
"Authorized in from <LOCATION> with Guardian related to ha <DATE_TIME> then increasing generalized (sharp) abdominal pain with fever, fatigue and nausea. was given tylenol 975mg, zofran 8mg, 2 grams of rocephin, 2mg morphine, zoysn 3.375 and 100 mcg at <DATE_TIME>",251,Abdominal pain,Gastrointestinal,silver,
"heavy menstrual bleeding, changing super tampon and pad <DATE_TIME> since <DATE_TIME>",455,Vaginal bleed,OB/GYN,silver,
Abnormal uterine bleeding,455,Vaginal bleed,OB/GYN,silver,
Hep B due,851,Exposure to communicable disease,General and Minor,silver,
"Right jaw, right ear and neck pain",104,Neck swelling/pain,ENT - Mouth/Throat/Neck,silver,
Mouth pain,101,Dental/gum problem,ENT - Mouth/Throat/Neck,silver,
"Snow machine roll over accident <DATE_TIME> with LOC, injury to head and left rib area",802,Major trauma—blunt,Trauma,silver,
stab wound to right chest lateral wound approx 2 inches,801,Major trauma—penetrating,Trauma,rule,MAJOR_TRAUMA_PENETRATING
wound recheck,710,Wound check,Skin,silver,
overdose of 325mg aspirin. approx 50 pills total <DATE_TIME> prior to arrival her in <LOCATION>,752,Overdose ingestion,Substance Misuse,rule,OVERDOSE
"28 y/o female took pills, asprin as witnesses said, said she took alot, 500mg asprin",752,Overdose ingestion,Substance Misuse,silver,
General care for posioning,751,Substance misuse/intoxication,Substance Misuse,silver,
"Medevac in from village for Tylenol Overdose at <DATE_TIME>, reportedly took approximately 50 pills of 325mg,",752,Overdose ingestion,Substance Misuse,rule,OVERDOSE
Pelvic pain since <DATE_TIME> pregnant,457,"Pregnancy issues, <20 weeks",OB/GYN,silver,
Return prenatal,457,"Pregnancy issues, <20 weeks",OB/GYN,silver,
recent palpitations,5,Palpitations/irregular heart beat,Cardiovascular,silver,
abnormal heart rat or rhythm with no chest pain.,5,Palpitations/irregular heart beat,Cardiovascular,silver,
83F here for heart feel different <DATE_TIME> on and off.,5,Palpitations/irregular heart beat,Cardiovascular,silver,
"<DATE_TIME> female is here for heart racing, accidently doubled up <DATE_TIME>, stopped <DATE_TIME> and said her heart started racing <DATE_TIME>",5,Palpitations/irregular heart beat,Cardiovascular,silver,
Medication Error. racing heart- not happeneing now,5,Palpitations/irregular heart beat,Cardiovascular,silver,
83yo F here for left side drooping and weak and said chest wanted to hurt,409,Extremity weakness/symptoms of CVA,Neurologic,silver,
other nerbous problem,999,Unknown,General and Minor,silver,
"<DATE_TIME> female cc feel weak, started <DATE_TIME>, also said her face feel weird, like numb by her mouth",402,Confusion,Neurologic,silver,
recheck feel weak,7,General weakness,Cardiovascular,silver,
<DATE_TIME> female cc slow heart beat started,5,Palpitations/irregular heart beat,Cardiovascular,silver,
Abnormal heart rate,5,Palpitations/irregular heart beat,Cardiovascular,silver,
"HTN, Hypothyroidism, osteoporosis.",6,Hypertension,Cardiovascular,silver,
"L Knee Swelling, Pain, Decreased ROM",558,Joint(s) swelling,Orthopedic,silver,
concern for dementia,359,Concern for patient's welfare,Mental Health,silver,
L sided headache,404,Headache,Neurologic,silver,
tylenol overdose,752,Overdose ingestion,Substance Misuse,rule,OVERDOSE
took 23 tylenol 325 mg,752,Overdose ingestion,Substance Misuse,silver,
c/o SOB x <DATE_TIME>.,651,Shortness of breath,Respiratory,silver,
Pt Arrives with flight crew with GWS to neck. Entry and exit wound noted. Pt is <PERSON> and maintaining airway. Found by family down for unknown time with 22 calibar pistol beside him. Pt has no sensation or mobility in all for exrtremities.,801,Major trauma—penetrating,Trauma,silver,
swelling of right elbow and arm with discoloration,709,Localized swelling/redness,Skin,silver,
Pt had a fall off of a ladder <DATE_TIME> and landed on his rt elbow. Pt has developed swelling redness and abscess at the site. Pt was sent in from <PERSON> for ortho consultation,709,Localized swelling/redness,Skin,rule,LOCALIZED_INFECTION
"<DATE_TIME> after discharge for right elbow septic olecranon busitis and osteomyelitis, <PERSON>",865,Post-operative complications,General and Minor,silver,
Chest Pain heavy in nature.,3,Chest pain—cardiac features,Cardiovascular,silver,
F/U Hospitalization,855,Direct referral for consultation,General and Minor,silver,
follow up,855,Direct referral for consultation,General and Minor,silver,
"tired, continued weakness to right side post stroke.",409,Extremity weakness/symptoms of CVA,Neurologic,rule,CVA_STROKE
Possible fractured neck,552,Traumatic back/spine injury,Orthopedic,silver,
"BIB Guardian flight for numbness, weakness in lower extremities. Pt was jumping on bed, heard a crack & lost feeling in legs. Pt unable to move l or feel either leg and no pulse in left leg. +2 pedal pule in right leg. C in place on arrival.",409,Extremity weakness/symptoms of CVA,Neurologic,silver,
"right lower abdominal pain, sharp burning pain",251,Abdominal pain,Gastrointestinal,silver,
found unresponsive at home,401,Altered level of consciousness,Neurologic,silver,
found down unresponsive / normal <DATE_TIME> prior / became responsive <DATE_TIME>.,401,Altered level of consciousness,Neurologic,silver,
right ankle pain,555,Lower extremity pain,Orthopedic,silver,
recheck of abdominal pain,251,Abdominal pain,Gastrointestinal,silver,
F/U mastectomy,865,Post-operative complications,General and Minor,silver,
"fainted, not responsive",8,Syncope/pre-syncope,Cardiovascular,silver,
PT PRESENTS TO <PERSON> VIA MEDEVAC FROM <PERSON> FOR ALTERED MENTAL STATUS AND POSSIBLE SYNCOPAL EPISODE,8,Syncope/pre-syncope,Cardiovascular,silver,
FV clearance,855,Direct referral for consultation,General and Minor,silver,
"RFV: Preop L Axillary Lumph Node Excision/Biopsy, Mediport placement",855,Direct referral for consultation,General and Minor,silver,
"RUQ pain for <DATE_TIME>, increased pain in <DATE_TIME>.",251,Abdominal pain,Gastrointestinal,silver,
"Pt BIB Air for chole with stone and GS from <LOCATION>. Per pt, she has abd pain x 1wks but for <DATE_TIME>, pain got worsen. en route, Fentanyl 100mcg given to pt. upon arrival, her pain got controlled. AOx4, RA.",251,Abdominal pain,Gastrointestinal,silver,
lap chole,865,Post-operative complications,General and Minor,silver,
<DATE_TIME> female vomiting since lastnight,257,Nausea and/or vomiting,Gastrointestinal,silver,
other cause of vomiting or diarrhea,257,Nausea and/or vomiting,Gastrointestinal,silver,
<DATE_TIME> female here for recheck visit for vomiting blood and hands are constantly cramping up,259,Vomiting blood,Gastrointestinal,silver,
Mild alcohol withdrawl Alcohol/drug 5,753,Substance withdrawal,Substance Misuse,silver,
"Bloody emesis, N/V x3 days",259,Vomiting blood,Gastrointestinal,silver,
Vitals for VTC,999,Unknown,General and Minor,silver,
pt with nausea and vomiting for <DATE_TIME>.,257,Nausea and/or vomiting,Gastrointestinal,silver,
hospital discharge follow up,865,Post-operative complications,General and Minor,silver,
Depo restart,861,Prescription/medication request,General and Minor,silver,
"vomiting , abdominal pain",251,Abdominal pain,Gastrointestinal,silver,
Scrotal absess/boil x2 days,711,Other skin conditions,Skin,silver,
"Medevac from <LOCATION> for perineal abscess, elevated blood sugar.",709,Localized swelling/redness,Skin,rule,LOCALIZED_INFECTION
F/V - Groin wound,256,Groin pain/mass,Gastrointestinal,silver,
wound f/u,710,Wound check,Skin,silver,
"<DATE_TIME> female came to the clinic because shes been having stomach pains, she says that shes pregnant and her LMP was <DATE_TIME>. She did not get any prenatal care for pregnancy. Did not take any pregnancy tests at home.",457,"Pregnancy issues, <20 weeks",OB/GYN,silver,
"Contrations in women who is pregnant, possible labor.",458,"Pregnancy issues, >20 weeks",OB/GYN,silver,
PTL transport,458,"Pregnancy issues, >20 weeks",OB/GYN,silver,
"pregnant, <DATE_TIME>",457,"Pregnancy issues, <20 weeks",OB/GYN,silver,
"contractions, no prenatal care",458,"Pregnancy issues, >20 weeks",OB/GYN,silver,
contractions sincce 15:30,458,"Pregnancy issues, >20 weeks",OB/GYN,silver,
TRPN EDD: <DATE_TIME>,458,"Pregnancy issues, >20 weeks",OB/GYN,silver,
<DATE_TIME> female with head injury,407,Head injury,Neurologic,silver,
minor head injury: infected wound,709,Localized swelling/redness,Skin,rule,LOCALIZED_INFECTION
BIBA x altercation with S/O <DATE_TIME> and pushed in to wall with nail lacerating scalp. C/o <DATE_TIME> pain.,407,Head injury,Neurologic,silver,
<DATE_TIME> female c/o sinus problem. little swollen to right maxillary and both frontal sinus.,104,Neck swelling/pain,ENT - Mouth/Throat/Neck,silver,
left arm pain and left eye lac.,556,Upper extremity injury,Orthopedic,silver,
RPNV 28 <DATE_TIME>,999,Unknown,General and Minor,silver,
pregnancy 11 abdominal pressure in <DATE_TIME> pregnant lady,457,"Pregnancy issues, <20 weeks",OB/GYN,silver,
"<DATE_TIME> female having abdominal pressure that goes to the pelvic bone, having symptoms of fever like, cough, SOB at times and runny nose. <PERSON>. <DATE_TIME> pregnant",457,"Pregnancy issues, <20 weeks",OB/GYN,silver,
lower abdominal pain,251,Abdominal pain,Gastrointestinal,silver,
"attempted suicide intentional ingestion of Ibuprofen (2000mg), 7 pills 250 mg naproxin, and 4 pills (325mg) tylenol. He was asked by wife to leave. He told her he would go whrere he would not be found.",351,Depression/suicidal/deliberate self-harm,Mental Health,rule,SUICIDAL
pt assaulted with head injury. brought in by ems.,407,Head injury,Neurologic,silver,
"Pt flown in for accidental GSW to ABD. Pt arrives to trauma team alert, oriented. No external hemorrhage seen.",801,Major trauma—penetrating,Trauma,rule,MAJOR_TRAUMA_PENETRATING
GSW to abdomen,801,Major trauma—penetrating,Trauma,rule,MAJOR_TRAUMA_PENETRATING
"26 yo M recheck GSW, last seen <DATE_TIME>, given oxycodone, methocorbamal. No changes",801,Major trauma—penetrating,Trauma,rule,MAJOR_TRAUMA_PENETRATING
"recheck GSW to <PERSON>, last seen <DATE_TIME>, given methocorbamal and oxycodone, ran out <DATE_TIME>",801,Major trauma—penetrating,Trauma,rule,MAJOR_TRAUMA_PENETRATING
<DATE_TIME> female with swollen left finger,709,Localized swelling/redness,Skin,silver,
<DATE_TIME> female recheck for cellulitis/red streak,709,Localized swelling/redness,Skin,rule,LOCALIZED_INFECTION
"swelling, redness with red streak extended up left medial arm, started this am",709,Localized swelling/redness,Skin,silver,
infection,866,Minor complaints NOS,General and Minor,silver,
L index flexor tenosynnovitis wnd ck. <DATE_OF_SERVICE> Dr. <PERSON> per <PERSON>,710,Wound check,Skin,silver,
Left Index Finger Flexor Tenosynovitis . Left Index Finger Flexor Tenosynovitis,710,Wound check,Skin,silver,
Bandage change of finger (surgery was 9-3-<DATE_TIME>,856,Dressing change,General and Minor,silver,
Follow up L finger I&D <DATE_OF_SERVICE>,710,Wound check,Skin,silver,
f/u I&D LIF <DATE_OF_SERVICE>,710,Wound check,Skin,silver,
"Authorized if from <LOCATION>, has been running a fever tahr had gotten worse over <DATE_TIME>. Tightness in right chest/back upon deep inspiration with a cough",653,Cough/congestion,Respiratory,silver,
VTC with Dr. <PERSON>,866,Minor complaints NOS,General and Minor,silver,
right hand fore finger caught in moving engine parts. removed tip of fore finger.,556,Upper extremity injury,Orthopedic,silver,
"pt. being sent in for chest pain and <LOCATION>. <DATE_TIME>. Given asprin, atorvastatin x2, sublingual and paste nitro. 25 mcq of fentnyl, and lovonox.",3,Chest pain—cardiac features,Cardiovascular,silver,
PAMC discharge/CABG,865,Post-operative complications,General and Minor,silver,
"post op heart surgery at <LOCATION> <DATE_TIME>, was DC'd <DATE_TIME>. c/o of pain/swelling to right neck x 1 hr, site of <PERSON>. dressing to site clean, dry, intact.",865,Post-operative complications,General and Minor,rule,POST_OP
Disability paperwork,866,Minor complaints NOS,General and Minor,silver,
"pt flown in from <LOCATION>, for multiple stab wounds to head (face and neck) right hand and wrist, left abdomen, left chest tube in place, 1000ml output prior to arrival .",801,Major trauma—penetrating,Trauma,rule,MAJOR_TRAUMA_PENETRATING
PT PRESENTS TO <PERSON> VIA MEDEVAC FROM VILLAGE AFTER MULTIPLE STAB WOUNDS,801,Major trauma—penetrating,Trauma,rule,MAJOR_TRAUMA_PENETRATING
"Reason for Visit: s/p multiple KSWs L hemoptx, mediastinal hematoma, pneumoperitoneum 8",865,Post-operative complications,General and Minor,rule,POST_OP
"Chest pain, headache, RUQ pain, tingling in feet",3,Chest pain—cardiac features,Cardiovascular,silver,
"28 YO Female CC: Miscarriage, heavy steady bleeding, feeling like passing out or going into shock, nauseated",455,Vaginal bleed,OB/GYN,silver,
Bleeding in Vagina if <DATE_TIME> of Pregnancy,455,Vaginal bleed,OB/GYN,silver,
Follow up 37w 6d,458,"Pregnancy issues, >20 weeks",OB/GYN,silver,
Increase BP readings,6,Hypertension,Cardiovascular,silver,
<DATE_TIME> PP/mood check/b/p check,6,Hypertension,Cardiovascular,silver,
b/p check,6,Hypertension,Cardiovascular,silver,
Cat Pre Op OS. Decreased vision OS>OD,752,Overdose ingestion,Substance Misuse,rule,OVERDOSE
Coffee ground emesis,259,Vomiting blood,Gastrointestinal,silver,
. <PERSON> is in an urgent crisis right now Going thru Grief (Her grandfather and cousin just died) Also wantws Plan B,352,Anxiety/situational crisis,Mental Health,silver,
Mental Health Emergency- Acute Suicidal Thoughts Severe Depression Grief Unprotected Sex Plan B,351,Depression/suicidal/deliberate self-harm,Mental Health,rule,SUICIDAL
"<PERSON> was seen on <DATE_TIME> for a mental health emergency, suicide thoughts, severe depression, she is here <DATE_TIME> by ambulance becuase she has a severe headache and vomitting, had vomitted once in the ambulance, and 3 times here at the clinic in the past",351,Depression/suicidal/deliberate self-harm,Mental Health,rule,SUICIDAL
Suicidal Thoughts Mental Health Emergency De-escalated with Intervention Severe Depression,351,Depression/suicidal/deliberate self-harm,Mental Health,rule,SUICIDAL
pt brought in by medevac. alcohol consumption with rubbing alcohol as well. states she was trying to kill herself.,351,Depression/suicidal/deliberate self-harm,Mental Health,silver,
Right sided abdominal pain,251,Abdominal pain,Gastrointestinal,silver,
F/u from ER visit,866,Minor complaints NOS,General and Minor,silver,
Abdominal pain and R shoulder pain s/p fall,865,Post-operative complications,General and Minor,rule,POST_OP
"<PERSON> pain with vomiting and diarrhea. groin rash for <DATE_TIME>. ""<PHONE_NUMBER> pain, i can hardly walk""",257,Nausea and/or vomiting,Gastrointestinal,silver,
"Right side pain, R groin infection",256,Groin pain/mass,Gastrointestinal,silver,
"R sided abdominal pain, N/V with blood tinged emesis, dizziness, and blood tinged diarrhea",259,Vomiting blood,Gastrointestinal,silver,
"pt has had abd pain for <DATE_TIME> and was seen multiple times in <LOCATION>, they have been unable to get his pain under control, <DATE_TIME> on ct scan a small amount of free air was seen in the abd, medivac here for surgery eval",251,Abdominal pain,Gastrointestinal,silver,
amb to <LOCATION> gaurded with walking - c/o right upper abd pain - and rectal pain - endorses multiple diarrhea stools with blood in stool. started <DATE_TIME> - bloody stools <DATE_TIME>. appears uncomfortable - <PHONE_NUMBER> pain,260,Blood in stool/melena,Gastrointestinal,silver,
amb to <LOCATION> gaurded with walking - c/o right upper abd pain - and rectal pain - endorses multiple diarrhea stools with blood in stool. started <DATE_TIME> - bloody stools <DATE_TIME>. appears uncomfortable - <PHONE_NUMBER> pain - stools bright red,260,Blood in stool/melena,Gastrointestinal,silver,
"""My groin infection hasn't healed""",256,Groin pain/mass,Gastrointestinal,silver,
"PT PRESENTS TO <PERSON> WITH CHEST PAIN AND DIZZINESS WHEN STANDING THAT STARTED <DATE_TIME>, PAIN DULL/ACHY",3,Chest pain—cardiac features,Cardiovascular,silver,
"BIB guardian from <LOCATION>.onset <DATE_TIME> <DATE_TIME>. trop, d-dimer elevation <DATE_TIME> in clinic. hx TBI. HTN. 100mg lovenox, <LOCATION>, fentanyl PTA",6,Hypertension,Cardiovascular,silver,
Hosp d/c CAD,3,Chest pain—cardiac features,Cardiovascular,silver,
F/U Hospitalization,866,Minor complaints NOS,General and Minor,silver,
"PT PRESENTS TO <PERSON> WITH HEADACHE THAT STARTED <DATE_TIME>, DENIES N/V BUT HAVING DIZZINESS",404,Headache,Neurologic,silver,
"Light headedness, weakness, headache",7,General weakness,Cardiovascular,silver,
f/u er,866,Minor complaints NOS,General and Minor,silver,
"<PERSON> swelling, jaundice, edema bilateral lower extremities, generalized pain",9,"Edema, generalized",Cardiovascular,silver,
Self Ref: alcoholic hepatitis,866,Minor complaints NOS,General and Minor,silver,
"PT PRESENTS TO <PERSON> VIA EMS FROM HOME AFTER DRINKING VODKA X <DATE_TIME>, EMESIS <DATE_TIME>",257,Nausea and/or vomiting,Gastrointestinal,silver,
"Pt reports she was recently at ARH and received a blood transfusion. Before she was about to fly home <DATE_TIME> she started exp right arm pain, RLE swelling, back pain, and ""feeling cold, and itching.""",864,Pallor/anemia,General and Minor,silver,
: follow up for recent medivac for anemia,864,Pallor/anemia,General and Minor,silver,
AUB,455,Vaginal bleed,OB/GYN,silver,
Per Op Lap hysterectomy,865,Post-operative complications,General and Minor,silver,
epigastric and periumbilical pain <DATE_TIME>,251,Abdominal pain,Gastrointestinal,silver,
"Seen in ed related to alcohol withdrwal <DATE_TIME>, <DATE_TIME> drinker, none <DATE_TIME>. Now hands cramping denies anyother symptoms",753,Substance withdrawal,Substance Misuse,silver,
used lice shampoo in contacts,714,Rule out infestation,Skin,silver,
vomited blood,259,Vomiting blood,Gastrointestinal,silver,
pt seen <DATE_TIME> with vomiting blood and dark stools. drank water <DATE_TIME> and vomiting red blood <DATE_TIME>.,259,Vomiting blood,Gastrointestinal,silver,
"BIB Medevac for UGIB, 2 units RBC given. ETOH/Poly Sub. abuse. Nauseated and itchy on arrival. <PERSON>.",260,Blood in stool/melena,Gastrointestinal,rule,GI_BLEED
etoh. states she is on her period. then states anxiety.,352,Anxiety/situational crisis,Mental Health,rule,ANXIETY
IUD removal,861,Prescription/medication request,General and Minor,silver,
"Authorized in from <LOCATION>, at 1330 accidental GSW ro right flank area, bullett through and through. 1 gram rocephin, 5mg morphine, 100mcg fentanyl and 1L <LOCATION>. bleeding controled",801,Major trauma—penetrating,Trauma,rule,MAJOR_TRAUMA_PENETRATING
"BIB guardian from <LOCATION> for R Flank GSW from 22 cal, accidental discharge. 1 entrance wound, no exit wound. Pt arrives a/o and ambulatory. See trauma flow sheet.",801,Major trauma—penetrating,Trauma,rule,MAJOR_TRAUMA_PENETRATING
GSW to right flank without any surgeries,801,Major trauma—penetrating,Trauma,rule,MAJOR_TRAUMA_PENETRATING
GSW check,801,Major trauma—penetrating,Trauma,rule,MAJOR_TRAUMA_PENETRATING
"FV: wound vac, s/p hematoma evacuation",865,Post-operative complications,General and Minor,rule,POST_OP
snowmachine accident,802,Major trauma—blunt,Trauma,silver,
low back and right rib pain post snow machine crash,802,Major trauma—blunt,Trauma,silver,
PNV 28_1/7 wks,457,"Pregnancy issues, <20 weeks",OB/GYN,silver,
"vomiting, abd pain since <DATE_TIME>. since <DATE_TIME>. no vaginal bleeding.",251,Abdominal pain,Gastrointestinal,silver,
Scheduled IV IRON,861,Prescription/medication request,General and Minor,silver,
States when she was medivac'd in on <DATE_TIME> that they had an IV in her right forearm and now it is swollen with hand sensation changes. <DATE_TIME> pregnant.,456,Labial swelling,OB/GYN,silver,
"PEC, TIUP",457,"Pregnancy issues, <20 weeks",OB/GYN,silver,
ctx every <DATE_TIME> for the past <DATE_TIME>,458,"Pregnancy issues, >20 weeks",OB/GYN,silver,
mild shortness of breath ?<PERSON>,651,Shortness of breath,Respiratory,silver,
chest and upper back pain when he breath,3,Chest pain—cardiac features,Cardiovascular,silver,
"Authorized in from <LOCATION>, for <DATE_TIME> now right upper chest pain radiating into the back with some sob. States has hx of lung tumors",3,Chest pain—cardiac features,Cardiovascular,silver,
follow up bronchitis,154,URTI complaints,ENT - Nose,silver,
follow up bronchitis seizures thoughts of suicide when taking seizure medication,351,Depression/suicidal/deliberate self-harm,Mental Health,rule,SUICIDAL
"Authorized in from <LOCATION> with Guardian. seizure activity, stopped taking medications related to wanting to die. given 20 valium in clinic and 5mg versed by guardian. FSBS 105",351,Depression/suicidal/deliberate self-harm,Mental Health,silver,
"follow up seizure, suicidal ideation, purulent bronchitis",351,Depression/suicidal/deliberate self-harm,Mental Health,rule,SUICIDAL
"seizing and can't breath started after <DATE_TIME>, not taking seizure medication",405,Seizure,Neurologic,silver,
"<DATE_TIME> male, work slip to got back to work, history of seizures",405,Seizure,Neurologic,silver,
requesting note to go back to work,861,Prescription/medication request,General and Minor,silver,
"Seizure, COVID",405,Seizure,Neurologic,silver,
rib pain,555,Lower extremity pain,Orthopedic,silver,
RPNV 25 <DATE_TIME>,999,Unknown,General and Minor,silver,
"26 y/o female c/o backpain, nausea, headache. <DATE_TIME> pregnant",457,"Pregnancy issues, <20 weeks",OB/GYN,silver,
"Contractions in Woman <DATE_TIME> pregnant, Possible Preterm Labor",458,"Pregnancy issues, >20 weeks",OB/GYN,silver,
"Possible ruptured membrane, second trimester",457,"Pregnancy issues, <20 weeks",OB/GYN,silver,
<DATE_TIME> glucola,853,Hyperglycemia,General and Minor,silver,
RPNV 29 <DATE_TIME>,999,Unknown,General and Minor,silver,
"Weakness, possible stroke",409,Extremity weakness/symptoms of CVA,Neurologic,rule,CVA_STROKE
"Brought in by <NRP>, transfer from <LOCATION>. Stroke. LKW <DATE_TIME> @ 1700 but did not go to clinic until <DATE_TIME>. <PERSON> having left-sided weakness and right-sided facial droop. Initial NIH 12 @ <LOCATION>.",409,Extremity weakness/symptoms of CVA,Neurologic,rule,CVA_STROKE
"<DATE_TIME> / this am, incurred facial burns from gasoline being introduced to flames.",705,Burn,Skin,silver,
bib Guardian Flight from <LOCATION> for facial burns. Intubated. see trauma flowsheet,802,Major trauma—blunt,Trauma,silver,
Facial burns. BIB guardian flight from <LOCATION> for facial burns from gaseline on a campfire. Intubated PTA,705,Burn,Skin,silver,
"s/p facial burn, wound check",865,Post-operative complications,General and Minor,rule,POST_OP
<DATE_TIME> female here for return prenatal visit with twins <DATE_TIME> and <DATE_TIME> pregnant,458,"Pregnancy issues, >20 weeks",OB/GYN,silver,
Pregnancy 5: Return Prenatal <DATE_TIME> pregnant w/ <PERSON> only concern she has is nose bleeds,458,"Pregnancy issues, >20 weeks",OB/GYN,silver,
"alert, in nad, interactive.",866,Minor complaints NOS,General and Minor,silver,
vaginal bleeding and contractions <DATE_TIME>,455,Vaginal bleed,OB/GYN,silver,
"<DATE_TIME> female called said she was bleeding and having contractions, she is pregnant with twins",455,Vaginal bleed,OB/GYN,silver,
Abdominal pain in pregnant woman: possible labor: childbirth 1,458,"Pregnancy issues, >20 weeks",OB/GYN,silver,
Vital signs,866,Minor complaints NOS,General and Minor,silver,
2 wk PP,866,Minor complaints NOS,General and Minor,silver,
Respiratory 17: Other Respiratory Illness prolonged untreated Covid-19,866,Minor complaints NOS,General and Minor,silver,
resp issues for <DATE_TIME>.,866,Minor complaints NOS,General and Minor,silver,
pt was kicked in right ribs and head multiple times. refused to wear c collar. complains of right rib pain and neck pain.,802,Major trauma—blunt,Trauma,silver,
"coughing blood,chest hurts",655,Hemoptysis,Respiratory,silver,
"BIBA from <PERSON> for Pulm abscess/lesio, lives in <LOCATION>; 5x day Hx of CP c 1 episode of frank hemoptysis, streaky blood/sputum c cough; smoker. R/o TB vs CA. In NAD, A&OX4, VSS, resp even & unlabored. Received 50 mcg Fent en route for <LOCATION>.",709,Localized swelling/redness,Skin,rule,LOCALIZED_INFECTION
FV Lung Cancer Screening,999,Unknown,General and Minor,silver,
"<PERSON>, PET/CT Results, Tumor Board Discussion",999,Unknown,General and Minor,silver,
Post hospital follow up,999,Unknown,General and Minor,silver,
"C/o chest pain, back pain, coughing up sputum with blood. <PERSON> has <DATE_TIME> lung cancer.",655,Hemoptysis,Respiratory,silver,
Pt BIBA coming from home where son says pt began to experience alt mental state <DATE_TIME> PTA. pt has hx lung cancer with radiation treatment to brain as well. pt appears altered upon arrival.,402,Confusion,Neurologic,silver,
bleeding and contracting,455,Vaginal bleed,OB/GYN,silver,
pt started bleeding while berry picking. approx 3 cups of blood. has slowed down now. lower abd and pelvic pain.,455,Vaginal bleed,OB/GYN,silver,
<DATE_TIME> came in fro sinus pain,154,URTI complaints,ENT - Nose,silver,
infected hand,709,Localized swelling/redness,Skin,silver,
human bite left hand red streaks,701,Bite,Skin,silver,
"Authorized in from selawil <DATE_TIME> punched brother a cut to left hand. Now red streaks radiating up arm to axilliary area, with redness and swelling to hand",709,Localized swelling/redness,Skin,silver,
hand injury,556,Upper extremity injury,Orthopedic,silver,
"wnd ck L hand, DOS: <DATE_TIME> LIM",710,Wound check,Skin,silver,
"pt BIB Guardian from <LOCATION>, reports worsening SOB x <DATE_TIME>; DX pneumonia, new onset HF. pt arrives on <DATE_TIME> with labored breathing. Cefipime, mag PTA.",651,Shortness of breath,Respiratory,silver,
Hopital Discharge,999,Unknown,General and Minor,silver,
"sob, dizziness, and abd pain",651,Shortness of breath,Respiratory,silver,
Musclosketetal Work UP,866,Minor complaints NOS,General and Minor,silver,
<DATE_TIME> female came in for chest pain,3,Chest pain—cardiac features,Cardiovascular,silver,
CHEST PAIN RIGHT SIDE WORSE WITH DEEP RESPIRATION.,4,Chest pain—non-cardiac features,Cardiovascular,silver,
ER f/u,866,Minor complaints NOS,General and Minor,silver,
Chest wall pain.,4,Chest pain—non-cardiac features,Cardiovascular,silver,
"Snowmobile wrech,",802,Major trauma—blunt,Trauma,silver,
"bib Guardian from <LOCATION>, level 2 trauma activation for SDH, hemo/pneumothorax, rib fx. see trauma flowsheet",802,Major trauma—blunt,Trauma,silver,
"CC: trauma, MVC",802,Major trauma—blunt,Trauma,silver,
s/p rib fractures,865,Post-operative complications,General and Minor,rule,POST_OP
"27 y/o male with toothache. pt stated he tried to wait until <DATE_TIME>, but the pain kept waking him up",101,Dental/gum problem,ENT - Mouth/Throat/Neck,silver,
27 y/o male took 3000 mg over a <DATE_TIME> period,752,Overdose ingestion,Substance Misuse,silver,
Overdose by <PERSON> with Medication,752,Overdose ingestion,Substance Misuse,rule,OVERDOSE
pt had tooth ache and took <PHONE_NUMBER> mg asa in <DATE_TIME>. pt began to have ringing in his ears.,54,Tinnitus,ENT - Ears,silver,
covid test for travel,851,Exposure to communicable disease,General and Minor,rule,COVID_EXPOSURE
"stabbed multiple times in the left upper chest,left neck, left breast , large hematoma over left eye",801,Major trauma—penetrating,Trauma,silver,
BIB Guardian from <LOCATION> for multiple stab wounds. See Trauma flow sheet for further documentation.,801,Major trauma—penetrating,Trauma,rule,MAJOR_TRAUMA_PENETRATING
wound check & neck pain,710,Wound check,Skin,silver,
possible uti/ pain cloudy urine,307,UTI complaints,Genitourinary,silver,
"COVID positive, cough, headache, sore throat",653,Cough/congestion,Respiratory,rule,COVID_COUGH
"""<PERSON>"" with pressurein pelvic area. <DATE_TIME> pregnant",458,"Pregnancy issues, >20 weeks",OB/GYN,silver,
PEC work up at <DATE_TIME>,999,Unknown,General and Minor,silver,
Pre,999,Unknown,General and Minor,silver,
"PEC, IHCP",999,Unknown,General and Minor,silver,
"IHCP, PEC",999,Unknown,General and Minor,silver,
VTC visit wtih Dr <PERSON>,866,Minor complaints NOS,General and Minor,silver,
RPNV 35 6,999,Unknown,General and Minor,silver,
premature rupture of membrane,457,"Pregnancy issues, <20 weeks",OB/GYN,silver,
drainage from right breast with redness and pain,713,"Redness/tenderness, breast",Skin,silver,
FV Tonsillectomy,865,Post-operative complications,General and Minor,silver,
Recheck: Bleeding after tonsilectomy,865,Post-operative complications,General and Minor,silver,
Follow Up Bleeding after Toncilectomy,865,Post-operative complications,General and Minor,silver,
"ASuthorized in from <LOCATION>, <DATE_TIME> had a tonsillectomy, has had reoccuring bleeding. Still smoking and drinking alcohol",865,Post-operative complications,General and Minor,silver,
"Tonsillectomy <DATE_TIME>, has had active bleeding on and off, <DATE_TIME> had active bleeding that would not stop, went to local hospital, on exam active bleeding was seen, pt reported to have lost approx 1l blood whille in hosp, Hemo dropped 13 to 10.2",865,Post-operative complications,General and Minor,silver,
Follow up tonsil bleed,865,Post-operative complications,General and Minor,silver,
Authorized in from <LOCATION> with Guardian related to alcohol intoxication and possible assault. complaints of left sided facial/neck and lower lip pain. doesnt remember anything after <DATE_TIME>. in clinic was unresponsive po painfull stimuli,751,Substance misuse/intoxication,Substance Misuse,silver,
right hips pain,555,Lower extremity pain,Orthopedic,silver,
"fall, right hip pain",557,Lower extremity injury,Orthopedic,silver,
Pt BIB EMS after fall w hip fx. <PERSON> in place on arrival,557,Lower extremity injury,Orthopedic,rule,FEMUR_FRACTURE
Incision check- c/s <DATE_TIME> at Prov,856,Dressing change,General and Minor,silver,
Post op F/U,865,Post-operative complications,General and Minor,rule,POST_OP
pt BIB Guardian from <LOCATION> for SOB d/t COVID+. pt on 6L NC and increased RR. pt in 80% on room air.,651,Shortness of breath,Respiratory,rule,COVID_RESPIRATORY
VTC for cardiology,866,Minor complaints NOS,General and Minor,silver,
VTC f/u NSTEMI,3,Chest pain—cardiac features,Cardiovascular,rule,STEMI_NSTEMI
VTC F/U NSTEMI,3,Chest pain—cardiac features,Cardiovascular,rule,STEMI_NSTEMI
"heart problem, chronic care, SOB and edema to right leg",651,Shortness of breath,Respiratory,silver,
"SOB, leg swelling",651,Shortness of breath,Respiratory,silver,
84yo M ccAbdominal pain since <DATE_TIME> and <DATE_TIME> wife wants to know if its one of his medicines that is doing this or if its gas,251,Abdominal pain,Gastrointestinal,silver,
<DATE_TIME> male recheck abdomen pain,251,Abdominal pain,Gastrointestinal,silver,
Recheck abdomen pain,251,Abdominal pain,Gastrointestinal,silver,
"pt authorized in for hyponatremia and bnp> 50,000",863,Abnormal lab values,General and Minor,silver,
Hyponatremia and hypertension,6,Hypertension,Cardiovascular,silver,
f/u VTC NSTEMI labs and vitals,3,Chest pain—cardiac features,Cardiovascular,rule,STEMI_NSTEMI
urine sample,866,Minor complaints NOS,General and Minor,silver,
VTC with Nephrology,866,Minor complaints NOS,General and Minor,silver,
Abnormal Heart rate and rhythm with no chest pain,5,Palpitations/irregular heart beat,Cardiovascular,silver,
"was walking in the hallway and fell down while walking, he said legs got weak on him,",7,General weakness,Cardiovascular,silver,
"possible syncope episode, weakness",8,Syncope/pre-syncope,Cardiovascular,silver,
near sycopal episode,8,Syncope/pre-syncope,Cardiovascular,silver,
"CARD F/U - CAD, Hospital D/C, labs, EKG",866,Minor complaints NOS,General and Minor,silver,
pt here for eval of low sodium blood work at the vilage clinic with confusion,402,Confusion,Neurologic,silver,
c/o left knee pain after mechanical fall. non weight bearing at present. H/H 5.5.,555,Lower extremity pain,Orthopedic,silver,
"Drinking heavy (vodka) x <DATE_TIME>, now vomiting with weakness and fall x two. has been eating and drinking",751,Substance misuse/intoxication,Substance Misuse,silver,
"Alcohol withdrawal, hallucinationa, confusion,",353,Hallucinations/delusions,Mental Health,rule,PSYCHOSIS
nausea & vomiting,257,Nausea and/or vomiting,Gastrointestinal,silver,
Nausea and vomiting. Feels poisoned from coffee. Feels different this was 20 min after drinking coffee. He works at a water plant that has chemicals the mix with to make water. Vomiting and right shoulder started hurting <DATE_TIME>.,257,Nausea and/or vomiting,Gastrointestinal,silver,
"recheck - was seen <DATE_TIME> and was medivac out,",710,Wound check,Skin,silver,
other digestive system problem - digestive 17,866,Minor complaints NOS,General and Minor,silver,
dog bite on back of R thigh above knee,701,Bite,Skin,silver,
dog bite,701,Bite,Skin,silver,
Tooth Abscess Number 18,709,Localized swelling/redness,Skin,rule,LOCALIZED_INFECTION
Toothache for <DATE_TIME>. having bad pain now in jaw.,101,Dental/gum problem,ENT - Mouth/Throat/Neck,silver,
pt stabbed in <PERSON> and upper left back. etoh,801,Major trauma—penetrating,Trauma,silver,
open incisions on left chest area where chest tube was located,865,Post-operative complications,General and Minor,silver,
dressing change,856,Dressing change,General and Minor,silver,
dressing change out,856,Dressing change,General and Minor,silver,
dressing change of wound,856,Dressing change,General and Minor,silver,
recheck of bandages and wounds,710,Wound check,Skin,silver,
pain from wounds,866,Minor complaints NOS,General and Minor,silver,
Musculoskeletal 10 : other,866,Minor complaints NOS,General and Minor,silver,
"Male <DATE_TIME> had seizure after <DATE_TIME>,t",405,Seizure,Neurologic,silver,
"Serzure, Other Cause/ Chest Pain",405,Seizure,Neurologic,silver,
"Authorized in rom <LOCATION> with Guardian. Seizures x two, affected upper torso lasting <DATE_TIME>. Was given 2mg of ativan",405,Seizure,Neurologic,silver,
village vital signs for Dr. <PERSON>,866,Minor complaints NOS,General and Minor,silver,
seisure,405,Seizure,Neurologic,silver,
"Authorized in from <LOCATION> with guardian related to seizure activity, on/off for <DATE_TIME> lastin <DATE_TIME>. Last seizure was <DATE_TIME>. FSBS 108. was given ativan 2mg IV and 10mg diastat PR",405,Seizure,Neurologic,silver,
"fv, breakthrough seizures",405,Seizure,Neurologic,silver,
"Seizure, altered mental status",405,Seizure,Neurologic,silver,
real bad stomach pain,251,Abdominal pain,Gastrointestinal,silver,
stomach pain worse,251,Abdominal pain,Gastrointestinal,silver,
"41yo M ccFacial swelling said he had dental surgery <DATE_TIME> and stitches are still in, always had a bubble on his upper jaw by cheekbone, it would get big and then small, now its huge over <DATE_TIME>",104,Neck swelling/pain,ENT - Mouth/Throat/Neck,silver,
sore or infected gums with abcess,101,Dental/gum problem,ENT - Mouth/Throat/Neck,silver,
"EMS states, ""he had right mandible surgery and teeth pulled <DATE_TIME>. He has had complications since then. <DATE_TIME>, he started to swell on the right side of his face. Patient had no meds or interventions PTA. <NRP> and vomiting as well.",104,Neck swelling/pain,ENT - Mouth/Throat/Neck,silver,
41M here for possible red streak,709,Localized swelling/redness,Skin,silver,
"Authorized in from <LOCATION>, <DATE_TIME> slipped and fell. Two puncture wound to Left palm area, redness to area",704,Laceration/puncture,Skin,silver,
recheck on hand injury,710,Wound check,Skin,silver,
followup visit,866,Minor complaints NOS,General and Minor,silver,
31yo female with seizures and stroke symptoms,409,Extremity weakness/symptoms of CVA,Neurologic,rule,CVA_STROKE
Having a seizure now,405,Seizure,Neurologic,silver,
"Severe Stress Reaction with Anxiety and Depression, Personality Disorder",352,Anxiety/situational crisis,Mental Health,rule,ANXIETY
Epilepsy/pseudoseizures,405,Seizure,Neurologic,silver,
mental health emergency: suicide attempt,351,Depression/suicidal/deliberate self-harm,Mental Health,rule,SUICIDAL
"Authorized in from <LOCATION>, with Guardian. Has been depressed and attempted to OD on 6500mg of tylenol at 1600. ""I don't want to live here"" past hx of the same. just left API AMA. states they didn't help her. Willing to seek help now. verbal contract not",752,Overdose ingestion,Substance Misuse,rule,OVERDOSE
<DATE_TIME>. F comes in wanting to report an assault,866,Minor complaints NOS,General and Minor,silver,
labor check,457,"Pregnancy issues, <20 weeks",OB/GYN,silver,
HA on left side of head <DATE_TIME>. last 325mg of tylenol at 2200.,404,Headache,Neurologic,silver,
"pt calls to report has HA that just started now, rates pain <PHONE_NUMBER>, denies vision changes, abd pain, ctx, bleeding, leaking, endorses FM. pt reports had made deal with CNM <DATE_TIME> and Dr. on call <DATE_TIME> that pt could come in for IOL <DATE_TIME> if had HA.",404,Headache,Neurologic,silver,
head ache and wanting induction now,404,Headache,Neurologic,silver,
IOL,457,"Pregnancy issues, <20 weeks",OB/GYN,silver,
"Pt states she had tubes ties yest and wants wound looked at. Wound dressed, appears appropiate, mild redness/bruising. No drainage.",856,Dressing change,General and Minor,silver,
"heart problem, chronic care with chest pain <DATE_TIME> and <DATE_TIME>",3,Chest pain—cardiac features,Cardiovascular,silver,
"Atrial Fib provider, awaiting Med Flight",5,Palpitations/irregular heart beat,Cardiovascular,rule,AFIB_RVR
"FV, PAMC hosp d/c A. fib, s/p ablation, echo, device check, labs",865,Post-operative complications,General and Minor,rule,POST_OP
needs anti-anxiety meds to travel,352,Anxiety/situational crisis,Mental Health,rule,ANXIETY
"c/o nausea x <DATE_TIME>, denied Vomiting or diarrhea, afebrile. Last BM <DATE_TIME>",257,Nausea and/or vomiting,Gastrointestinal,silver,
"FV discharge from Prov, diverticulitis, severe CHF",999,Unknown,General and Minor,rule,CHF_UNKNOWN
Hosp d/c,865,Post-operative complications,General and Minor,silver,
"abdominal pain, reports eating corn dog, poppers and wings from AC.",251,Abdominal pain,Gastrointestinal,silver,
Pt BIB air EMS for SBO from <LOCATION>. Pt arrived with NG tube in place A/o x4 in no acute distress,251,Abdominal pain,Gastrointestinal,rule,BOWEL_OBSTRUCTION
FV - Laparoscopic small bowel resection,865,Post-operative complications,General and Minor,silver,
Pt arrives via triage told to come in to be re-admitted after an abdomen surgery. Last solid food was <DATE_TIME> 5/6pm.,865,Post-operative complications,General and Minor,silver,
fv SBO,251,Abdominal pain,Gastrointestinal,rule,BOWEL_OBSTRUCTION
"pt c/o vominting and weaness, started first chemo <DATE_TIME> for pancreatic CA. pt needs treatment for dehydration, c/o abd pain <DATE_TIME>.",7,General weakness,Cardiovascular,rule,DEHYDRATION
Follow Care for pancreatic cancer.,866,Minor complaints NOS,General and Minor,silver,
Patient had surgery on left side of abdomen for pancreatic cancer. Now has severe pain with no help from hydrocodone. Feeling nauseated. Is also having hard time passing BM. Stool is soft but it seems to be stuck in stomach. Is also making noise in belly.,251,Abdominal pain,Gastrointestinal,silver,
med evac in for intractable pancreatic pain hx: cancer in same,251,Abdominal pain,Gastrointestinal,silver,
"Ambulates to triage with c/o constipation, hx of colon cancer, was seen at Prov <DATE_TIME> with no relief. No bowel movement since <DATE_TIME> and states was very small. Has been a pt of Dr. <PERSON>.",253,Constipation,Gastrointestinal,silver,
"Wheeled into triage with c/o SOB and abd distention, hx of Pancreatic Cancer, had balloon procedure <DATE_TIME> and is now having abd pain. Called oncology pta.",263,Abdominal mass/distention,Gastrointestinal,silver,
RPNV 32 <DATE_TIME> and NST,999,Unknown,General and Minor,silver,
"<PERSON> that have been consistant <DATE_TIME>, painful and letting baby move a lot",458,"Pregnancy issues, >20 weeks",OB/GYN,silver,
Increased contractions,458,"Pregnancy issues, >20 weeks",OB/GYN,silver,
transport for PTL eval from <LOCATION>,458,"Pregnancy issues, >20 weeks",OB/GYN,silver,
returned for 2nd Betamethasone injection,458,"Pregnancy issues, >20 weeks",OB/GYN,silver,
prenatal,458,"Pregnancy issues, >20 weeks",OB/GYN,silver,
Hx IUFD@24w,458,"Pregnancy issues, >20 weeks",OB/GYN,silver,
"""My stomach is tight""",251,Abdominal pain,Gastrointestinal,silver,
"Suicidal ideation, left hip pain, <DATE_TIME> pregnant",351,Depression/suicidal/deliberate self-harm,Mental Health,rule,SUICIDAL
rpnv 18 w <DATE_TIME> days,458,"Pregnancy issues, >20 weeks",OB/GYN,silver,
snowmachine accident just PTA patient was unresponsive on scens bleeding from nose and mouth. able to follow commands.alcohol involved,802,Major trauma—blunt,Trauma,silver,
"Medevac from <LOCATION>, Trauma Alert 2, ejected from snowmachine - facial, scapular fractures. See Trauma Flow Sheet.",802,Major trauma—blunt,Trauma,silver,
"<DATE_TIME> , due date <DATE_TIME>. Having contractions every 5 minutes, lost mucus plug <DATE_TIME>",458,"Pregnancy issues, >20 weeks",OB/GYN,silver,
LABOR,458,"Pregnancy issues, >20 weeks",OB/GYN,silver,
PPH and possible PEC,455,Vaginal bleed,OB/GYN,rule,PPH_OBSTETRIC_BLEED
Postpartum blood pressure check,458,"Pregnancy issues, >20 weeks",OB/GYN,silver,
"25 y/o male c/o injury to elbow and fingers, He's been fevering for <DATE_TIME>, dehydration, nausea",7,General weakness,Cardiovascular,rule,DEHYDRATION
"Musculoskeletal Pain, Possible Closed Fracture",556,Upper extremity injury,Orthopedic,silver,
"pt authorized in for left elbow pain and swelling, hot to touch, tender after injury on <DATE_TIME>, also c/o ha",556,Upper extremity injury,Orthopedic,silver,
41yo female having an alcohol withdrawal,753,Substance withdrawal,Substance Misuse,rule,SUBSTANCE_WITHDRAWAL
recheck etoh with drawl still not good,753,Substance withdrawal,Substance Misuse,silver,
alcohol drug 3 mild alcohol withdrawl not any better since last treatment <DATE_TIME>,753,Substance withdrawal,Substance Misuse,silver,
ETOH withdraw,753,Substance withdrawal,Substance Misuse,silver,
"ETOH withdrawal, SI",753,Substance withdrawal,Substance Misuse,rule,SUBSTANCE_WITHDRAWAL
PT PRESENTS TO <PERSON> VIA EMS FROM FRIENDS HOUSE WITH ETOH INTOXICATION,751,Substance misuse/intoxication,Substance Misuse,silver,
Lump on neck,104,Neck swelling/pain,ENT - Mouth/Throat/Neck,silver,
Dysuria for <DATE_TIME>,307,UTI complaints,Genitourinary,silver,
"<DATE_TIME> male here ""for sick"" auntie called on-cal for pt stating he is real sick been laying in bed <DATE_TIME>.",866,Minor complaints NOS,General and Minor,silver,
"sore throat x <DATE_TIME>, cough with green mucus. kids sick at home as well",154,URTI complaints,ENT - Nose,silver,
"BIB Guardian from <LOCATION> for possible tracheal vs esophageal injury. Pt alert, oriented, ambulatory, arrives w/ 18g PIV in-place inserted <DATE_TIME>.",105,Neck trauma,ENT - Mouth/Throat/Neck,silver,
"Hand sanitizer ingestion, alcohol ingestion",752,Overdose ingestion,Substance Misuse,rule,OVERDOSE
Cold exposure,201,Frostbite/cold injury,Environmental,silver,
BIB Guardian for NSTEMI from <LOCATION>. Pt aox4. ambulatory. denies CP/ SOB. Reports last alcoholic drink was <DATE_TIME>. CIWA 0. NPO since <DATE_TIME>. 0.5mg of ativan given en route for anxiety.,3,Chest pain—cardiac features,Cardiovascular,rule,STEMI_NSTEMI
hospital discharge,865,Post-operative complications,General and Minor,silver,
"Pt amb into triage, sent from AK regional for follow up on R arm. Pt states ""my arm just keeps breaking"". Hx open heart surgery and currently on precautions for open sternum.able to move arm but states he has pain an d""I can feel the break in it"".",999,Unknown,General and Minor,rule,ACUTE_RENAL_FAILURE_UNKNOWN
s/P CABG,865,Post-operative complications,General and Minor,rule,POST_OP
"Pt s/p CABG x 3 vessel <DATE_TIME>, c/o mid-anterior chest pain, SOB, HA, nausea, anxiousness, found out he was possibly exposed to <PERSON> x <DATE_TIME>; denies vomiting, dizziness, palpitations. Pt alert, ambulates steadily.",865,Post-operative complications,General and Minor,rule,POST_OP
"pt amb into triage w/ CC of anxiety & CP over incision site from a triple bypass on <DATE_TIME> @ reg. pt reports feeling very anxious & wakes w/ <LOCATION> qAM that worsens @ night and w/ inspiration. pt AOX4, appears anxious. Denies numb/tingling",352,Anxiety/situational crisis,Mental Health,rule,ANXIETY
"Ref: Chest pain after CABG, frequent <PERSON> visits, also anxiety episodes <PERSON>, <PERSON>, <LOCATION>",352,Anxiety/situational crisis,Mental Health,rule,ANXIETY
pt for <DATE_TIME> has #10 pain. but has been <DATE_TIME>. hurts some much she falls to the ground,551,Back pain,Orthopedic,silver,
right lower abd pain that started <DATE_TIME> after jumping off her 4 wheeler,251,Abdominal pain,Gastrointestinal,silver,
RPNV,257,Nausea and/or vomiting,Gastrointestinal,silver,
Ruptured membrane at <DATE_TIME>,457,"Pregnancy issues, <20 weeks",OB/GYN,silver,
SROM Transport,457,"Pregnancy issues, <20 weeks",OB/GYN,silver,
"24yr yr female who is 29weeks pregnant.woke up with blood on panties,went to bath blood in toilet bowl,slso when she wiped,blood on toilet paper.",455,Vaginal bleed,OB/GYN,silver,
bkleeding from vagina 28 weeks.possibly labor.more lower back pain.,455,Vaginal bleed,OB/GYN,silver,
"nad ,no pain but keep holding lower back and hoklding her stomach",455,Vaginal bleed,OB/GYN,silver,
"24 yo female CC: <DATE_TIME> gestation, Positive Chlamydia Infection per WH",303,Genital discharge/lesion,Genitourinary,silver,
"24 yo female CC; <DATE_TIME> gesation, Positive Chlamydia Infection per WH",303,Genital discharge/lesion,Genitourinary,silver,
"alert, awake, NAD, calm,",866,Minor complaints NOS,General and Minor,silver,
"SOB, nausea, chills, epigastric discomfort",651,Shortness of breath,Respiratory,silver,
"Authorized in with Guardian from <LOCATION>. ATV accident around <DATE_TIME> had been drinking. made statements in clininc that wanted to end her life, now states she would never act on those thoughts. right wrist deformity",351,Depression/suicidal/deliberate self-harm,Mental Health,silver,
Patient was riding a four wheeler on the hillside road went off road handle bar hit her right hand.,556,Upper extremity injury,Orthopedic,silver,
"musculoskeletal pain,closed fracture",555,Lower extremity pain,Orthopedic,silver,
Right arm check,858,Cast check,General and Minor,silver,
"Musculoskeletal pain, closed fracture, Musculoskeletal 2",555,Lower extremity pain,Orthopedic,silver,
<DATE_TIME> female came in for cast.,858,Cast check,General and Minor,silver,
blood pressure check,6,Hypertension,Cardiovascular,silver,
"reports numbness and tingling of R arm, short arm cast in place.",410,Sensory loss/paresthesia,Neurologic,silver,
"Patient had a cast placed on her right arm last night, but c/o tightness around thumb with irritation. CMS intact with cap refill less than 2 sec",858,Cast check,General and Minor,silver,
Right eyelid infection,709,Localized swelling/redness,Skin,silver,
abscess above right eye,709,Localized swelling/redness,Skin,rule,LOCALIZED_INFECTION
ATV accident Right arm and hip pain.,555,Lower extremity pain,Orthopedic,silver,
"pt c/o left fa pain after punching/hitting the wall and floor <DATE_TIME>, pain is from the wrist to elbow, full rom of same, some mild swelling noted in left hand, + distal pulses/sensation/cap refill",556,Upper extremity injury,Orthopedic,silver,
"pt brought in by mom who states he took an unknown amt of oxcarbazepine and motrin, pt with slurred speech, diaphoretic",752,Overdose ingestion,Substance Misuse,silver,
"Was in ICU at , where iv/s were placed now redness/swelling/pain",709,Localized swelling/redness,Skin,silver,
Seizure at home history of seizure disorder,405,Seizure,Neurologic,silver,
<NRP> stone extraction,999,Unknown,General and Minor,silver,
"check up, can't stand, can't walk far, can't breath sometimes, can't talk sometimes, cried in pain <DATE_TIME>, had high fever <DATE_TIME> with bad chills, need to pull strings out from penis.",865,Post-operative complications,General and Minor,silver,
s/p procedure <DATE_TIME> renal stents inplace. flank pain,865,Post-operative complications,General and Minor,rule,POST_OP
F/U inpatient.,855,Direct referral for consultation,General and Minor,silver,
"bleeding from vagine, in <DATE_TIME> of pregnancy.",455,Vaginal bleed,OB/GYN,silver,
<DATE_TIME> female who is <DATE_TIME> and <DATE_TIME> pregnant with bleeding and right back hurting,455,Vaginal bleed,OB/GYN,silver,
"Authorized in from <LOCATION> with complaints of vaginal bleeding, lower back pain with nausea, vomiting and weakness. Pale in color HGB in clinic was 4",455,Vaginal bleed,OB/GYN,silver,
"Medevac from <LOCATION> for molar pregnancy without prenatal care <PHONE_NUMBER>wks gestation. Pt pale, aox4, flat affect. Hemo 4.8 PTA, given 2 U RBC.",457,"Pregnancy issues, <20 weeks",OB/GYN,silver,
F/U Suction D&C,855,Direct referral for consultation,General and Minor,silver,
f/u molar pregnancy,855,Direct referral for consultation,General and Minor,silver,
FV Molar Pregnancy,855,Direct referral for consultation,General and Minor,silver,
seizure in know seizure patient,405,Seizure,Neurologic,silver,
seizures at home,405,Seizure,Neurologic,silver,
seizure this am after taking tramadol,405,Seizure,Neurologic,silver,
pt comes in by medevac. short of breath and fever x <DATE_TIME>,852,Fever,General and Minor,silver,
"46 YO Female CC: SOB, Fever, Full Body aches, Chills",852,Fever,General and Minor,silver,
"Other Medical Emergency, Possible Meningitis, CHF Patient",999,Unknown,General and Minor,rule,CHF_UNKNOWN
<DATE_TIME> female CC vitals for visit with PCP,866,Minor complaints NOS,General and Minor,silver,
46 yo female CC: Fasting blood draw per PCP,866,Minor complaints NOS,General and Minor,silver,
85yo F hernia pain is unbearable this time,256,Groin pain/mass,Gastrointestinal,silver,
"Medevac from <LOCATION> via Guardian Flight with abd pain, possible incarcerated hernia.",256,Groin pain/mass,Gastrointestinal,silver,
"Abdominal pain, tachycardia",251,Abdominal pain,Gastrointestinal,silver,
"fall with right hip pain, right leg shortening and external rotation",557,Lower extremity injury,Orthopedic,silver,
"pt had a mechanical fall at <DATE_TIME> causing a hip fracture, she was flown from <LOCATION> to <LOCATION> where she was dx. arrives here via guardian flight",557,Lower extremity injury,Orthopedic,rule,FEMUR_FRACTURE
"possible broken ribs on left, possibe internal bleeding",802,Major trauma—blunt,Trauma,silver,
54 yof here for back/rib injury,552,Traumatic back/spine injury,Orthopedic,silver,
recheck vitals,866,Minor complaints NOS,General and Minor,silver,
musculoskeletal injury,866,Minor complaints NOS,General and Minor,silver,
Rectral bleeding,260,Blood in stool/melena,Gastrointestinal,silver,
"62 yo male CC: eye injry L side, accident at burn box where trash is burned something blew up and hit his cheek and L eye",510,Eye trauma,Ophthalmology,silver,
Severe L Eye Injury,510,Eye trauma,Ophthalmology,silver,
"Authorized in from <LOCATION> with guardian, while burning materials heard a pop, impact below left eye, fell to knees. Now difficulty with vision, can see only bright light.received 50 mcg/4 zofran at <DATE_TIME>",504,Visual disturbance,Ophthalmology,silver,
"Medevac via Guardian Flight from <LOCATION> with left eye injury/facial burn. Pt was standing in front of a burn barrel @ 1430, heard a pop, lost vision to left eye. Receiveed Levaquin, <PERSON>, Zofran 4 mg pta. Dresing in place to face on arrival.",510,Eye trauma,Ophthalmology,silver,
c/o decreased VA and FB sensation OS. s/p POD #1 open globe repair OS. s/p CEIOL OD <DATE_TIME> THM and OS RWD.,752,Overdose ingestion,Substance Misuse,rule,OVERDOSE
"RTC POD #2 Open Globe Repair OS. Pt denies pain, feels <LOCATION> may be improving OS. +Cipro Q2H OS, Atropine TID OS, and E-mycin ung OS QID.",511,Re-check eye,Ophthalmology,silver,
"RTC for s/p open globe repair Pt reports compliance with eye gtts as prescribed. ""No changes since last visit""",865,Post-operative complications,General and Minor,rule,POST_OP
"Dorneal Edema OS. Pt states that he has a bubble in his eye OS. Can see motion/hand montion. Cipro, <PERSON>, and Pred QID. Atropine BID.",506,"Red eye, discharge",Ophthalmology,silver,
Uterine Contrations,458,"Pregnancy issues, >20 weeks",OB/GYN,silver,
uterine contraction,458,"Pregnancy issues, >20 weeks",OB/GYN,silver,
labor/HSV outbreakp',458,"Pregnancy issues, >20 weeks",OB/GYN,silver,
post op c-section check,865,Post-operative complications,General and Minor,rule,POST_OP
"woke with feeling ""walls closing in"", dizzy, chest pain. Has been having this off and on x <DATE_TIME>. OPD work up neg. Baby ASA/nitro in clinic. Neg EKG Denies pain at this time",352,Anxiety/situational crisis,Mental Health,silver,
<DATE_TIME> male came in for heart fluttering,5,Palpitations/irregular heart beat,Cardiovascular,silver,
Afib,5,Palpitations/irregular heart beat,Cardiovascular,rule,AFIB_RVR
bloody stool,260,Blood in stool/melena,Gastrointestinal,silver,
arrives obtunded via EMS after suspected overdose on multiple medications,752,Overdose ingestion,Substance Misuse,rule,OVERDOSE
F/U from Inpt,999,Unknown,General and Minor,silver,
F/U from hospital stay,999,Unknown,General and Minor,silver,
poss BV,303,Genital discharge/lesion,Genitourinary,silver,
PT here with SA,454,Sexual assault,OB/GYN,silver,
hyperglycemia 535. 5 units given in the field. 462. arrival to glucose 431,853,Hyperglycemia,General and Minor,silver,
pt. reports gallstones seen on <LOCATION> @ clinic. Took commercial flight to . Sent here to see surgery. Reports abdominal pain <DATE_TIME> with nausea and vomitting,251,Abdominal pain,Gastrointestinal,silver,
pt states burn on her hand over <DATE_TIME> and thinks it infected. also got in a fight with her bf and same left hand is hurting along with right ribs.,704,Laceration/puncture,Skin,silver,
Hearing Loss,53,Loss of hearing,ENT - Ears,silver,
L knee pain/swelling,558,Joint(s) swelling,Orthopedic,silver,
"BIB Guardian for L septic knee, accepted by IM/Ortho. Pt has had 2 L knee replacements and a recnt dx of strep. 100mcg fentanyl given en route. Pt states <PHONE_NUMBER> pain with movement, guarding extremity. Recieved clindamycin, vancomycin, + ceftriaxone PTA.",558,Joint(s) swelling,Orthopedic,silver,
"FV after discharge for left knee PJI, Vancomycin IV",865,Post-operative complications,General and Minor,silver,
"c/o fever, bleeding at picc site. unable to ambulate due to having knee surgery, pt is currently doing abx infusion through picc line. No swelling or redness to picc site. breathing unlabored, NAD noted",852,Fever,General and Minor,silver,
<DATE_TIME> f/u left TKA,865,Post-operative complications,General and Minor,silver,
F/U L TKA I&D,865,Post-operative complications,General and Minor,silver,
F/u L TKA <DATE_OF_SERVICE>,865,Post-operative complications,General and Minor,silver,
"Blood in emesis, RUQ pain",259,Vomiting blood,Gastrointestinal,silver,
pt with pain on lower right abd for <DATE_TIME>. fever.,251,Abdominal pain,Gastrointestinal,silver,
Sent from <PERSON> for evaluation of acute cholecystitis,251,Abdominal pain,Gastrointestinal,rule,CHOLECYSTITIS
PNV,999,Unknown,General and Minor,silver,
Dating <LOCATION>,999,Unknown,General and Minor,silver,
F/U after <LOCATION>,999,Unknown,General and Minor,silver,
<DATE_TIME> female with stuffy now,152,Nasal congestion/hay fever,ENT - Nose,silver,
joint aches,558,Joint(s) swelling,Orthopedic,silver,
"<DATE_TIME> female with right hand/wrist pain, claims she has arthritis",554,Upper extremity pain,Orthopedic,silver,
Home visit <DATE_TIME> covid positive,851,Exposure to communicable disease,General and Minor,silver,
pt brought in by medevac. Not aware of why she was brought in . pt states she is a lot better than she was <DATE_TIME>.,999,Unknown,General and Minor,silver,
Abdominal bloating,263,Abdominal mass/distention,Gastrointestinal,silver,
"Pt transported from <LOCATION> with reported <LOCATION> elevation, elevated troponin and possible need for cardiac cath. Pt started <DATE_TIME> with c/o epigastric pain, took tums with no relief. went to local clinic. Arrived with 20g L arm and 18g R arm iv.",3,Chest pain—cardiac features,Cardiovascular,silver,
vaginal bleeding <DATE_TIME>,455,Vaginal bleed,OB/GYN,silver,
"Pt BIB Air for vaginal bleeding from <LOCATION>, pt had spontaneous miscarrige on <DATE_TIME>, since then pt had bleeding but resolved <DATE_TIME>, <DATE_TIME>, at work, she started vaginal bleeding and had syncope episode, en route, 2g TXA given to pt. GCS 15",455,Vaginal bleed,OB/GYN,silver,
Surgery Follow Up,865,Post-operative complications,General and Minor,silver,
Recovery D&C,865,Post-operative complications,General and Minor,silver,
"Anxiety, SI earlier",352,Anxiety/situational crisis,Mental Health,rule,ANXIETY
"CC: food bolus <DATE_TIME> around 2100, pt was eating steak when it got stuck previous facilities tried glucagon with no success and pt was sent to for endoscopy pt A/Ox4, ambulatory w/o assistance, and vitals stable managing secretions",265,Oral/esophageal foreign body,Gastrointestinal,silver,
steak lodged in pts throat. pt able to breath normally. unable tolerate fluid or sputum,265,Oral/esophageal foreign body,Gastrointestinal,silver,
"Esophageal food impaction, resolved with medical treatment alone; clinic appt f/u prior to return to village",265,Oral/esophageal foreign body,Gastrointestinal,silver,
<PERSON> EDD: <DATE_TIME>,458,"Pregnancy issues, >20 weeks",OB/GYN,silver,
contractions at <DATE_TIME>,458,"Pregnancy issues, >20 weeks",OB/GYN,silver,
"39yr female mucas plug caME out very clear.it hone strain of blood. possible labor starting, stomach got hard 2:33,",458,"Pregnancy issues, >20 weeks",OB/GYN,silver,
Possible labor @ <DATE_TIME>,458,"Pregnancy issues, >20 weeks",OB/GYN,silver,
"medivac transport from <LOCATION> for n/v, CHTN, not able to control N/V",457,"Pregnancy issues, <20 weeks",OB/GYN,silver,
<PERSON> @ 37wks,458,"Pregnancy issues, >20 weeks",OB/GYN,silver,
<PERSON> @ 38wks,458,"Pregnancy issues, >20 weeks",OB/GYN,silver,
"had seizure at <DATE_TIME> 7am. declined clinic visit at <DATE_TIME>. His whole body was shaking, he is sweating, never had seizure before this.",405,Seizure,Neurologic,silver,
"Authorized in from <LOCATION> with medivac. Seizures x two tghis morning lasting <DATE_TIME>, postictal afterwards with confussion,agression , headache with nausea and vomiting. was given zofran, phenergan and toradol",405,Seizure,Neurologic,silver,
follow up new onset seizure,405,Seizure,Neurologic,silver,
"follow up new onset seizure, improving",405,Seizure,Neurologic,silver,
seizure in a known seizure patient vomiting,405,Seizure,Neurologic,silver,
"had seizures <DATE_TIME>, and now he is vomiting",405,Seizure,Neurologic,silver,
nose injury,155,Nasal trauma,ENT - Nose,silver,
"broken nose, got punched elbowed and kicked to nose, now very broken nose and couldn't stop bleeding",155,Nasal trauma,ENT - Nose,silver,
nasal injury,155,Nasal trauma,ENT - Nose,silver,
"gallbladderpain, N/V decreased urine",257,Nausea and/or vomiting,Gastrointestinal,silver,
"BIB Airmed from <LOCATION> with c/o RUQ abd pain, n/v/dark stools x <DATE_TIME>. reported <LOCATION> showed gallstones and hepatitis. pt presetned calm, skin warm, dry, jaundice, adb with ascites - pt states normal size for her. <PERSON> in place with dark yellow urine.",261,Jaundice,Gastrointestinal,silver,
F/U recent Hospitalization - Alcoholic Hepatitis,261,Jaundice,Gastrointestinal,silver,
"unresponsive, oral blood noted, jaundice",261,Jaundice,Gastrointestinal,silver,
Hurt leg,555,Lower extremity pain,Orthopedic,silver,
BIB guardian for potential compartment syndrome to R thigh after he was assaulted by metal pipe to his leg this am. Thigh swollen.,709,Localized swelling/redness,Skin,silver,
wound check on R thigh compartment syndrome. DOS: <DATE_TIME>,710,Wound check,Skin,silver,
"Pt reports sent from Ortho for admission for surgery to R leg for wound infx, pt reports pain to R leg w no pain med since <DATE_TIME>, sitting in wc.",555,Lower extremity pain,Orthopedic,silver,
Snow Machine Accident - See Trauma Flow Sheet,802,Major trauma—blunt,Trauma,silver,
Right facial pain,107,Facial pain (non-traumatic/non-dental),ENT - Mouth/Throat/Neck,silver,
<PERSON> pain and fever,852,Fever,General and Minor,silver,
Authorized in from <LOCATION> with Guardian. for <DATE_TIME> now right sided abdominal painradiating into the back with some nausea. <PERSON> at <DATE_TIME>. on mensesfor <DATE_TIME>,251,Abdominal pain,Gastrointestinal,silver,
Follow up UTI,307,UTI complaints,Genitourinary,silver,
Awoke <DATE_TIME> with headache. Tylenol at 1000,404,Headache,Neurologic,silver,
RPNV 36 <DATE_TIME>,867,Inconsolable crying,General and Minor,silver,
1st PNV 8 <DATE_TIME>,867,Inconsolable crying,General and Minor,silver,
RPNV <PHONE_NUMBER>,867,Inconsolable crying,General and Minor,silver,
Contractions every 20 minutes,458,"Pregnancy issues, >20 weeks",OB/GYN,silver,
rtn pnv,867,Inconsolable crying,General and Minor,silver,
RPNV 40 <DATE_TIME>,867,Inconsolable crying,General and Minor,silver,
"Rupture of membrane in pregnancy, comfirmed positive ferning in OPD. No contarctions at present time",458,"Pregnancy issues, >20 weeks",OB/GYN,silver,
PPROM transport,458,"Pregnancy issues, >20 weeks",OB/GYN,silver,
left eye injury after welding without proper eye gear. Has thick yellow drainage. Reports able to see when eye is cleaned out.,510,Eye trauma,Ophthalmology,silver,
<NRP> chemical injury and flash burn OS. Pt notes improvement <DATE_TIME>. No pain. Vision improved.,502,"Chemical exposure, eye",Ophthalmology,silver,
L eye irritation.,506,"Red eye, discharge",Ophthalmology,silver,
"contractions, <DATE_TIME>, possible fluid leak",458,"Pregnancy issues, >20 weeks",OB/GYN,silver,
<DATE_TIME> VISIT,999,Unknown,General and Minor,silver,
RPNV,867,Inconsolable crying,General and Minor,silver,
decreased fetal movement since <DATE_TIME>,458,"Pregnancy issues, >20 weeks",OB/GYN,silver,
39 w 0/7,458,"Pregnancy issues, >20 weeks",OB/GYN,silver,
OBGYN,458,"Pregnancy issues, >20 weeks",OB/GYN,silver,
RPNV 40 W 0/7 DAYS,458,"Pregnancy issues, >20 weeks",OB/GYN,silver,
Pelvic pain in pregnancy,457,"Pregnancy issues, <20 weeks",OB/GYN,silver,
Leaking fluid,458,"Pregnancy issues, >20 weeks",OB/GYN,silver,
RPNV 40 W <DATE_TIME> DAYS,458,"Pregnancy issues, >20 weeks",OB/GYN,silver,
RPNV 40 W <DATE_TIME> days,458,"Pregnancy issues, >20 weeks",OB/GYN,silver,
Pyelo workup,307,UTI complaints,Genitourinary,silver,
DFM <DATE_TIME>,458,"Pregnancy issues, >20 weeks",OB/GYN,silver,
cramping,866,Minor complaints NOS,General and Minor,silver,
spotting that started <DATE_TIME> . <PERSON> pain <DATE_TIME>,457,"Pregnancy issues, <20 weeks",OB/GYN,silver,
<DATE_TIME> female here for passing blood clots and spotting <DATE_TIME> pregnant edd <DATE_TIME>,457,"Pregnancy issues, <20 weeks",OB/GYN,silver,
"Bleeding from vagina, in <DATE_TIME> of pregnancy",458,"Pregnancy issues, >20 weeks",OB/GYN,silver,
RPNV 7 <DATE_TIME>,458,"Pregnancy issues, >20 weeks",OB/GYN,silver,
PN visit,457,"Pregnancy issues, <20 weeks",OB/GYN,silver,
RPNV 32 W <DATE_TIME> DAYS,458,"Pregnancy issues, >20 weeks",OB/GYN,silver,
TRPN,457,"Pregnancy issues, <20 weeks",OB/GYN,silver,
RPNV 33 w <DATE_TIME> days,458,"Pregnancy issues, >20 weeks",OB/GYN,silver,
"SOB, feels like she can't take a breath",651,Shortness of breath,Respiratory,silver,
prenatal check up,457,"Pregnancy issues, <20 weeks",OB/GYN,silver,
STI treatment,303,Genital discharge/lesion,Genitourinary,silver,
"Pt BIB by Air from <LOCATION> for RUQ pain followed by N/V and HA. Hx of RA. GCS15, RA.",257,Nausea and/or vomiting,Gastrointestinal,silver,
"fall, shoulder pain, back pain and neck pain",552,Traumatic back/spine injury,Orthopedic,silver,
Follow up s/p fall and wound care,865,Post-operative complications,General and Minor,rule,POST_OP
"Follow up, wound care",710,Wound check,Skin,silver,
possible gsw arm,801,Major trauma—penetrating,Trauma,rule,MAJOR_TRAUMA_PENETRATING
back pain post snow machine crash <DATE_TIME>,552,Traumatic back/spine injury,Orthopedic,silver,
left foot swelling and pain,555,Lower extremity pain,Orthopedic,silver,
"Left foot injury, dirtbike, sent commercial from <LOCATION> for surgery consult. Broken toes. in ortho boot. reg. <PERSON>. clam, compliant.",557,Lower extremity injury,Orthopedic,silver,
"L foot fractures, 4 toes and ankle motorcycle fall on <DATE_TIME>; flew in from <LOCATION> <DATE_TIME>; plan for surgery (?)",557,Lower extremity injury,Orthopedic,silver,
F/u L Foot <DATE_OF_SERVICE> by <PERSON>,866,Minor complaints NOS,General and Minor,silver,
F/u open reduction pinning2-5th MT,866,Minor complaints NOS,General and Minor,silver,
"Pt c/o left foot pain that onset <DATE_TIME> after fourwheeler wreck, pt notes having surgery <DATE_TIME>, reports increased pain <DATE_TIME>, pt awake, alert, toes are warm to touch, less 2sec cap refill, sensation intact",555,Lower extremity pain,Orthopedic,silver,
N/V in pregnancy,457,"Pregnancy issues, <20 weeks",OB/GYN,silver,
FPNV,457,"Pregnancy issues, <20 weeks",OB/GYN,silver,
seizuring,405,Seizure,Neurologic,silver,
seizure other cause,405,Seizure,Neurologic,silver,
follow up seizure,405,Seizure,Neurologic,silver,
follow up seizures,405,Seizure,Neurologic,silver,
"Seizure, Medivac from <LOCATION>",405,Seizure,Neurologic,silver,
"OD keppra, scalp injury, hand laceration",752,Overdose ingestion,Substance Misuse,rule,OVERDOSE
laceration to head and right hand,704,Laceration/puncture,Skin,silver,
Pt BIB WEKA from <LOCATION> for ortho eval due to laceration on right hand. Pt held under Title 47 and ex parte.,704,Laceration/puncture,Skin,silver,
f/u 2 wks s/p I&D R LF/RF/SF FDP repair (DOS: <DATE_TIME> w/ Dr. <PERSON>) *okay per <PERSON> to see this pt.,865,Post-operative complications,General and Minor,rule,POST_OP
"f/u ~1 wk s/p I&D R LF/RF/SF FDP repair (DOS: <DATE_TIME>) *per <PERSON>, to see Dr. <PERSON>- will start <DATE_TIME>",865,Post-operative complications,General and Minor,rule,POST_OP
hypothermia,205,Hypothermia,Environmental,rule,HYPOTHERMIA
"Pt medevaced from <LOCATION>- c/c frostbite to all 4 extremties, pt was missing <DATE_TIME> on snowmachine, found down rectal temp82.5. Pt was in SVT, converted @ <DATE_TIME>. Reports drinking a fifth of R&R <DATE_TIME>. Pt A&Ox4, redness noted on all 4 extremities",205,Hypothermia,Environmental,rule,HYPOTHERMIA
Hospital Discharge FV 4W,865,Post-operative complications,General and Minor,silver,
fv pressure sore,866,Minor complaints NOS,General and Minor,silver,
"Recent admission for frostbite & rhabdomylosis to BLE. Pt d/c <DATE_TIME>. <PERSON> noticed increased drainage from foot dressings. Pt also requesting more dressing supplies. Pt denies fever, rates pain <DATE_TIME> in BLE.",205,Hypothermia,Environmental,rule,HYPOTHERMIA
wound clinic,710,Wound check,Skin,silver,
FV : Hospital Discharge,865,Post-operative complications,General and Minor,silver,
recheck frost bites,710,Wound check,Skin,silver,
injury to right lower leg,557,Lower extremity injury,Orthopedic,silver,
<DATE_TIME> fell while walking to ATV. injured right lower leg. fentanyl given 100 mcg at <DATE_TIME> and again second dose of 100 mcg at 0230.,557,Lower extremity injury,Orthopedic,silver,
"right lower leg pain commercial, from <LOCATION>.",555,Lower extremity pain,Orthopedic,silver,
R prox fib fx,557,Lower extremity injury,Orthopedic,silver,
"pt assaulted in village around 2100. pt with closed head injury, upper lip lac and swollen face. pt was only hit with fist. pt is intoxicated.",407,Head injury,Neurologic,silver,
si secondary to assault,351,Depression/suicidal/deliberate self-harm,Mental Health,silver,
"Authorized in from <LOCATION> with Guardian related to intentional overdose on oxycodone and motrin, ETOH on board. has been depressed thinking about papa's death in <DATE_TIME>. hx of same past SI",752,Overdose ingestion,Substance Misuse,rule,OVERDOSE
overdose ibuprofen approx 30 injested. states she spit them up. ETOH on board,752,Overdose ingestion,Substance Misuse,rule,OVERDOSE
pt brought in by guardian. supposed tylenol overdose and has been drinking.,752,Overdose ingestion,Substance Misuse,rule,OVERDOSE
Pt arrived via Medivac for ETOH and assault from <LOCATION>,802,Major trauma—blunt,Trauma,silver,
home visit for a 73 y/o male with weakness for <DATE_TIME> now,7,General weakness,Cardiovascular,silver,
"sick x <DATE_TIME>, respiratory distress wound on R foot. Covid positive",651,Shortness of breath,Respiratory,rule,COVID_RESPIRATORY
"BIBA from <LOCATION>, covid +, on bipap, resp distress, received vanc, acyclovir, rocephin, dexamethasone at <LOCATION>. bipap <DATE_TIME>, 50% FiO2, agitated in flight, received fentanyl. <PERSON> speaking only.",651,Shortness of breath,Respiratory,silver,
vomitting and abd pain,251,Abdominal pain,Gastrointestinal,silver,
Other cause of vomitting or diarrhea,257,Nausea and/or vomiting,Gastrointestinal,silver,
"Authorized in from <LOCATION>, for <DATE_TIME> heavy dinking with nausea and vomiting. Went into clinic stating attempted to hang self. crying during triage. denies SI/HI. 2-3 grams thc <DATE_TIME>",351,Depression/suicidal/deliberate self-harm,Mental Health,silver,
Revisit abdominal pain no improvement,251,Abdominal pain,Gastrointestinal,silver,
"<PERSON> pain revisit, developed cramping in abdomen, legs and arms.",251,Abdominal pain,Gastrointestinal,silver,
"<PERSON> pain, no improvement",251,Abdominal pain,Gastrointestinal,silver,
revisit abd pain,251,Abdominal pain,Gastrointestinal,silver,
"Authorized in from <LOCATION>, here related to abdominal pain with nausea and vomiting since <DATE_TIME>",251,Abdominal pain,Gastrointestinal,silver,
spotting at <DATE_TIME> gestation,457,"Pregnancy issues, <20 weeks",OB/GYN,silver,
"4.5 cm dialated,no d/c or rash/sores.",458,"Pregnancy issues, >20 weeks",OB/GYN,silver,
<DATE_TIME> pregnant 36 y/o with spotting and vaginal dialation of 4.5cm.,458,"Pregnancy issues, >20 weeks",OB/GYN,silver,
PTL eval,458,"Pregnancy issues, >20 weeks",OB/GYN,silver,
Beta 2,999,Unknown,General and Minor,silver,
Spotting during pregnancy,457,"Pregnancy issues, <20 weeks",OB/GYN,silver,
sent from clinic for r/o PTL,458,"Pregnancy issues, >20 weeks",OB/GYN,silver,
leaking fluid since 2200,458,"Pregnancy issues, >20 weeks",OB/GYN,silver,
SROM @ 2200(light <PERSON>),458,"Pregnancy issues, >20 weeks",OB/GYN,silver,
"Some chest discomfort for <DATE_TIME> increasing with deep breathing, vomited x one. Chest pain has relolved. now has complaints of lower back pain",4,Chest pain—non-cardiac features,Cardiovascular,silver,
21 y/o G1P1; PP BP/ wound check - PTD vis C/S for severe PEC on one BP agent (Labetalol 200 mg TID)- BP trends <DATE_TIME>; Decreased Labetalol to 200 mg BID (<DATE_TIME>); Wound approximated & no s/s infection; Denies concerns. RTC <DATE_TIME> for recheck.,865,Post-operative complications,General and Minor,silver,
<PERSON> stools,999,Unknown,General and Minor,silver,
Follow up from black stool. Reports 1 formed black stool <DATE_TIME>.,260,Blood in stool/melena,Gastrointestinal,silver,
High Blood Pressure reading,6,Hypertension,Cardiovascular,silver,
high blood pressure reading,6,Hypertension,Cardiovascular,silver,
PEC with elevated BP,6,Hypertension,Cardiovascular,silver,
PP D37 BP check,866,Minor complaints NOS,General and Minor,silver,
High blood pressure in pregnancy,457,"Pregnancy issues, <20 weeks",OB/GYN,silver,
"<DATE_TIME> pregnant pt brought in from women's health to wait on medivac to arrive from <LOCATION> for her <LOCATION> to for induction, c/o slight ha and blurred vision",457,"Pregnancy issues, <20 weeks",OB/GYN,silver,
transport for high blood pressures and headache,457,"Pregnancy issues, <20 weeks",OB/GYN,silver,
Painful ctx started at <DATE_TIME>,458,"Pregnancy issues, >20 weeks",OB/GYN,silver,
PP BP Check,866,Minor complaints NOS,General and Minor,silver,
Poisoning by mouth with drug or medicine,752,Overdose ingestion,Substance Misuse,silver,
Suicide gesture,351,Depression/suicidal/deliberate self-harm,Mental Health,rule,SUICIDAL
Acute Abdomen,251,Abdominal pain,Gastrointestinal,silver,
<DATE_TIME> comes in for abdominal pain.,251,Abdominal pain,Gastrointestinal,silver,
R lower Q Abdomen pain,251,Abdominal pain,Gastrointestinal,silver,
Pt. in from <LOCATION> for appendicitis. Pt. also COIVD positive. Had orginally tested positive in <DATE_TIME>. New test prior to arrival was still positive. Deines symptoms. Pt. Reports RLQ pain. Pt. ambulated to streacher w/o difficulty. NAD.,251,Abdominal pain,Gastrointestinal,silver,
FV J tube problems,860,Medical device problem,General and Minor,silver,
"brought by medivac, involved in snow machine accident <DATE_TIME>. Having pain to right rib area, unable to take deep breath without pain",804,Isolated chest trauma—blunt,Trauma,silver,
b/p check,866,Minor complaints NOS,General and Minor,silver,
<PERSON> visit,999,Unknown,General and Minor,silver,
Immunizations Due,999,Unknown,General and Minor,silver,
"ctx 1 min apart, G3P1, <DATE_TIME>",458,"Pregnancy issues, >20 weeks",OB/GYN,silver,
"<DATE_TIME>, G3P1, ctx 1 m apart, GBS unkown",458,"Pregnancy issues, >20 weeks",OB/GYN,silver,
B/P check,6,Hypertension,Cardiovascular,silver,
bp check,6,Hypertension,Cardiovascular,silver,
"Alleged assault, facial trauma",102,Facial trauma,ENT - Mouth/Throat/Neck,silver,
Hand swelling/pain,555,Lower extremity pain,Orthopedic,silver,
follow up assault,999,Unknown,General and Minor,silver,
<PERSON> pain with positive pregnancy test,457,"Pregnancy issues, <20 weeks",OB/GYN,silver,
<DATE_TIME> female with abd pain,251,Abdominal pain,Gastrointestinal,silver,
pt brought in by medivac. RLQ pain.,251,Abdominal pain,Gastrointestinal,silver,
RLQ abd pain since 1200 <DATE_TIME>. no vaginal bleeding or discharge. G5P4,251,Abdominal pain,Gastrointestinal,silver,
reports advised by OB to check into ER for lab draw for quant. reports <DATE_TIME> gestation. denies other c/o,863,Abnormal lab values,General and Minor,silver,
"f/u U/S, BHCG",863,Abnormal lab values,General and Minor,silver,
wic recertification,999,Unknown,General and Minor,silver,
BIB gaurdian from <LOCATION> for suspected intentional OD on prednisone and antirejection medication. Pt in liver failure post transplant r/t continued drinking.,752,Overdose ingestion,Substance Misuse,rule,OVERDOSE
"Authorized in from <LOCATION>, has been depressed related to recent death of friend, now suicidal took two bottles of medications in attempt to harm self. hx of the same",351,Depression/suicidal/deliberate self-harm,Mental Health,rule,SUICIDAL
"ON <DATE_TIME>, <DATE_TIME> I got called from <PERSON> here in <LOCATION> stating that pt- needs to be seen, they are bringing here to clinic to be reported,, I then called <PERSON> to help me, and I then called ER registration to registar her,",999,Unknown,General and Minor,silver,
Other mental health problems/refused to be seen and was taken home to family members by VPSO,351,Depression/suicidal/deliberate self-harm,Mental Health,silver,
<DATE_TIME> female cc vitals for visit with PCP and blood draw,863,Abnormal lab values,General and Minor,silver,
"Authorized in fron <LOCATION>, HX of liver transplant, has been off medications for <DATE_TIME>. states not sure if she will take them anymore Sclera yellow for <DATE_TIME>",261,Jaundice,Gastrointestinal,silver,
"history of liver transplant, staying in <LOCATION> for <DATE_TIME> and needs frequent follow up and communication with <LOCATION>",261,Jaundice,Gastrointestinal,silver,
FV liver transplant patient,261,Jaundice,Gastrointestinal,silver,
FV Liver function,261,Jaundice,Gastrointestinal,silver,
"FV AIH/Liver Transplant, no FS, Ref from <PERSON>, CNM, last seen <PHONE_NUMBER>",261,Jaundice,Gastrointestinal,silver,
hypomagnesium level,863,Abnormal lab values,General and Minor,silver,
low magnesium level,863,Abnormal lab values,General and Minor,silver,
low mag,863,Abnormal lab values,General and Minor,silver,
sent to ER for low magnesium,863,Abnormal lab values,General and Minor,silver,
"NEW: AVM of Brain dx <DATE_TIME>, never foloowed up on. Urgent referral/appt request by <PERSON>",855,Direct referral for consultation,General and Minor,silver,
atv accident. head injury. complains of lower back pain.,407,Head injury,Neurologic,silver,
Pain to Right upper thigh,555,Lower extremity pain,Orthopedic,silver,
"C/o stomach problems since <DATE_TIME>. Heartburn from too much greasy or spicy foods, then abdominal pains, then diarrhea. Diarrhea 2-3 times in <DATE_TIME>.",254,Diarrhea,Gastrointestinal,silver,
Mental Health Emergency,351,Depression/suicidal/deliberate self-harm,Mental Health,silver,
"21 yo female here for mental health eval, suicidal",351,Depression/suicidal/deliberate self-harm,Mental Health,rule,SUICIDAL
"Authorized in from <LOCATION>, with Guardian. Has been feeling depressed. <DATE_TIME> at <DATE_TIME> took <PHONE_NUMBER> lopressor ER 25mg, chewed them, in attempt to harm self. Hx of the same. denies being suicidal at this point",351,Depression/suicidal/deliberate self-harm,Mental Health,rule,SUICIDAL
Having suicidal thoughts. Having lots of worries and stress. Started from daughter reaching her hand out too quikly towards her then that triggered a traumatized unwated event and says she felt like everything went black for just a second.,351,Depression/suicidal/deliberate self-harm,Mental Health,rule,SUICIDAL
"Mental Health, Severe Stress Reaction with Anxiety/Depression",352,Anxiety/situational crisis,Mental Health,rule,ANXIETY
STI Screening,866,Minor complaints NOS,General and Minor,silver,
21 yo female here for STI screening,866,Minor complaints NOS,General and Minor,silver,
"911 call 21 yo female chief complaint of tachycardia, heart racing",5,Palpitations/irregular heart beat,Cardiovascular,silver,
"Abnormal Heart Rate, Fast",5,Palpitations/irregular heart beat,Cardiovascular,silver,
"Authorized if from Noata with guardian. For <DATE_TIME> now generalized abdominal pain with nausea and vomiting, unable to eat or take home medications. hypoxia in clinic <DATE_TIME> and tested positive for covid",651,Shortness of breath,Respiratory,rule,COVID_RESPIRATORY
SKIN ISSUES,711,Other skin conditions,Skin,silver,
"Skin rash with pain and peeling skin. HX of same being treated in <LOCATION> by Dr. <PERSON>. Rash is on arms, legs upper torso",708,Rash,Skin,silver,
pt presents with <PERSON> syndrome. rash from head to above knee. this episode started approx 4/4. pain and itching,708,Rash,Skin,silver,
Pt. needing refills for regular meds. pt. has list with her. Needs HTN meds and some topical agents. States was medivacted in and needs these meds now. Pt. DC <DATE_TIME>. Pt. Ambulated to lobby wo difficulty. NAD.,861,Prescription/medication request,General and Minor,silver,
"Seen patient at the hospital/ inpatient, follow up psoriatic flare",711,Other skin conditions,Skin,silver,
"Pt <PERSON> from <LOCATION> <DATE_TIME> for ""skin problem"" and was admitted, but is now concerned about pain and swelling around IV site in right arm. Pt's skin is red and swollen arcross her upper body.",709,Localized swelling/redness,Skin,silver,
"Psoriasis, pre DM, infection at IV site",709,Localized swelling/redness,Skin,silver,
Left lower pelvic pain in pregnant female approx <DATE_TIME> preg. G3P2 reports pain <DATE_TIME> was given 650 MG tylenol at the clinic,458,"Pregnancy issues, >20 weeks",OB/GYN,silver,
Pt needs first trimester labs and <LOCATION>,457,"Pregnancy issues, <20 weeks",OB/GYN,silver,
RPNV 22 <DATE_TIME>,999,Unknown,General and Minor,silver,
vaginal discharge in pregnancy,453,Vaginal discharge,OB/GYN,silver,
contractions,866,Minor complaints NOS,General and Minor,silver,
"<DATE_TIME>, G4 P2, having consistent contractions",866,Minor complaints NOS,General and Minor,silver,
<DATE_TIME> fell into the wood stove - receiving burns to arms and hands bilat. small burn on right side of lower abd. took tylenol 975 mg at <DATE_TIME>. last drink of etoh <DATE_TIME>.,705,Burn,Skin,silver,
"PT PRESENTS TO <PERSON> FOR DRESSING CHANGE TO BILATERAL ARMS, PT STATES SHE IS OUT OF DRESSINGS",856,Dressing change,General and Minor,silver,
Pt returned to ER from turn around <PERSON> air flight to .,999,Unknown,General and Minor,silver,
"<DATE_TIME> burnt bilateral forearms on a wood stove, <DATE_TIME> arm pain increased and fever, seen <DATE_TIME> in <LOCATION> and transfered for concern of infection. 4mg morphine @<DATE_TIME>, 15mg toradol enroute @2220",705,Burn,Skin,silver,
RFV: F/u following skin grafting for dressing change,856,Dressing change,General and Minor,silver,
"Pt reports burn bilat arms, took skin from R thigh <DATE_TIME>. States staples ""feel funny, like staples are moving"" Follow up scheduled <DATE_TIME>. Denies drainage or saturation throught dressing. Reports worsening pain & states sometiems feels warm. NAD.",865,Post-operative complications,General and Minor,silver,
following skin grafting for dressing change,856,Dressing change,General and Minor,silver,
"Pt walk in for R arm pain and swelling for <DATE_TIME>. .Pt had surgery on arm on <DATE_TIME> and <DATE_TIME>, states her arm is infected. Pt states arm is ooing pus, has foul odor. NAD in triage. C/o chills.",865,Post-operative complications,General and Minor,silver,
Pt walk in for dressing change on R arm and R leg. Pt states leg dressing is completely off. Ran out of dressing supplies @ home. NAD in triage.,856,Dressing change,General and Minor,silver,
"Pt walk in for dressing change on R arm and R thigh. Landed on a wood stove, admitted to the hospital for <DATE_TIME>. States leg dressing is completely off and feels her wounds are infected.. Ran out of dressing supplies @ home. Took Oxycodone at 1400.",865,Post-operative complications,General and Minor,silver,
"Pt comes in c/o chronic neck and back pain. Says it is slightly worsend <DATE_TIME>. <PERSON> has full ROM with neck and ambulates with ease. Denies Fever, N/V/D, Trauma",551,Back pain,Orthopedic,silver,
Upper abdominal/ epigastric pain and heartburn Abnormal heat beat - Tachycardia Acute Abdomen,251,Abdominal pain,Gastrointestinal,silver,
"<PERSON> is <DATE_TIME> he called the ambulance for abdominal pain, he says that he has had bloating, difficulty stooling after he had a hernia surgery <DATE_TIME> and has been having pain, difficulty stooling, bloating, heartburn and is worsening",251,Abdominal pain,Gastrointestinal,silver,
pt presented to clinic in afib with hr of 170's. meds given during flight and pt presents with nsr hr in <DATE_TIME>'s. also complains of abd pain.,5,Palpitations/irregular heart beat,Cardiovascular,rule,AFIB_RVR
"Pt BIB Guardian from <LOCATION> w/ accepting <PERSON>, & initial CC of Chest Pain, A W/ RVR, currently denies any <LOCATION>, SOB, N/V, L/D.",5,Palpitations/irregular heart beat,Cardiovascular,rule,AFIB_RVR
VTC <LOCATION>,999,Unknown,General and Minor,silver,
VTC c,999,Unknown,General and Minor,silver,
EKG,999,Unknown,General and Minor,silver,
pt with <PERSON> pain. brought in by guardian in PH pt hr 150's.,7,General weakness,Cardiovascular,silver,
Pt came in ambulance c/o shortness of breath and weakness and unable to pass a stool.,651,Shortness of breath,Respiratory,silver,
Other cause of shortness of breath,651,Shortness of breath,Respiratory,silver,
pt with <PERSON> pain complaint. ems states afib rvr.,5,Palpitations/irregular heart beat,Cardiovascular,rule,AFIB_RVR
"F/u NICM, echo, labs, ekg",999,Unknown,General and Minor,silver,
"F/u a-flutter ablation, labs, ekg",999,Unknown,General and Minor,silver,
VTC PAF,999,Unknown,General and Minor,silver,
vitals BP recheck and labs.,6,Hypertension,Cardiovascular,silver,
"GSW to left foot, see trauma flowsheet",801,Major trauma—penetrating,Trauma,rule,MAJOR_TRAUMA_PENETRATING
Wound Check,710,Wound check,Skin,silver,
"pt brought to ED via secuirty from pt housing, pt has a GSW to left foot from <DATE_TIME>, pt has increase in pain, pt appears anxious and <LOCATION>, pt states "" I cant go home, they are tring to send me home"".",801,Major trauma—penetrating,Trauma,rule,MAJOR_TRAUMA_PENETRATING
F/U GSW L Foot,801,Major trauma—penetrating,Trauma,rule,MAJOR_TRAUMA_PENETRATING
f/u ORIF L foot,710,Wound check,Skin,silver,
"EKG changes, HTN",6,Hypertension,Cardiovascular,silver,
"Authorized in from <LOCATION>, related to <DATE_TIME>, complaints of bilateral leg weakness since <DATE_TIME> after having <PERSON>. some complaints of left eye socket area pain. In clinic near syncope after fluids walked from clinic",8,Syncope/pre-syncope,Cardiovascular,silver,
"BIB lifemed for possible sepsis w/ hx of renal failure, multiple cerebral infarcts. Was given ceftrax <DATE_TIME> and Azith 500mg en route, A&O, NAD noted.",999,Unknown,General and Minor,rule,SEPSIS_UNKNOWN
"Ref: f/u hospital DC for LLL pneumonia and bactermia prior to returning to <LOCATION> Referring Provider: <PERSON>, <PERSON>, <LOCATION>",855,Direct referral for consultation,General and Minor,silver,
VTC FV HTN,6,Hypertension,Cardiovascular,silver,
"AMS, possible fall, hypotension",401,Altered level of consciousness,Neurologic,silver,
"vaginal discomfort, bladder pain x <DATE_TIME>, increased burning with urination <DATE_TIME>, sediment/""stone"" passed <DATE_TIME> with urination, pain better after passing stone.",307,UTI complaints,Genitourinary,silver,
"Dysuria for <DATE_TIME>, seen in er for the same, dx with UTI, placed on Bactrim started taking <DATE_TIME>, vomiting <DATE_TIME>. Alternating tylenol and motrin. <PERSON>, night sweats and chills",307,UTI complaints,Genitourinary,silver,
Patient presents with LifeMed from <LOCATION> for concerns of urosepsis. Patient has a large stone on the left side with a temp and tachycardic. Alert and oriented x4 with even resp.,307,UTI complaints,Genitourinary,silver,
Ref: discharge follow up for <PERSON>.,855,Direct referral for consultation,General and Minor,silver,
"nv CBC BMP HCG urine, UA C&S Covid test",851,Exposure to communicable disease,General and Minor,rule,COVID_EXPOSURE
pre op lithotripsy for stone,855,Direct referral for consultation,General and Minor,silver,
right sided <PERSON>. pain,555,Lower extremity pain,Orthopedic,silver,
low back injury,552,Traumatic back/spine injury,Orthopedic,silver,
"BIB gUARDIAN, l@ COMPERSSION FX, SNOW MACHINE RACE CRASHED GOING OVER MOGALS.",802,Major trauma—blunt,Trauma,silver,
Skin tag removal on L eyelid,711,Other skin conditions,Skin,silver,
Intentional overdose: Inpatient Psychiatric Consultation,752,Overdose ingestion,Substance Misuse,rule,OVERDOSE
post op lap chole,865,Post-operative complications,General and Minor,rule,POST_OP
"Abdominal pain <DATE_TIME> after eathing, currently pain free",251,Abdominal pain,Gastrointestinal,silver,
new eval; gallstones,251,Abdominal pain,Gastrointestinal,silver,
post op pain,865,Post-operative complications,General and Minor,rule,POST_OP
R Leg pain,555,Lower extremity pain,Orthopedic,silver,
CC: R knee pain and swelling pt had a cyst removed from R knee on <DATE_TIME> pain and swelling started <DATE_TIME>,558,Joint(s) swelling,Orthopedic,silver,
Right knee Grp G Streptococcus septic arthritis FV,558,Joint(s) swelling,Orthopedic,rule,SEPTIC_ARTHRITIS
f/u multiple I&D's to right knee,710,Wound check,Skin,silver,
Right knee step septic arthritis FV,558,Joint(s) swelling,Orthopedic,rule,SEPTIC_ARTHRITIS
f/up atopic dermatitis and dupixent yearly exam - needs SCORAD - recent hospitalization infection - hx of eye problems worried about infection vs allergy to med,711,Other skin conditions,Skin,silver,
Skin around eyes and ears irritated and discharge,506,"Red eye, discharge",Ophthalmology,silver,
F?U: Wound Check; s/p: <NRP> with <PERSON>,865,Post-operative complications,General and Minor,rule,POST_OP
F/U: 1 mo s/p: Crani - <DATE_TIME> <PERSON>,865,Post-operative complications,General and Minor,rule,POST_OP
left hip injury minor head injury,552,Traumatic back/spine injury,Orthopedic,silver,
"he was using the bathroom, he fell down, bumped his left side head, and injured his left side hip",552,Traumatic back/spine injury,Orthopedic,silver,
left hip pain,555,Lower extremity pain,Orthopedic,silver,
"fall, hip fx",557,Lower extremity injury,Orthopedic,rule,FEMUR_FRACTURE
"in housing post op left hip surgery, discharged from hospital <DATE_TIME> , patient feel asleep after dinner and meds, <PERSON> worried that he was not breathing enough, Equal hand grips and facial smile. slight left nares bleed.",865,Post-operative complications,General and Minor,rule,POST_OP
LTC placement consult,855,Direct referral for consultation,General and Minor,silver,
"Other medical emergency, and care of patient",866,Minor complaints NOS,General and Minor,silver,
Patient called on call for having hard time breathing,651,Shortness of breath,Respiratory,silver,
c/o low O2 sat at home. 80's.,651,Shortness of breath,Respiratory,silver,
"<PERSON> called CHAP for <DATE_TIME> male being weak, having a hard time breathing",651,Shortness of breath,Respiratory,silver,
"Weakness, inability to sand, non-verbal",7,General weakness,Cardiovascular,silver,
"via medivac with decreased LOC, and hypotensive and hypoxic",401,Altered level of consciousness,Neurologic,silver,
arrived by EMS/Air Care with multiple stab wounds reported,801,Major trauma—penetrating,Trauma,rule,MAJOR_TRAUMA_PENETRATING
"pt bib ems flight from <PERSON> . <DATE_TIME> stab wounds w/ kitchen knife to R thigh, L chest, <LOCATION>, and L shoudler. pt stable gcs 15, chest tube in place on arrival . nad",801,Major trauma—penetrating,Trauma,rule,MAJOR_TRAUMA_PENETRATING
"fv stab, left pneumothorax",801,Major trauma—penetrating,Trauma,rule,MAJOR_TRAUMA_PENETRATING
Bandage change from stab wounds and motorcycle accident wounds.,801,Major trauma—penetrating,Trauma,rule,MAJOR_TRAUMA_PENETRATING
Bandage change from motorcycle accident wounds.,856,Dressing change,General and Minor,silver,
"FV Chest stab wounds/ R posterier calf wound, eval skin graft",801,Major trauma—penetrating,Trauma,rule,MAJOR_TRAUMA_PENETRATING
"FV - Chest stab wounds/ R posterier calf wound, eval skin",801,Major trauma—penetrating,Trauma,rule,MAJOR_TRAUMA_PENETRATING
c/o pain in <PERSON>. preg. due <DATE_TIME>. states has spotted some.,455,Vaginal bleed,OB/GYN,silver,
PTL,457,"Pregnancy issues, <20 weeks",OB/GYN,silver,
<DATE_TIME> PP check,865,Post-operative complications,General and Minor,silver,
pp visit,865,Post-operative complications,General and Minor,silver,
arrives via medevac for c/o chemical burns to her buttocks and upper thigh areas.,705,Burn,Skin,silver,
work clearance,866,Minor complaints NOS,General and Minor,silver,
Snow machine crash,802,Major trauma—blunt,Trauma,silver,
"Medevac from <PERSON> for L2 Burst fx. Pt was riding Snowmachine, hit ice, ejected. + helmet. Unable to ambulate on scene. Could not voluntarily void or defecate, <PERSON> in place. CMS intact. VSS. GCS 15. Occasinally <PERSON>. Normal for pt.",552,Traumatic back/spine injury,Orthopedic,silver,
FV - dx L2 burst fracture,552,Traumatic back/spine injury,Orthopedic,silver,
"MVC, 4 wheeler approx <PHONE_NUMBER> MPH",802,Major trauma—blunt,Trauma,silver,
ATV accident BIB guardian flight from <LOCATION>; transferred to for left frontal bleed and skull fraxture.,802,Major trauma—blunt,Trauma,silver,
post concussion follow up,407,Head injury,Neurologic,silver,
pt reports trouble swallowing with a sore throat. pt denies SOB. no stridor noted.,106,Difficulty swallowing/dysphagia,ENT - Mouth/Throat/Neck,silver,
"sore throat, blisters in <DATE_TIME> cracked lips",103,Sore throat,ENT - Mouth/Throat/Neck,silver,
F/u Concussion,407,Head injury,Neurologic,silver,
f/u concussion,407,Head injury,Neurologic,silver,
"F/u Concussion, R arm laceration",407,Head injury,Neurologic,silver,
arrived EMS for R LE injury onset at,557,Lower extremity injury,Orthopedic,silver,
"Pt BIBAA from <PERSON> for snow machine accident <DATE_TIME>. Pt denies LOC and states snow machine did not land on him. Pt is aox3, on 2l <LOCATION> and traction splint to R leg d/t known femur frac. CMS intact",557,Lower extremity injury,Orthopedic,silver,
"arrived VIA EMS after falling down a flight of stairs. Severe bleeding from a posterior head lac, and c/o pain to his back.",802,Major trauma—blunt,Trauma,silver,
"fv rib fractures, scalp laceration, urethral injury",802,Major trauma—blunt,Trauma,silver,
"possible stroke, left sided facial droop",409,Extremity weakness/symptoms of CVA,Neurologic,rule,CVA_STROKE
Pt seen in <LOCATION> <DATE_TIME> and diagnosed with Bells Palsy and treated. Pt feels like her speech is getting worse and is having worsening vision and pain. CT scan of head completed in <LOCATION>. No other deficits noted.,504,Visual disturbance,Ophthalmology,silver,
"Authorized in from <LOCATION>, <DATE_TIME> developed lower abdominal pain, fever with nausea and vomiting, has had some hard stools",251,Abdominal pain,Gastrointestinal,silver,
"Pt complained of abdominal pain <DATE_TIME> , was seen in the village clinic, reval in <LOCATION>, CT scan showed <PERSON>.",251,Abdominal pain,Gastrointestinal,silver,
"c/o SA, OD on Excedrin",752,Overdose ingestion,Substance Misuse,rule,OVERDOSE
"Right siding tingling/numbness started at <DATE_TIME>. Seen in the clinic. Headache, denies any trauma or falls.",410,Sensory loss/paresthesia,Neurologic,silver,
Patient arrives from <LOCATION>. Was facetiming SO when she noticied his right side of face begin to droop at <DATE_TIME>.,409,Extremity weakness/symptoms of CVA,Neurologic,silver,
child birth,869,Newly Born,General and Minor,silver,
Human bite,701,Bite,Skin,silver,
Labs due,863,Abnormal lab values,General and Minor,silver,
RUQ pain,251,Abdominal pain,Gastrointestinal,silver,
"pt arrived by air from <LOCATION>, diagnosed with <PERSON>, had LR 1 liter 1635, Norphine 6mg iv 1628, Zofran 4 mg iv <DATE_TIME>, Zosyn 4.5gm at <DATE_TIME>. last po 1300",251,Abdominal pain,Gastrointestinal,silver,
FV - Lap Chole,865,Post-operative complications,General and Minor,silver,
"Weakness, decreased appetite, epigastric abd when pressure applied.",7,General weakness,Cardiovascular,silver,
"bib ALS air. c/c n/v/malaise x3 days. pt here for surgery consult hx chole <DATE_TIME>. pt nad , vss",257,Nausea and/or vomiting,Gastrointestinal,silver,
"short admission for choledocho, likely passed stone, discharged",865,Post-operative complications,General and Minor,silver,
stroke <DATE_TIME>,409,Extremity weakness/symptoms of CVA,Neurologic,rule,CVA_STROKE
FV from stroke St. Elias Hospital,409,Extremity weakness/symptoms of CVA,Neurologic,rule,CVA_STROKE
BIB guardian flight for intentional overdose of tramadol r/t SI. pt taken approx 50 pills over <DATE_TIME>. experiencing w/d symptoms this AM. endorsing SI,752,Overdose ingestion,Substance Misuse,rule,OVERDOSE
"overdose on keflex. pt states 8 pills. vomited up a few pills per ems. pt alert and oriented, states she was not trying to kill herself, she was just sad.",752,Overdose ingestion,Substance Misuse,rule,OVERDOSE
"arrived via medivac for rule out active TB, right foot infection and bilateral lower extremity edema",709,Localized swelling/redness,Skin,rule,LOCALIZED_INFECTION
1st PNV <PHONE_NUMBER>,457,"Pregnancy issues, <20 weeks",OB/GYN,silver,
Other cause of vomiting,257,Nausea and/or vomiting,Gastrointestinal,silver,
<DATE_TIME> female <DATE_TIME> pregnant came in with pain on her pubic bone that is a sharp pain doesnt know whats causing the pain,458,"Pregnancy issues, >20 weeks",OB/GYN,silver,
<DATE_TIME> female came in because she started having contractions since 1AM that are <DATE_TIME> apart with some vaginal bleeding.,458,"Pregnancy issues, >20 weeks",OB/GYN,silver,
"contractions in woman <DATE_TIME> pregnant, possible preterm labor",458,"Pregnancy issues, >20 weeks",OB/GYN,silver,
SROM with contx,458,"Pregnancy issues, >20 weeks",OB/GYN,silver,
<DATE_TIME> female here for was forced to have sex,454,Sexual assault,OB/GYN,silver,
possible sexual assult or sexual abuse : Patient will get a medical legal exam,454,Sexual assault,OB/GYN,silver,
RPNV,457,"Pregnancy issues, <20 weeks",OB/GYN,silver,
pt states leaking fluid since 630pm. contractions here and there. no distress at this time.,458,"Pregnancy issues, >20 weeks",OB/GYN,silver,
"Arrived at labor and delivery unit via air ambulance, stated her bag of water borke since <DATE_TIME>, clear fluids, denies contractions,",458,"Pregnancy issues, >20 weeks",OB/GYN,silver,
"PT PRESENTS TO <PERSON> VIA MEDEVAC FROM <LOCATION> WITH STROKE SYMPTOMS, NO COMMUNICATION SINCE <DATE_TIME>, BUT SEEN BY FAMILY AT <DATE_TIME> AND THEN FOUND 1700 YESTERDAY WITH AMS",409,Extremity weakness/symptoms of CVA,Neurologic,rule,CVA_STROKE
BIB lifemed for for ATV accident. Lvl 2 trauma activation. See trauma flowsheet,802,Major trauma—blunt,Trauma,silver,
FV Trauma 2 ATV Accicdent,802,Major trauma—blunt,Trauma,silver,
"tired and moaning, alert",7,General weakness,Cardiovascular,silver,
"vomiting in pregnancy, last period <DATE_TIME>",457,"Pregnancy issues, <20 weeks",OB/GYN,silver,
return prenatal visit last LMP <DATE_TIME> severe vomiting,457,"Pregnancy issues, <20 weeks",OB/GYN,silver,
"recheck vomiting in pregnancy, got worse with burning in chest",457,"Pregnancy issues, <20 weeks",OB/GYN,silver,
"recheck nausea/vomit, started chest pain like burning",257,Nausea and/or vomiting,Gastrointestinal,silver,
hyperemesis for <DATE_TIME>; saltines <DATE_TIME> but came back up,257,Nausea and/or vomiting,Gastrointestinal,silver,
1st PNV,869,Newly Born,General and Minor,silver,
Strep Throat at <DATE_TIME> and <DATE_TIME> pregnant,103,Sore throat,ENT - Mouth/Throat/Neck,silver,
sore throat at <DATE_TIME> pregnant,103,Sore throat,ENT - Mouth/Throat/Neck,silver,
right leg pain after he fell <DATE_TIME>,555,Lower extremity pain,Orthopedic,silver,
left leg pain s/p fall,865,Post-operative complications,General and Minor,rule,POST_OP
"BIB Guardian from <LOCATION> for R hip, R metacarpal fracture after ground level fall <DATE_TIME>. Covid+ also. No Covid S/S noted by flight crew. Pt with history of stroke effecting R side w/expressive aphasia. <PERSON>, <PERSON>, <LOCATION> given PTA.",409,Extremity weakness/symptoms of CVA,Neurologic,rule,CVA_STROKE
eval - left buttock cyst,711,Other skin conditions,Skin,silver,
"d/u follow up bib adoptive mom staying at ""a hotel"" unknown departure <PHONE_NUMBER> no other concerns",866,Minor complaints NOS,General and Minor,silver,
sensation of slow HR,5,Palpitations/irregular heart beat,Cardiovascular,silver,
SOB since <DATE_TIME>,651,Shortness of breath,Respiratory,silver,
"pt brought in by ems. lathargic, fever.",852,Fever,General and Minor,silver,
"weakness, hematoma BLE,",7,General weakness,Cardiovascular,silver,
brought in by medivac for complaint of dizziness and near syncope,8,Syncope/pre-syncope,Cardiovascular,silver,
"BIB Guardian from <LOCATION> for possible cholecysitis. Pt went to clinic for right sided abdominal pain since <DATE_TIME> with vomiting. Pt denies pain, n/v at this time. Ambulatory.",251,Abdominal pain,Gastrointestinal,silver,
f/u lap chole,865,Post-operative complications,General and Minor,silver,
f/u chole,865,Post-operative complications,General and Minor,silver,
"17 y/o female with weakness in arms, legs and neck.",7,General weakness,Cardiovascular,silver,
pt with reduce extremity movement. chronic issue in the past. normally low K.,409,Extremity weakness/symptoms of CVA,Neurologic,silver,
<DATE_TIME> female whose mom requested an appointment for a draining ear with ear pain,55,"Discharge, ear",ENT - Ears,silver,
Left Otitis Media with perforaiton and drainage,55,"Discharge, ear",ENT - Ears,silver,
recheck draining ears. On antibiotic for <DATE_TIME> now and has not improved. Ears are still painful and have a bad odor. mother says she's been resistant to septra in the past and feels like she's resistant right now.,55,"Discharge, ear",ENT - Ears,silver,
Recheck AOM- Resistant to antibiotic Septra DS,55,"Discharge, ear",ENT - Ears,silver,
18 yo female chief complaint of paralysis and weakness in legs,409,Extremity weakness/symptoms of CVA,Neurologic,silver,
Other Nervous System Problem,999,Unknown,General and Minor,silver,
18 yo female recheck of weakness and SOB,7,General weakness,Cardiovascular,silver,
pt has become weaker over <DATE_TIME>. was walking <DATE_TIME> and now is too weak to walk or stand. arms are also weak,7,General weakness,Cardiovascular,silver,
preterm labor with ROM,457,"Pregnancy issues, <20 weeks",OB/GYN,silver,
"LLQ Pain, BIB EMS via <LOCATION>. Pain started <DATE_TIME>, pain <PHONE_NUMBER> denies injury, Nausea/Vomiting. Pt given 5 morphine and 25 promethazine at clinic. <PERSON> to room.",251,Abdominal pain,Gastrointestinal,silver,
Arrives from village for appendectomy - states pain to right and left lower quadrants. Ambulatory into triage.,251,Abdominal pain,Gastrointestinal,silver,
fv appendectomy <DATE_TIME>,865,Post-operative complications,General and Minor,silver,
self ref: pt is req. a referral to Dermatology ( Upper lip sore for <DATE_TIME>),855,Direct referral for consultation,General and Minor,silver,
PT reported to have taken <PHONE_NUMBER> benadryl <DATE_TIME> around 2100.,752,Overdose ingestion,Substance Misuse,silver,
"pt medivac'd in for motrin od, states she was attempting to kill herself, denies any si/hi at present",752,Overdose ingestion,Substance Misuse,rule,OVERDOSE
17 yof here for allergic reaction,657,Allergic reaction,Respiratory,rule,ALLERGIC_REACTION
"Mental health emergency: suicidal patient, intoxicated",351,Depression/suicidal/deliberate self-harm,Mental Health,rule,SUICIDAL
ETOH/Intentional OD,752,Overdose ingestion,Substance Misuse,rule,OVERDOSE
"musculoskeletal 2: musculoskeletal pain, possible hip fx.",557,Lower extremity injury,Orthopedic,rule,FEMUR_FRACTURE
"17Yf flew off her snowgo 15 feet, knocked out, wasn't able to get up right away. not using drugs or drinking. she was driving alone. hip is hurting to move.",802,Major trauma—blunt,Trauma,silver,
atv accident. arrived medivac with left hip pain. <PHONE_NUMBER> sec loc. no witness,802,Major trauma—blunt,Trauma,silver,
"18Yf has head sores for awhile for <DATE_TIME>., gotten good from using brothers bactroban but ran out. no pain. +itchy. washing with conditioner will help for awhile. nothing makes it worse. spreading to neck but that got better.",708,Rash,Skin,silver,
1) hbp= non-compliant to bp meds 2) impetigo v.s. fungus skin infection,6,Hypertension,Cardiovascular,silver,
pt intoxicated made multiple verbal statements wanting to kill herself.,351,Depression/suicidal/deliberate self-harm,Mental Health,silver,
f/u on ha,404,Headache,Neurologic,silver,
"HA, vomiting, left hand numbness,",404,Headache,Neurologic,silver,
<NRP> discharge encepholitis bib grandma alta N; <PHONE_NUMBER> pt housing 614,999,Unknown,General and Minor,silver,
f/u discharge bib mom,999,Unknown,General and Minor,silver,
F/u bib mom <PHONE_NUMBER>,999,Unknown,General and Minor,silver,
F/U self check in <PHONE_NUMBER>,999,Unknown,General and Minor,silver,
pt states she needs a banana bag b/c she has been drinking for <DATE_TIME>,751,Substance misuse/intoxication,Substance Misuse,silver,
f/u from discharge,999,Unknown,General and Minor,silver,
sno machine accident,802,Major trauma—blunt,Trauma,silver,
back injury,552,Traumatic back/spine injury,Orthopedic,silver,
"Snow machine accident <DATE_TIME>. Pt rider, thrown forward over driver with <PERSON>",802,Major trauma—blunt,Trauma,silver,
"17 y/o female recheck visit after coming home from hospital, was medivaced to Hospital after a snowmobile accident that happened on <DATE_TIME>. c/o left side ribs, breathing and coughing and has a sharp pain, back pain. Start of note: 11:31am",802,Major trauma—blunt,Trauma,silver,
Unable to see or examine patient due to patient in quarantine End of note: 11:42,999,Unknown,General and Minor,silver,
"<DATE_TIME> <PERSON>, here with youth acadamy staff <PERSON>",999,Unknown,General and Minor,silver,
self <PHONE_NUMBER> CO here for F/U,999,Unknown,General and Minor,silver,
bwlow the waist bib self,999,Unknown,General and Minor,silver,
IUD Insertion,861,Prescription/medication request,General and Minor,silver,
"Female <DATE_TIME>, right arm and leg feel numb, and swollen",409,Extremity weakness/symptoms of CVA,Neurologic,silver,
weakness to right arm and leg,409,Extremity weakness/symptoms of CVA,Neurologic,silver,
"Authorized in from <LOCATION> with Guardian, around one this morning developed sharp right shoulder pain then inability to move left extermities. FSBS 111",409,Extremity weakness/symptoms of CVA,Neurologic,silver,
BIB Guardian fron <LOCATION> for possible stroke/tia. Pt presented to clinich with right sided weakness. All symptoms resolved pta. Ambulatory from stretcher on arrival.,409,Extremity weakness/symptoms of CVA,Neurologic,rule,CVA_STROKE
Tongue swelling and headache,657,Allergic reaction,Respiratory,silver,
b/p management,6,Hypertension,Cardiovascular,silver,
RLE injury while sledding,557,Lower extremity injury,Orthopedic,silver,
"sent from <LOCATION> for right leg fx, sledding injury <DATE_TIME>. alert calm even resps to triage in w/c with splint in place <DATE_TIME>. gaurdian with pt",557,Lower extremity injury,Orthopedic,silver,
Patient here for suture removal on right knee and right ankle.,857,Removal staples/sutures,General and Minor,silver,
Suture Removal on right knee and right ankle.,857,Removal staples/sutures,General and Minor,silver,
stated she has taken 3 grams of cocaine at <DATE_TIME>. stating she wanted to kill her self. currently she denies being SI,351,Depression/suicidal/deliberate self-harm,Mental Health,silver,
"Transferred from <LOCATION> for Intentional OD. pt took 3G of concaine orally in water. Pt received 13 mg ativan PTA for agitation. Pt is anxious and tearful upon arrival to ER, and confirms that this was a suicidal attempt. A&O x4",351,Depression/suicidal/deliberate self-harm,Mental Health,rule,SUICIDAL
RLQ ABD Pain radiating to <LOCATION> that started approx <DATE_TIME> and awoke her.,251,Abdominal pain,Gastrointestinal,silver,
BIBA by lifemed for stones in bladder and apendex. Pt alert oriented and ambulatory,301,Flank pain,Genitourinary,silver,
Eval acute appendicitis,251,Abdominal pain,Gastrointestinal,silver,
F/u appendectomy,865,Post-operative complications,General and Minor,silver,
bod aches <DATE_TIME>. fever.,852,Fever,General and Minor,silver,
"Pt BIB Air from <LOCATION> for <NRP> with kidney stone obstrucion. RA, AOx4.",301,Flank pain,Genitourinary,silver,
"Nausea, low back pain",257,Nausea and/or vomiting,Gastrointestinal,silver,
pt took several pills of asa in an attempt to end her life.,351,Depression/suicidal/deliberate self-harm,Mental Health,silver,
pt transferred from <LOCATION> ER and bib Medicvac for Aspirin OD,752,Overdose ingestion,Substance Misuse,rule,OVERDOSE
<DATE_TIME> female here for vomiting,257,Nausea and/or vomiting,Gastrointestinal,silver,
"Mild dehydration, Gastroenteritis Abdominal pain, possible Acute abdomen",7,General weakness,Cardiovascular,rule,DEHYDRATION
"UTI symptoms, medevac from <LOCATION>",307,UTI complaints,Genitourinary,silver,
Vitals for Dr <PERSON>,866,Minor complaints NOS,General and Minor,silver,
Starting Depo,861,Prescription/medication request,General and Minor,silver,
<DATE_TIME> F here requesting Depo,861,Prescription/medication request,General and Minor,silver,
sever abdominal pain right lower quardrant,251,Abdominal pain,Gastrointestinal,silver,
abdominal pain acute abdomen right lower quadrant pain,251,Abdominal pain,Gastrointestinal,silver,
"recheck abd pain, possibel acute abd",251,Abdominal pain,Gastrointestinal,silver,
Recheck Abdomen Pain,251,Abdominal pain,Gastrointestinal,silver,
"Authorized in from <LOCATION>, over <DATE_TIME> nausea/vomiting RLQ pain, was given mag citrate now diarrhea with weakness and fatigue. Took ultram/motrin at 1230 w/o relief. hx ovarian cyst on right",257,Nausea and/or vomiting,Gastrointestinal,silver,
"pt here for recheck after being seen <DATE_TIME>, states no further s/s",866,Minor complaints NOS,General and Minor,silver,
rpnv 33w 3 d,457,"Pregnancy issues, <20 weeks",OB/GYN,silver,
Contractions since <DATE_TIME>. 20min apart,458,"Pregnancy issues, >20 weeks",OB/GYN,silver,
Preterm labor evaluation transport,458,"Pregnancy issues, >20 weeks",OB/GYN,silver,
BMZ #2,999,Unknown,General and Minor,silver,
TRPN preterm labor,458,"Pregnancy issues, >20 weeks",OB/GYN,silver,
<PERSON> up,999,Unknown,General and Minor,silver,
RPNV 36 <DATE_TIME>,999,Unknown,General and Minor,silver,
RPNV 37 <DATE_TIME>,999,Unknown,General and Minor,silver,
attempted SI by cardizem unknown amount 240 mg SR,351,Depression/suicidal/deliberate self-harm,Mental Health,silver,
"d/c OD, device check",752,Overdose ingestion,Substance Misuse,rule,OVERDOSE
"left trunk of abdomen pain from back to front, had a snow machine accident on <DATE_TIME>, the vehicle was going 50 miles an hours, started vomiting <DATE_TIME>, fever since <DATE_TIME>, never eat in <DATE_TIME>, last BM was this am and it was brown.",802,Major trauma—blunt,Trauma,silver,
severe abdominal inury,802,Major trauma—blunt,Trauma,silver,
<DATE_TIME> female came in for check up on her broke hand,857,Removal staples/sutures,General and Minor,silver,
"Musculoskeletal pain, possible closed fracture: Musculoskeletal 2",556,Upper extremity injury,Orthopedic,silver,
"<DATE_TIME> female, friends called asked for help because she swallowed a bunch of pills and wants to commit suicide",351,Depression/suicidal/deliberate self-harm,Mental Health,rule,SUICIDAL
Overdose by mouth with medicine: emergency 31,752,Overdose ingestion,Substance Misuse,rule,OVERDOSE
"<DATE_TIME> female, patient's friends called the on call saying she took a bunch of pills and trying to commit suicide",351,Depression/suicidal/deliberate self-harm,Mental Health,rule,SUICIDAL
suicide attempt via intentional ingestion of ibuprofen,351,Depression/suicidal/deliberate self-harm,Mental Health,rule,SUICIDAL
positive pregnancy test,457,"Pregnancy issues, <20 weeks",OB/GYN,silver,
"see if pregnant, late on period, period was suppose to be <DATE_TIME>",457,"Pregnancy issues, <20 weeks",OB/GYN,silver,
"Acute Abdominal Pain <DATE_TIME> pregnant. . BIB Guardian, ""I was boating <DATE_TIME> and my whole stomach hurts to my back"" pt denies vaginal bleeding/ discharge, denies vomiting. has nausea. denies injury.",458,"Pregnancy issues, >20 weeks",OB/GYN,silver,
Abdominal pain in woman <DATE_TIME> pregnant,458,"Pregnancy issues, >20 weeks",OB/GYN,silver,
<DATE_TIME> female came in for abdominal pain in pregnancy,458,"Pregnancy issues, >20 weeks",OB/GYN,silver,
"<DATE_TIME> female here been tired, not eating, thinks iron is low pt is <DATE_TIME> pregnant lmp <DATE_TIME>",458,"Pregnancy issues, >20 weeks",OB/GYN,silver,
Fatigue in Prenatal Patient who is 7 and <DATE_TIME> days pregnant last LMP <DATE_TIME>.,458,"Pregnancy issues, >20 weeks",OB/GYN,silver,
<DATE_TIME> here for recheck she was able to eat and drink some <DATE_TIME> but her stomach still feels funny ate twice <DATE_TIME> first time came back out,257,Nausea and/or vomiting,Gastrointestinal,silver,
"alert, in nad,",866,Minor complaints NOS,General and Minor,silver,
"Pregnancy 5: Return Prenatal Visit pt is <DATE_TIME> Last LMP <DATE_TIME> nausea, fatigue, weird feeling in abdomen",458,"Pregnancy issues, >20 weeks",OB/GYN,silver,
"states physically assaulted one hr pta, was struck with hands to <PERSON> and back. c/o abd pain, also states ""there's fluid but it won't come out."" denies vaginal bleed or discharge. does not want to file police report. G1",458,"Pregnancy issues, >20 weeks",OB/GYN,silver,
NPN,866,Minor complaints NOS,General and Minor,silver,
1st PNV <PHONE_NUMBER>,866,Minor complaints NOS,General and Minor,silver,
<DATE_TIME> pregant women who is sick,458,"Pregnancy issues, >20 weeks",OB/GYN,silver,
pt medevaced c/o lower back and lower abd pain with vaginal discharge,455,Vaginal bleed,OB/GYN,silver,
nurse only for flu and covid vaccine,866,Minor complaints NOS,General and Minor,silver,
pt brought in by medevac. pt denies suicidal thoughts or statements.,351,Depression/suicidal/deliberate self-harm,Mental Health,rule,SUICIDAL
in labor <DATE_TIME> gestation,458,"Pregnancy issues, >20 weeks",OB/GYN,silver,
"Facial trauma, R-mental pain, abd pain, alleged assault",102,Facial trauma,ENT - Mouth/Throat/Neck,silver,
"Orbital Fx Eval. ""Happened <DATE_TIME>. I was at wrong place, wrong time. Haven't had any concerns with <LOCATION>. No pain in eyes, they're just itchy.""",510,Eye trauma,Ophthalmology,silver,
"c/o left shoulder/arm pain x <DATE_TIME>. hx medevac <PHONE_NUMBER> after being assaulted. pt has multiple bruises from initial injury, denies new injury/strain. no meds pta.",556,Upper extremity injury,Orthopedic,silver,
snow machine accident complaining of sharp pain <DATE_TIME> pain in his neck,552,Traumatic back/spine injury,Orthopedic,silver,
Neck pain fom snow machine injury,552,Traumatic back/spine injury,Orthopedic,silver,
"Fell from stationary vehicle, etoh",802,Major trauma—blunt,Trauma,silver,
"C6 fracture from <LOCATION>, ETOH and THC, intubated, guardian flight, sedation in route, giving paralytic to keep from removing tube, see trauma charting",552,Traumatic back/spine injury,Orthopedic,silver,
RSF fx needs casting per <PERSON>,858,Cast check,General and Minor,silver,
STD,866,Minor complaints NOS,General and Minor,silver,
Pt took cast off right forearm and hand because it was stinking and got wet. Now having increased pain. Pt has splint to wrist from home at this time. <PERSON> also ran out of pain meds.,858,Cast check,General and Minor,silver,
pt requesting refill on all pain meds because he is out. seen early this am and given #6 5mg oxycodone. hx accident <DATE_TIME> with fx R wrist and vertebrae in neck. pt has c-collar in place. staying at <LOCATION> suites,861,Prescription/medication request,General and Minor,silver,
"F/V: Right C6 Facet Fx, Imbalance and dizziness",552,Traumatic back/spine injury,Orthopedic,silver,
STD screening,866,Minor complaints NOS,General and Minor,silver,
STD screening,999,Unknown,General and Minor,silver,
F/V: Traumatic C6 Facet Fx,552,Traumatic back/spine injury,Orthopedic,silver,
pre op,999,Unknown,General and Minor,silver,
"brought by medivac, ETOH with cuts to arms and forehead",751,Substance misuse/intoxication,Substance Misuse,silver,
"<DATE_TIME> pregnant, having <DATE_TIME> apart",457,"Pregnancy issues, <20 weeks",OB/GYN,silver,
labor <DATE_TIME>,458,"Pregnancy issues, >20 weeks",OB/GYN,silver,
labor contractions,458,"Pregnancy issues, >20 weeks",OB/GYN,silver,
<DATE_TIME> post delivery. pt spiked bp dropped. moved from l&d to er. medivac out,865,Post-operative complications,General and Minor,silver,
"BIB LifeMed following spontaneous vaginal delivery with noted confusion and disorientation. Pale and drowsy, but oriented on arrival. ESI 2. unable to chart at this time.",401,Altered level of consciousness,Neurologic,silver,
Post partum follow up clearance,999,Unknown,General and Minor,silver,
got into a fight and stabbed multiple times,801,Major trauma—penetrating,Trauma,silver,
assault with stab wounds,801,Major trauma—penetrating,Trauma,rule,MAJOR_TRAUMA_PENETRATING
Post parturm care. Normal Vaginal delivery at 33 <DATE_TIME>,999,Unknown,General and Minor,silver,
Transport post partum,999,Unknown,General and Minor,silver,
Postpartum transport,999,Unknown,General and Minor,silver,
<DATE_TIME> PPV,999,Unknown,General and Minor,silver,
"GSW to chest from <LOCATION>. GCS 15, chest tube in place, stable.",801,Major trauma—penetrating,Trauma,rule,MAJOR_TRAUMA_PENETRATING
"S/P GSW, Clear to Return Home",865,Post-operative complications,General and Minor,rule,POST_OP
atv accident. facial bruising. States LOC for <DATE_TIME>.,407,Head injury,Neurologic,silver,
"Follow up from ATV accident, nose and facial area swelling more <DATE_TIME>.",709,Localized swelling/redness,Skin,silver,
RPNV,999,Unknown,General and Minor,silver,
cervical check,457,"Pregnancy issues, <20 weeks",OB/GYN,silver,
here for blood pressure re check,6,Hypertension,Cardiovascular,silver,
<DATE_TIME> male came in for snomwachine accident,802,Major trauma—blunt,Trauma,silver,
"ATV accident, low back/bilateral hip pain.",551,Back pain,Orthopedic,silver,
self inflicted stab wound to the abd.,801,Major trauma—penetrating,Trauma,rule,MAJOR_TRAUMA_PENETRATING
Medevac from <LOCATION> for self inflicted stab wound to abd.,801,Major trauma—penetrating,Trauma,rule,MAJOR_TRAUMA_PENETRATING
f/u hospital dc bib mom <PERSON> staying here in town no other concerns,866,Minor complaints NOS,General and Minor,silver,
staple removal s/p diag lap to eval stab wound,865,Post-operative complications,General and Minor,rule,POST_OP
"intentional ingestion of pills, unknown amout and unknown composition. <PERSON>. intent to render life force inactive.",752,Overdose ingestion,Substance Misuse,rule,OVERDOSE
"Pt in <PERSON> with <PERSON>, per Mother just left family and triggered pt to have panic attack, similar episode in <LOCATION> <DATE_TIME>, work up for stroke was neg at that time. pt tachynpic, hands cramping. L facial droop PTA, resolved.",352,Anxiety/situational crisis,Mental Health,rule,ANXIETY
sorethroat with left earache,103,Sore throat,ENT - Mouth/Throat/Neck,silver,
injury to right knee <DATE_TIME>,557,Lower extremity injury,Orthopedic,silver,
"Authorized in with Guardian related to right knee injury, then <PERSON>, returned for ct of area. ETOH on board",557,Lower extremity injury,Orthopedic,silver,
OB <DATE_TIME> w/ HTN,6,Hypertension,Cardiovascular,silver,
Elevated Blood pressure,6,Hypertension,Cardiovascular,silver,
<PERSON> CONSULT- return,855,Direct referral for consultation,General and Minor,silver,
Pt send from PCP for evaluation of known blood clot in left arm. Pt had emergency c-section on <DATE_TIME> and was admitted to ICU for hemorrage and blood clot. Pt noted swelling in left arm. Pt appears pale with a weak left radial pulse.,11,Cool pulseless limb,Cardiovascular,silver,
<PERSON> CONSULT- Return,855,Direct referral for consultation,General and Minor,silver,
23yo male with abdominal pain since <DATE_TIME>,251,Abdominal pain,Gastrointestinal,silver,
right lower abd pain that started <DATE_TIME> at <DATE_TIME> diarrhea a couple times. <DATE_TIME> pain.,251,Abdominal pain,Gastrointestinal,silver,
"pt here from <LOCATION> for lower abd pain likely appy, pain at <DATE_TIME> NPO x <DATE_TIME>, pt came in commercial, tachy otherwise stable.",251,Abdominal pain,Gastrointestinal,silver,
patient reports started bleeding <DATE_TIME> vaginally and not time for her monthy cycle. LMP <DATE_TIME>.,455,Vaginal bleed,OB/GYN,silver,
"pt arrived EMS flight from <LOCATION>, Vaginal LAC from Fisting with partner. pt got 1 gram TXA and some placed topically on LAc. pt is A&OX4, arrived with 1 unit of packed whole blood .",455,Vaginal bleed,OB/GYN,silver,
Laceration Check,710,Wound check,Skin,silver,
"Pt sent from <LOCATION>, burn injuries to forehead, right side of upper body, 1st & 2nd degree burns, dressings intact, s/p house fire. Pt alert, ambulates steadily, last pain pill <DATE_TIME> 10:PM, pain <PHONE_NUMBER>, escorted by Mom <DATE_TIME>.",865,Post-operative complications,General and Minor,rule,POST_OP
burns to right arm and back,705,Burn,Skin,silver,
Burn,705,Burn,Skin,silver,
"CC of foul smell on burns. Pt has had <DATE_TIME> wound dressings, Pt states noticed blisters now and smell. unable to visualize in triage. Pt ambulatory to triage.",705,Burn,Skin,silver,
"burn surviver, from <DATE_TIME>, having pain and numbness for <DATE_TIME>, drinking <DATE_TIME>, very anxious.",705,Burn,Skin,silver,
"burn surviver, from <DATE_TIME>, having pain and numbness for <DATE_TIME>, drinking <DATE_TIME>, very anxious., feel hitting head <DATE_TIME>",705,Burn,Skin,silver,
Syncope episode with seizure,405,Seizure,Neurologic,silver,
seizure like activity,405,Seizure,Neurologic,silver,
<DATE_TIME> male brought in by mother c/o sore throat. breathing don't sound good.,103,Sore throat,ENT - Mouth/Throat/Neck,silver,
possible epiglottitis VS bronchitis,154,URTI complaints,ENT - Nose,silver,
Recheck thrush.,866,Minor complaints NOS,General and Minor,silver,
"<DATE_TIME> male came in for recheck, getting worse.",866,Minor complaints NOS,General and Minor,silver,
"pt from <LOCATION>, dehydration, cough, fever.",7,General weakness,Cardiovascular,rule,DEHYDRATION
"BIB guardian for cellulitis of groin. Pt states he noticed ""something"" on his groin which worsened from then to now. Denies pain at the moment. Area is wheeping yellow discharge and is very odorous. Pt is A&O, NAD noted. A",709,Localized swelling/redness,Skin,rule,LOCALIZED_INFECTION
suprapubic wound for <DATE_TIME>,704,Laceration/puncture,Skin,silver,
follow up colonoscopy,859,Imaging tests,General and Minor,silver,
"<PERSON>, <PERSON>, MD NP-hospital referral for lesions supra-pubic, inguinal area",709,Localized swelling/redness,Skin,silver,
"s/p cellulitis, suprapubic wounds",709,Localized swelling/redness,Skin,rule,LOCALIZED_INFECTION
depression and crying; denied SI/HI,351,Depression/suicidal/deliberate self-harm,Mental Health,silver,
"tachycardia, hypotension, abd pain",251,Abdominal pain,Gastrointestinal,silver,
<DATE_TIME> female with abdominal pain,251,Abdominal pain,Gastrointestinal,silver,
Other Cuase of Abdominal Pain,251,Abdominal pain,Gastrointestinal,silver,
Poisoning or overdose by mouth wih drug or medicine,752,Overdose ingestion,Substance Misuse,rule,OVERDOSE
<DATE_TIME> female came into the clinic because her and a friend took pills (Sertraline Hydrochloride 50mg] patient took 4 pills,752,Overdose ingestion,Substance Misuse,silver,
4 wheeler crash. rider hit a power cord across forehead. approx 1 inch lac. denies pain other than lac. 30mph pos LOC,802,Major trauma—blunt,Trauma,silver,
Cut to hand,704,Laceration/puncture,Skin,silver,
recheck hand,710,Wound check,Skin,silver,
"Contractions onset <DATE_TIME>, reports now 5 min apart,",458,"Pregnancy issues, >20 weeks",OB/GYN,silver,
Contractions since <DATE_TIME>,458,"Pregnancy issues, >20 weeks",OB/GYN,silver,
PTL transport from <LOCATION>,458,"Pregnancy issues, >20 weeks",OB/GYN,silver,
Pt rpts was given antibiotics in <LOCATION> for being <DATE_TIME> pregnant <DATE_TIME>. unsure when or why. <DATE_TIME> noticed white discharge that is painful and burning.,453,Vaginal discharge,OB/GYN,silver,
N/V x 1300 after lunch. Sts 10 episodes emesis. No blood. Denies abd pain. delayed cap refill. Appears uncomfortable. <DATE_TIME> pregnant G1 P0. Went to prenatal visit <DATE_TIME>,257,Nausea and/or vomiting,Gastrointestinal,silver,
N/V possible food poisening,257,Nausea and/or vomiting,Gastrointestinal,silver,
Return prental9,457,"Pregnancy issues, <20 weeks",OB/GYN,silver,
Decreased fetal movement,457,"Pregnancy issues, <20 weeks",OB/GYN,silver,
decreased fetal movement,457,"Pregnancy issues, <20 weeks",OB/GYN,silver,
FV - lap appy for perf appendicitis,865,Post-operative complications,General and Minor,silver,
pain @ surgical site s/p appendectomy <DATE_TIME>,865,Post-operative complications,General and Minor,rule,POST_OP
fell and injured left hand,556,Upper extremity injury,Orthopedic,silver,
"Left wrist injury around <DATE_TIME>, fell backwards",556,Upper extremity injury,Orthopedic,silver,
"Multiple lacerations. Approx 11 cm lac to left breast, full thickness to fascia. 1cm puncture near suprasternal notch, and an unobserved dressed lac to anterior L forearm. Bleeding controlled w pressure dressing. ETOH on board. Assault @ 0200. In by MEvac",802,Major trauma—blunt,Trauma,silver,
"32yo M ccStab wound to the chest, left fore arm and clavicle",803,Isolated chest trauma—penetrating,Trauma,silver,
Abdomen pain,251,Abdominal pain,Gastrointestinal,silver,
"Commercial flight from <LOCATION> for nephrology consult for hydronephrosis. C/O pain in his left flank, dysuria, and <LOCATION>.",301,Flank pain,Genitourinary,silver,
Poisoning or overdose by mouth with a drug or medicine,752,Overdose ingestion,Substance Misuse,rule,OVERDOSE
intentional overdose on zoloft,752,Overdose ingestion,Substance Misuse,rule,OVERDOSE
15yo F was in water for unsure how long,206,Near drowning,Environmental,silver,
other mental health problem,351,Depression/suicidal/deliberate self-harm,Mental Health,silver,
pt was found sitting in the river and stated she wanted to die. no meds taken,351,Depression/suicidal/deliberate self-harm,Mental Health,silver,
Over Dose,752,Overdose ingestion,Substance Misuse,silver,
Intentional drug overdose,752,Overdose ingestion,Substance Misuse,rule,OVERDOSE
trauma / Facial and Head injury. wriding on front rack of ATV. was thrown off of or fell off of ATV. High spd. minimal LOC possible seizure. Face lacerations. scrapes on right <PERSON> and legs and hands . pain associated with back.,802,Major trauma—blunt,Trauma,silver,
"bib gaurdian from <LOCATION> c/c jaw fracture, from atv rollover @20mph no helmet + loc. abrasions to face, hands, numbness tingling bila hands. <PERSON> and acting appropriately. a0x4",802,Major trauma—blunt,Trauma,silver,
"PT PRESENTS TO <PERSON> VIA MEDIVAC FOR INCREASED DEPRESSION, AGITATION AND AGRESSION AFTER ATV AND HEAD INJURY <DATE_TIME>, PT HAS JAW WIRED SHUT, <DATE_TIME> PT ATTEMPTED TO HANG HERSELF AND HAD WANTED TO JUMP OUT OF A WINDOW,",351,Depression/suicidal/deliberate self-harm,Mental Health,silver,
"BIBA Ex transported from AK Regional for BH resources. Reportedly pt sustained TBI froM ATV rollover ~ <DATE_TIME>, eventually jaw was wired shut, leading to SI. Well-appearing at this time, Mom @ bedside. Denies SI.",999,Unknown,General and Minor,rule,ACUTE_RENAL_FAILURE_UNKNOWN
psych disorder,351,Depression/suicidal/deliberate self-harm,Mental Health,silver,
"Self Ref: pursure neurology consult,",866,Minor complaints NOS,General and Minor,silver,
"sorethroat and cough <DATE_TIME>, N/V x5, RUQ abd pain after vomiting, resolved at this time.",154,URTI complaints,ENT - Nose,silver,
FV lap appy <DATE_TIME>,865,Post-operative complications,General and Minor,silver,
"alert, in no acute distress",866,Minor complaints NOS,General and Minor,silver,
open fracture left forearm,556,Upper extremity injury,Orthopedic,silver,
32 yo F with open fracture L arm,556,Upper extremity injury,Orthopedic,silver,
Left arm fracture,556,Upper extremity injury,Orthopedic,silver,
Arrived via commercal flight with broken left arm. States she broke it about 0100. Pt. reports increased pain is why she is being seen in <PERSON>. <PERSON> appointment tomorrw. Took oxy @2100.,556,Upper extremity injury,Orthopedic,silver,
"sent from <LOCATION> for ortho consult. hx left arm fx, pt with splint and sling in place +cms to distal ext. out of pain meds, pt reports not being able to wait 20 min for ortho apt. alert even resps.",556,Upper extremity injury,Orthopedic,silver,
"pt reports left arm surgery <DATE_TIME>, 'they wanted to admit me, but I didn't want to. Now I want to be admitted."" c/o left arm pain, arrives with arm sling, splint in place. no meds pta. pt appears uncomfortable.",865,Post-operative complications,General and Minor,silver,
"Ambulates to triage with c/o wet arm splint. Surgery on <DATE_TIME>, wrapped arm to shower but splint got wet. Denies any complaints with arm or surgical site, here for new splint only.",856,Dressing change,General and Minor,silver,
"""I need to talk to a social worker"". <PERSON> reports that her brother shoved her into a wall <DATE_TIME> and broke her left arm. Pt reports that she doesn't feel safe where she is living now.",356,Social problem,Mental Health,silver,
left forearm pain post-op on <DATE_TIME>,865,Post-operative complications,General and Minor,rule,POST_OP
"post surgical left arm, surgery on <DATE_TIME>. Taking antibiotics but feels arm could be infected. thumb and pointer finger numb <DATE_TIME>",865,Post-operative complications,General and Minor,rule,POST_OP
F/U LFA,859,Imaging tests,General and Minor,silver,
"feels heart racing/pounding,anxiety attacks",352,Anxiety/situational crisis,Mental Health,rule,ANXIETY
c/o SI. Has been drinking for <DATE_TIME>,351,Depression/suicidal/deliberate self-harm,Mental Health,silver,
"cellulitis left hip, Pt reports scratch by rusty nail on <DATE_TIME>. Pt reports being seen in village clinic <DATE_TIME> since.",709,Localized swelling/redness,Skin,rule,LOCALIZED_INFECTION
Wound Complicated,866,Minor complaints NOS,General and Minor,silver,
<PERSON> of <LOCATION>,999,Unknown,General and Minor,silver,
F/U hospital Discharge,855,Direct referral for consultation,General and Minor,silver,
wound vaccum full/problems/ Hydroxyzine refill,860,Medical device problem,General and Minor,silver,
"""I feel like im withdrawing for all the meds they were giving me."" recent admision for necrotizing fascitis. wound vac in placed to left hip. c/o panic attack, SOB, feeling like she's going to have a seizure. last taken oxycodone 2 hrs pta. hx seizure,CVA",352,Anxiety/situational crisis,Mental Health,rule,ANXIETY
FV - Wound Vac Left buttock,860,Medical device problem,General and Minor,silver,
Wound Vac Dressing change,856,Dressing change,General and Minor,silver,
BIB EMS for OD on gabapentin due to pain. pt has wound vac,752,Overdose ingestion,Substance Misuse,rule,OVERDOSE
"states wound vac removed yestefday from back of left leg, with packing/dressing in place. states dressing wet when she was taking a shower. requesting dressing change and wound evaluaiton. denies pain, or other complaints.",856,Dressing change,General and Minor,silver,
"states she took 20+ methocarbamazol, <PHONE_NUMBER> aspirin, 60+ kepra, and 25+ metoprolol ~ <DATE_TIME> in attempt to kill herself because she is angry with her boyfriend. seen recently for SI. states she threw up shortly after OD but no pill fragments came out.",752,Overdose ingestion,Substance Misuse,rule,OVERDOSE
Pt BIBA coming from home where pt sister called medics for heroine overdose. Pt was founf at home with cpr being performed by sister. <PERSON> given in field which woke pt up. pt reports taking heroine and etoh <DATE_TIME>. arrives alert/ communicating wel,752,Overdose ingestion,Substance Misuse,rule,OVERDOSE
"""I'm withdrawing from opiates and alcohol."" c/o feeling shaky/sweaty, nausea, anxiety, visual hallucinations <DATE_TIME>. last used <DATE_TIME>. seen recently for heroin OD.",353,Hallucinations/delusions,Mental Health,rule,PSYCHOSIS
obtunded drug overdose,752,Overdose ingestion,Substance Misuse,rule,OVERDOSE
Pt reports checking in for agitation and suicidal ideation. pt reports a plan. pt extrmely agitated in triage. difficult to get history.,351,Depression/suicidal/deliberate self-harm,Mental Health,rule,SUICIDAL
"BIB Guardian from <LOCATION>. fall from ground level left hip fx, old petela fx.",557,Lower extremity injury,Orthopedic,rule,FEMUR_FRACTURE
Need EKG for Vidyo <DATE_TIME>,859,Imaging tests,General and Minor,silver,
<DATE_TIME> fall,802,Major trauma—blunt,Trauma,silver,
Lab Draw for Hypertension,6,Hypertension,Cardiovascular,silver,
Possible seizure activity in village,405,Seizure,Neurologic,silver,
Pt medivaced in from <LOCATION> for possible seizure and fall,405,Seizure,Neurologic,silver,
"Weakness, HA",7,General weakness,Cardiovascular,silver,
F/U INPATIENT,866,Minor complaints NOS,General and Minor,silver,
"Authorized in from <LOCATION>, <DATE_TIME> had a snowgo accident, was thrown off with injury to left calf area. increased pain and difficulty walking",557,Lower extremity injury,Orthopedic,silver,
"Pt from <LOCATION> post snow machine accident <DATE_TIME>. <PERSON> has swelling and puss coming from <PERSON> leg. Pt in <DATE_TIME> pain, he recieved 200 mcg of fentanyl in flight. Pt VSS",709,Localized swelling/redness,Skin,silver,
s/p LLE necrotic wound debridement,865,Post-operative complications,General and Minor,rule,POST_OP
Patient is <DATE_TIME> and <DATE_TIME> pregnant. Has not had any prenatal care since being home. EDD is <DATE_TIME>. Has been feeling body tingle. Feeling slurred speech. and when she get up too fast she will see stars.,409,Extremity weakness/symptoms of CVA,Neurologic,silver,
"alert, sitting, appears to be stressed, crying.",352,Anxiety/situational crisis,Mental Health,silver,
Return Prenatal visit <DATE_TIME> gestation,457,"Pregnancy issues, <20 weeks",OB/GYN,silver,
Transferred from village with elevated BP,6,Hypertension,Cardiovascular,silver,
<DATE_TIME> PP BP check,6,Hypertension,Cardiovascular,silver,
"Patient has pain in her right back, feels like its the same as her liver infection <DATE_TIME>, started <DATE_TIME>.",551,Back pain,Orthopedic,silver,
"1. Positive pregnancy test, she is32 <DATE_TIME> and <DATE_TIME> pregnant 2. Possible kidney infection 3. Anemia form not enough iron in diet",864,Pallor/anemia,General and Minor,silver,
"Contractions in women <DATE_TIME>, she is further along than expected. Her LMP is in middle of <DATE_TIME>.",458,"Pregnancy issues, >20 weeks",OB/GYN,silver,
"Patient said her waterbag may have broken, fluid came out feels like about <DATE_TIME> cup",458,"Pregnancy issues, >20 weeks",OB/GYN,silver,
Right ear pain since <DATE_TIME>,51,Earache,ENT - Ears,silver,
"Suicide gesture, report of pt taking over 200 pills, pt denies. Report of having asthma attack while in clinic. <PERSON> was given for patient not responding.",351,Depression/suicidal/deliberate self-harm,Mental Health,rule,SUICIDAL
Sore thorat since <DATE_TIME>,103,Sore throat,ENT - Mouth/Throat/Neck,silver,
wheezing,659,Wheezing—no other complaints,Respiratory,silver,
"PT PRESENTS TO <PERSON> WITH VERTIGO THAT STARTED <DATE_TIME>, EMESIS X 1 <DATE_TIME>",403,Vertigo,Neurologic,silver,
"commercial flight from <LOCATION> for dizziness, r/o stroke. c/o dizziness since <DATE_TIME> with nausea, emesis x1, headache. pt states feeling tired/hungry.",409,Extremity weakness/symptoms of CVA,Neurologic,rule,CVA_STROKE
"had seizure <DATE_TIME> while sleeping, now arms and mouth are jerky",405,Seizure,Neurologic,silver,
"recheck possible seizure, whole top of body was jerking. Its alot worse than how she was <DATE_TIME>.",405,Seizure,Neurologic,silver,
"recheck seizure, other cause- WORSE Nervous 11",405,Seizure,Neurologic,silver,
other nervous system problem,999,Unknown,General and Minor,silver,
"whole body is twitching, does this before she has a seizure",405,Seizure,Neurologic,silver,
"Authorized in from Bucklan with Guardian related to seizure activity lasting <DATE_TIME>, <LOCATION> to drinking alcohol <DATE_TIME> and usually doean't. fsbs113",405,Seizure,Neurologic,silver,
STI screening,999,Unknown,General and Minor,silver,
"check for STI, no symptoms, wanted to recheck, was treated for <DATE_TIME>",999,Unknown,General and Minor,silver,
"swallowed 10 tablets of tramadol, and swallowed unknown amount of gabapentin",752,Overdose ingestion,Substance Misuse,silver,
overdose on medication tramadol and gabapentin,752,Overdose ingestion,Substance Misuse,rule,OVERDOSE
Intentional drug overdose: Inpatient Psychiatric Phone Consult,752,Overdose ingestion,Substance Misuse,rule,OVERDOSE
"Boyfriend called on call for <DATE_TIME> female for seizing, took about 20 gabapentins strength between <PHONE_NUMBER> mg",405,Seizure,Neurologic,silver,
Poisoning or overdose by mouth with medicine or drug Mental health emergency,752,Overdose ingestion,Substance Misuse,rule,OVERDOSE
"medivac'd in for od on gabapentin, bf states she took <PHONE_NUMBER>mg caps, pt denies any si but has superficial cuts to left wrist",752,Overdose ingestion,Substance Misuse,rule,OVERDOSE
follow up accidental overdose with medication,752,Overdose ingestion,Substance Misuse,rule,OVERDOSE
"follow up accidental overdose with medication, doing better",752,Overdose ingestion,Substance Misuse,rule,OVERDOSE
"BIB Guardian from <LOCATION> with abd pain x <DATE_TIME>. CT shows inflamed appy. Flagyl, rocephin, tylenol and pain/nausea control PTA.",251,Abdominal pain,Gastrointestinal,silver,
"pt c/o abd pain. pt had appendix removed <DATE_TIME>. pt sts that he is having pain that is simular to pre-surgical feeling. pt NAD, pwd, a&o, ambulatory to triage. Pt brother present in triage.",865,Post-operative complications,General and Minor,silver,
crashed with a snowmachine and hurt is L hip look like- deformed looking,802,Major trauma—blunt,Trauma,silver,
L Hip Dislocation,802,Major trauma—blunt,Trauma,silver,
"BIBA, level 2 trauma, see trauma flowsheet.",802,Major trauma—blunt,Trauma,silver,
Medivac in from <LOCATION> ridding snow machine <DATE_TIME> at 70 mpg rollover. left hip deformity. LOC x <DATE_TIME>,802,Major trauma—blunt,Trauma,silver,
34M here to remove stitches,857,Removal staples/sutures,General and Minor,silver,
stitch removal,857,Removal staples/sutures,General and Minor,silver,
"pt became ams while picking berries, no pain. blood in urine <DATE_TIME>.",302,Hematuria,Genitourinary,silver,
Bloody urine since <DATE_TIME>,302,Hematuria,Genitourinary,silver,
<LOCATION> stone hematuria,302,Hematuria,Genitourinary,silver,
<DATE_TIME> ld female came in for sore throart.,103,Sore throat,ENT - Mouth/Throat/Neck,silver,
<DATE_TIME> female was in four wheeler accident. Open fracture to lower left leg. Lower left leg deformed,557,Lower extremity injury,Orthopedic,silver,
"Medevac, Trauma II, ejected from 4 wheeler, see trauma flow sheet.",802,Major trauma—blunt,Trauma,silver,
"F/U L tibia IMN, I & D incisional wnd vac",865,Post-operative complications,General and Minor,silver,
emergency chart a minor head injury,407,Head injury,Neurologic,silver,
"stand by;ers said she drove off trhe board road fly off the honda turned and she flew off hitting her head on the board walks, her cousin went to her and tried to talk to her she was unconsious after for <DATE_TIME> then she came to, sat on board <NRP>",407,Head injury,Neurologic,silver,
"MVA, head injury with LOC",802,Major trauma—blunt,Trauma,rule,MAJOR_TRAUMA_BLUNT
"Alert, responsive",866,Minor complaints NOS,General and Minor,silver,
Abnormal vaginal bleeding with positive pregnancy test,455,Vaginal bleed,OB/GYN,silver,
<DATE_TIME> female here for lower abdominal pain and can't stop bleeding changing pads <DATE_TIME> finish a box of tampoms,455,Vaginal bleed,OB/GYN,silver,
"pt C/O abd pain and bleeding, found out <DATE_TIME> pregnant.",455,Vaginal bleed,OB/GYN,silver,
F/U MAB,866,Minor complaints NOS,General and Minor,silver,
suture removal,857,Removal staples/sutures,General and Minor,silver,
snow machine accident at high speeds. left hip injury,557,Lower extremity injury,Orthopedic,silver,
Snowmachine Accident,802,Major trauma—blunt,Trauma,silver,
14 y/o male had a snowmachine accident,802,Major trauma—blunt,Trauma,silver,
Removal of Sutures L) upper thigh,857,Removal staples/sutures,General and Minor,silver,
Wound: Laceration: L) thigh: sutrue removal,857,Removal staples/sutures,General and Minor,silver,
left arm fx,556,Upper extremity injury,Orthopedic,silver,
Left arm injury,556,Upper extremity injury,Orthopedic,silver,
Eval L BBFA,556,Upper extremity injury,Orthopedic,silver,
F/U 2wk open reduction and internal fixation of the left radial shaft <DATE_OF_SERVICE>,865,Post-operative complications,General and Minor,silver,
difficulty breathing. arrived via guardian and ems. ? spontaneous pnumo arrived with needle inplace on right chest.,651,Shortness of breath,Respiratory,silver,
"BIB lifemed for sob and chest tube. Pt arrives with pig tail chest tube to <NRP> upper chest. On auscultation, no lung sounds heard over <PERSON> side. Accepting physicician Dr. <PERSON> paged immediately. Increased SOB and pain",651,Shortness of breath,Respiratory,silver,
"s/p R VATS, blebectomy, pleurodesis <DATE_TIME>, dx: spontaneous",865,Post-operative complications,General and Minor,rule,POST_OP
R shoulder pain; crashed snowmobile;,554,Upper extremity pain,Orthopedic,silver,
shoulder injury and worsening pain mvc,556,Upper extremity injury,Orthopedic,silver,
MEDEVAC from <LOCATION> for R lateral chest trauma secondary to a snowmobile accident <DATE_TIME>. <LOCATION> for pneumothorax @ originating facility. Arrives to traaumaa team w/ R chest tube. Alert & oriented.,802,Major trauma—blunt,Trauma,silver,
"Had hneumothorax to R side w/ chest tube, frx ribs, s/p snow machine accident <DATE_TIME>. <DATE_TIME> has R side CP and SOB, breath sounds auscultated bilat. <PERSON> appears to be in a lot of pain.",865,Post-operative complications,General and Minor,rule,POST_OP
"FV trauma, level <PHONE_NUMBER>th rib fx, chest xray prior",802,Major trauma—blunt,Trauma,silver,
F/u R shoulder contusion with probable,557,Lower extremity injury,Orthopedic,silver,
"FV trauma, level <PHONE_NUMBER>th rib fx",802,Major trauma—blunt,Trauma,silver,
FV - post-tramumatic pain followup,866,Minor complaints NOS,General and Minor,silver,
twisted knee,555,Lower extremity pain,Orthopedic,silver,
<DATE_TIME> comes in for red swollen right knee,558,Joint(s) swelling,Orthopedic,silver,
"Red, Hot, Swollen Right Knee",558,Joint(s) swelling,Orthopedic,silver,
follow up knee pain,555,Lower extremity pain,Orthopedic,silver,
"<DATE_TIME> complaining of wheezing, diarrhea, chest burning from coughing.",659,Wheezing—no other complaints,Respiratory,silver,
COVID Positive Patient feeling worse,866,Minor complaints NOS,General and Minor,silver,
"c/o SOB, Covid -19 pos",651,Shortness of breath,Respiratory,rule,COVID_RESPIRATORY
"<DATE_TIME> here for sob,, pt with <PERSON>",651,Shortness of breath,Respiratory,silver,
<LOCATION> positive pt with sob,651,Shortness of breath,Respiratory,silver,
"pt tx in <LOCATION> for covid, sob began satting low this AM requiring high flow, transport to <PERSON> on non rebreather, sats fall to 70's, pt has increased work of breathing with movement",651,Shortness of breath,Respiratory,rule,COVID_RESPIRATORY
Upper Abdominal Pain,251,Abdominal pain,Gastrointestinal,silver,
<DATE_TIME> comes in for epigastric pain that started about 9 this morning,251,Abdominal pain,Gastrointestinal,silver,
Abdominal pain since <DATE_TIME>. Nausea and vomiting.,251,Abdominal pain,Gastrointestinal,silver,
pain in left groin. started <DATE_TIME>. strained a little bit at work.,256,Groin pain/mass,Gastrointestinal,silver,
"BIBA c/o left testicle pain, was straining while at work <DATE_TIME> and felt a pop in left testicle, seen at the clinical in <LOCATION> and <LOCATION> showed decreased blood flow to L testicle, currently denies pain",305,Scrotal pain and/or swelling,Genitourinary,silver,
"FV: Wound check, referring provider Unknown",710,Wound check,Skin,silver,
"Acute alcohol intoxication, drug over dose",752,Overdose ingestion,Substance Misuse,silver,
possible pregnancy,457,"Pregnancy issues, <20 weeks",OB/GYN,silver,
NST,999,Unknown,General and Minor,silver,
RPNV 40 <DATE_TIME> F/U,999,Unknown,General and Minor,silver,
RPNV 40 <DATE_TIME>,999,Unknown,General and Minor,silver,
FHT monitoring-,457,"Pregnancy issues, <20 weeks",OB/GYN,silver,
PP BP Check,6,Hypertension,Cardiovascular,silver,
PP BP Check,861,Prescription/medication request,General and Minor,silver,
2wk PP,457,"Pregnancy issues, <20 weeks",OB/GYN,silver,
back pain right lower rib; s/p boating crash with ice. airborne approx 15 ft. possible LOC x 5 min.,865,Post-operative complications,General and Minor,rule,POST_OP
"Status 2 trauma from <LOCATION>, see trauma charting.",802,Major trauma—blunt,Trauma,silver,
s/p LLE washout and complex wound closure,865,Post-operative complications,General and Minor,rule,POST_OP
FV - s/p LLE washout and complex wound closure,865,Post-operative complications,General and Minor,rule,POST_OP
ibuprofen ingestion,752,Overdose ingestion,Substance Misuse,rule,OVERDOSE
"intentional drug overdose @1800 hrs took 8,000 mg Ibuprofen",752,Overdose ingestion,Substance Misuse,rule,OVERDOSE
Ibuprofen overdose,752,Overdose ingestion,Substance Misuse,rule,OVERDOSE
Exposure to cold,205,Hypothermia,Environmental,silver,
13 y/o female fell through the ice on a 4 wheeler. pt did bump head to ice. pt also had a backpack on back and did have back pain afterwards but not now. pt does state that her tailbone is hurting,802,Major trauma—blunt,Trauma,silver,
"pt with c/o left low back pain radiating to l flank/luq, denies any n/v/d or urinary s/s",301,Flank pain,Genitourinary,silver,
"sno machine accident, right wrist pain, possible LOC after hitting windshield, and thrown from machine. reports going 56 miles per hour",802,Major trauma—blunt,Trauma,silver,
"Pt brought in by medevac. <DATE_TIME> at <DATE_TIME> was processing caribou and sustained a large laceration to his right hand. Unable to move fingers 4 and <DATE_TIME>, with concern for tendon injury. CMS intact. NAD. Bleeding controlled with dressing A&Ox4.",704,Laceration/puncture,Skin,silver,
F/u R Hand Flexor Tendon Repair's <DATE_OF_SERVICE> w/ Dr <PERSON>,865,Post-operative complications,General and Minor,silver,
c/o abd pain that began at about 1am,251,Abdominal pain,Gastrointestinal,silver,
Intentional overdose,752,Overdose ingestion,Substance Misuse,rule,OVERDOSE
"pt took half bottle of 500mg TYlenol, 225 qunity.",752,Overdose ingestion,Substance Misuse,silver,
"BIRTH CONTROL METHOD: <NRP> insertion, STI screening. Notify sister of sti results. See To Dos & notes",861,Prescription/medication request,General and Minor,silver,
R side flank pain back and front around the area where her appendix were,301,Flank pain,Genitourinary,silver,
no fetal movement for <DATE_TIME>,457,"Pregnancy issues, <20 weeks",OB/GYN,silver,
IUFD,457,"Pregnancy issues, <20 weeks",OB/GYN,silver,
IUFD follow up,457,"Pregnancy issues, <20 weeks",OB/GYN,silver,
stomach and back pain,251,Abdominal pain,Gastrointestinal,silver,
Other postpartum problem,457,"Pregnancy issues, <20 weeks",OB/GYN,silver,
"abdominal pain, fever post IUFD on <DATE_TIME>",251,Abdominal pain,Gastrointestinal,silver,
"BIB Guardian from <LOCATION>, G5P3, s/p IUFD at 30weeks pregnancy, now <DATE_TIME> post-partum, <PERSON>, fever, left sided abdominal pain, arrives w/ PIV x 2, escort, <PERSON>, at bedside.",865,Post-operative complications,General and Minor,rule,POST_OP
PP Sepsis FV,999,Unknown,General and Minor,rule,SEPSIS_UNKNOWN
"<DATE_TIME> female here for abdominal pains started <DATE_TIME> woke up good <DATE_TIME> took a nap and woke up with abdominal pain. laying under blankets, crying, cramping pain, vomited twice after she ate egg sandwich and frozen berries. pain radiate",251,Abdominal pain,Gastrointestinal,silver,
pt with left abd pain. appendix removed in <DATE_TIME> or <DATE_TIME> per mom. pt is on her mentral cycle now.,251,Abdominal pain,Gastrointestinal,silver,
recheck for hx of abd pain,251,Abdominal pain,Gastrointestinal,silver,
"FV Severe <PERSON>, Chronic <LOCATION>",999,Unknown,General and Minor,silver,
63 yo male chief complaint of possible sinus infection,154,URTI complaints,ENT - Nose,silver,
Neck pain with muscle strain,104,Neck swelling/pain,ENT - Mouth/Throat/Neck,silver,
"Neck pain, cannot turn neck since the dirby <DATE_TIME> around <DATE_TIME> <DATE_TIME>. Now he cannot turn his head. Very stiff. Did not injure in any way. Just began hurting like this.",104,Neck swelling/pain,ENT - Mouth/Throat/Neck,silver,
Neck Pain with Muscle Strain: Musculoskeletal 6,104,Neck swelling/pain,ENT - Mouth/Throat/Neck,silver,
63 yo male here for recheck of neck pain with muscle strain,104,Neck swelling/pain,ENT - Mouth/Throat/Neck,silver,
63 yo male chief complaint of SOB and chest tightness,651,Shortness of breath,Respiratory,silver,
"Authorized in from <LOCATION> with Guardian. Thia morning while at rest developed dizziness, SOB and some chest tightness, was given nitro and 324 ASA",651,Shortness of breath,Respiratory,silver,
"Seen in <LOCATION> <DATE_TIME> and asmitted, was discharged <DATE_TIME> and instructed to return to the er for a follow-up. states feels much better, wamts to return home",866,Minor complaints NOS,General and Minor,silver,
Pneumonia recheck,866,Minor complaints NOS,General and Minor,silver,
Patient seen <DATE_TIME> for chest tightness and SOB. Treated with azithromycin and prednisone,651,Shortness of breath,Respiratory,silver,
Medevac to <LOCATION> <DATE_TIME> for chest pain and tightness.,3,Chest pain—cardiac features,Cardiovascular,silver,
VTC,866,Minor complaints NOS,General and Minor,silver,
"Feeling like a bad cold and like chest is getting a little tight from the mucus. Has runny nose <DATE_TIME>, <DATE_TIME> plugged. Watery eyes, no cough, but a lot of mucus build up, coughs to clear throat. Feels like head is fevering. Thick green and clear spit",154,URTI complaints,ENT - Nose,silver,
"pt taking abx. hx of fever runny nose. didnt feel good <DATE_TIME> and left lower abd pain x <DATE_TIME>. went to clinic, bp was low (90's systolic). iv fluids.",852,Fever,General and Minor,silver,
F/U wirth Diverticulitis,866,Minor complaints NOS,General and Minor,silver,
"unable to sleep at hotel, feels unsafe, wants to see <PERSON> this am before going home to <LOCATION>.",352,Anxiety/situational crisis,Mental Health,silver,
F/U from Appoiment on <DATE_TIME>,866,Minor complaints NOS,General and Minor,silver,
BP Check,6,Hypertension,Cardiovascular,silver,
SOB and cough,651,Shortness of breath,Respiratory,silver,
Nose bleed,151,Epistaxis,ENT - Nose,silver,
preterm contraction and vaginal leakage,457,"Pregnancy issues, <20 weeks",OB/GYN,silver,
Transfer prenatal,855,Direct referral for consultation,General and Minor,silver,
prenatal,855,Direct referral for consultation,General and Minor,silver,
hyperglycemia,853,Hyperglycemia,General and Minor,silver,
"Hospital Discharge: FV DM1, RH with Libre 2 Admit: <DATE_TIME>; Discharge: <DATE_TIME>",865,Post-operative complications,General and Minor,silver,
c/o ankle injury after falling off a slick log at <DATE_TIME>,557,Lower extremity injury,Orthopedic,silver,
L Ankle Fracture; <DATE_OF_INJURY>,557,Lower extremity injury,Orthopedic,silver,
F/U Left Ankle Surgery,865,Post-operative complications,General and Minor,silver,
13 yo M fell off a building and hurt his back,552,Traumatic back/spine injury,Orthopedic,silver,
"fall from 30 ft landed on side, complaining of back pain ""all over"" possible LOC",802,Major trauma—blunt,Trauma,silver,
Follow Up back injury,865,Post-operative complications,General and Minor,silver,
Follow up visit for back injury,865,Post-operative complications,General and Minor,silver,
"fall from about 7 feet high and land on right hip first than upper body, heard a click but don't know from what and almost black out twice after, also hit his head to his shoulder, now back of head feels like its throbbing a little",802,Major trauma—blunt,Trauma,silver,
"fall from conex box, hip pain in clinic",555,Lower extremity pain,Orthopedic,silver,
intentional ingestion of 3 tylenol and vitamins intent to OD... meds taken about 1600 to 1700 hrs.,752,Overdose ingestion,Substance Misuse,rule,OVERDOSE
"Authorized in from <LOCATION>, for <DATE_TIME> now has been SOB with palpitations. Gets lightheaded and dizzy upon exertion and left sided cheat pain. home has no running water or sewage",3,Chest pain—cardiac features,Cardiovascular,silver,
pt took <PHONE_NUMBER> tylenol around 1830 on <DATE_TIME>.,752,Overdose ingestion,Substance Misuse,silver,
"Abdominal pain, n/v, tylenol overdose (<DATE_TIME>)",752,Overdose ingestion,Substance Misuse,rule,OVERDOSE
"Pt walk in. Pt with urinary catheter placed <DATE_TIME> for urinary retention. Pt states ""i have to push hard to get it to drain, it is irritating."" Pt calm denies fevers or blood in urine. A&Ox4.",306,Urinary retention,Genitourinary,silver,
"pt called 911 @ 5 am CC Acute onset of abdominal pain, DX w/ AAA HGB 9.2 at hosp. Also HGB 9.2 in flight 1 Unit of blood given. and placed on Nicardipine drip. 10mg/hourVSS, 4mg morphine, Surgery @ the bedside.",251,Abdominal pain,Gastrointestinal,silver,
ATV crash with another ATV head-on. ABD pain.,251,Abdominal pain,Gastrointestinal,silver,
follow up after hospital visit,855,Direct referral for consultation,General and Minor,silver,
high fever,852,Fever,General and Minor,silver,
"Abdominal pain, nausea",257,Nausea and/or vomiting,Gastrointestinal,silver,
"Pt sent from <LOCATION> s/p CHI, found to have ruptured appy. Pt alert and oriented, c/o nausea and mild abd pain. Surg notified.",865,Post-operative complications,General and Minor,rule,POST_OP
FV: 15M with perforated appendicitis s/p lap appy on <DATE_TIME>,865,Post-operative complications,General and Minor,rule,POST_OP
pt had an appendectomy on <DATE_TIME> back <DATE_TIME> with worsening pain and black stools,865,Post-operative complications,General and Minor,silver,
"appie <DATE_TIME> having abdominal pain and vomitied <DATE_TIME>,, to black stoolls <DATE_TIME> chills on and off tylenol and motrin at <DATE_TIME>, ocycodone at <DATE_TIME>",865,Post-operative complications,General and Minor,silver,
"appie <DATE_TIME> having abdominal pain and vomitied <DATE_TIME>,, to black stoolls <DATE_TIME> chills on and off tylenol and motrin at <DATE_TIME>, ocycodone at <DATE_TIME>",260,Blood in stool/melena,Gastrointestinal,silver,
FV - appendicitis,251,Abdominal pain,Gastrointestinal,silver,
impetigo,708,Rash,Skin,silver,
<DATE_TIME> male with possible impetigo,708,Rash,Skin,silver,
"FV: HTN, Labs, device check, Echo",6,Hypertension,Cardiovascular,silver,
states felt weak <DATE_TIME> while doing stuff. got daughter to check pulse and was low. pace maker in place and pacing at the moment,7,General weakness,Cardiovascular,silver,
"FV: ABN, Echo, CT",863,Abnormal lab values,General and Minor,silver,
"NP Left pleural effusion and hx HTN, HLD, CAD - s/p CAB x 3 in <DATE_TIME>",865,Post-operative complications,General and Minor,rule,POST_OP
"Presents to triage needing covid test for travel, Asymptomatic.",851,Exposure to communicable disease,General and Minor,rule,COVID_EXPOSURE
impaled piece of wood in face,102,Facial trauma,ENT - Mouth/Throat/Neck,silver,
Medivac in form <PERSON> at 1400 garage door crashed causing a piece of wood to inpact left facial/mouth area. object still embedded,102,Facial trauma,ENT - Mouth/Throat/Neck,silver,
"BIB air pt was at work and was closing an garage door at the airport and a piece of wood splintered of and entered at the left corner side of mount down to jaw line no exit wound last pain medication 4mg morphine at <DATE_TIME>, ABX at <DATE_TIME>",102,Facial trauma,ENT - Mouth/Throat/Neck,silver,
Remove drain post op of FB removal,865,Post-operative complications,General and Minor,rule,POST_OP
Pt to <PERSON> with c/o swelling to surgical site. Pt had foreign body removal to L side of jaw on <DATE_TIME>. No fever. Pt rpeorts hard ball of swelling to jaw. Pt currently on post-op abx.,865,Post-operative complications,General and Minor,rule,POST_OP
Neck Foreign Body,999,Unknown,General and Minor,silver,
FV I&D,865,Post-operative complications,General and Minor,silver,
"FV Left Neck Exploration, Left Neck Foreign Body",865,Post-operative complications,General and Minor,silver,
"Pt reports swelling under chin that has happened since <DATE_TIME>, <PERSON> had surgery in left knee s/p large splinter in neck, has wound drain, denies increased pain just swelling under chin, denies SOB and difficulty swallowing",865,Post-operative complications,General and Minor,rule,POST_OP
"intentional insestion of some pills > 50. started with an ""A"". Med ingestion",752,Overdose ingestion,Substance Misuse,rule,OVERDOSE
L ankle pain/swelling,555,Lower extremity pain,Orthopedic,silver,
fractured,552,Traumatic back/spine injury,Orthopedic,silver,
Authorized in from <LOCATION> with Guardian related to visual/Auditory Hallunications. Has been off medications. Some thought of HI,353,Hallucinations/delusions,Mental Health,silver,
Intent to harm others,355,Violent/homicidal behaviour,Mental Health,silver,
atv accident with vomiting after. co of head neck and back pain,802,Major trauma—blunt,Trauma,silver,
"Neck or Back Injury, Vomiting coffee grounds",552,Traumatic back/spine injury,Orthopedic,silver,
"24 YO Female CC: vehicle crash, neck and back injury",552,Traumatic back/spine injury,Orthopedic,silver,
24 YO Female CC Village Vitals for VTC,999,Unknown,General and Minor,silver,
assaulted,802,Major trauma—blunt,Trauma,silver,
Transport,999,Unknown,General and Minor,silver,
Induction of labor,457,"Pregnancy issues, <20 weeks",OB/GYN,silver,
MSD 1,999,Unknown,General and Minor,silver,
Induction,457,"Pregnancy issues, <20 weeks",OB/GYN,silver,
Overdose of Ibuprofen,752,Overdose ingestion,Substance Misuse,rule,OVERDOSE
other musculoskeletal injury,999,Unknown,General and Minor,silver,
"left hip pain, was running and it start hurting, and when was getting in car he heard a click, now can't bare any weight on it",555,Lower extremity pain,Orthopedic,silver,
playing with friends after school and felt a pop in left goin/hip area,555,Lower extremity pain,Orthopedic,silver,
Broken bone in pelvis,999,Unknown,General and Minor,silver,
f/u walk in clinic: BIB mother <PERSON>,999,Unknown,General and Minor,silver,
L Avulsion fx lesser trochanter,557,Lower extremity injury,Orthopedic,silver,
"musculoskeletal pain, possible closed fx",555,Lower extremity pain,Orthopedic,silver,
"M 12 yo here for injury at school while running in the gym, fall forward landed on R hip, couldn't move when it first happen, FX his L ball socket leg/hip area sectember <DATE_TIME>,",557,Lower extremity injury,Orthopedic,silver,
"Authorized in from <LOCATION> with Guardian, while running at 1500 felt pop to right hip area. Hx of left hip hairline fx. was given fentanyl 50 mcg and zofran 4mg at <DATE_TIME>. FSBS 111. was able to bear weight after pain meds",555,Lower extremity pain,Orthopedic,silver,
Recurrent atraumatic avulsion fracture R hip,555,Lower extremity pain,Orthopedic,silver,
L Elbow/Shoulder injury from falling off ATV,556,Upper extremity injury,Orthopedic,silver,
"BIB Gaurdian s/p ATV rollover 1700 <DATE_TIME> - dislocated / fx right hip, neurovascular intact, strong pedal pulses. pt alert, moaning with pain. sister @ bedside.",865,Post-operative complications,General and Minor,rule,POST_OP
R hip wound check,710,Wound check,Skin,silver,
bib mom <PERSON> for <PERSON>,999,Unknown,General and Minor,silver,
Severe Dehydration <PERSON>,7,General weakness,Cardiovascular,rule,DEHYDRATION
"11 yo male CC; fever, little or no urine passed since <DATE_TIME>, vomiting x <DATE_TIME>",308,Oliguria,Genitourinary,silver,
"Authorized in from <LOCATION>, has been c/o abdominal pain with fever for <DATE_TIME>. FSBS 116. White patches on throat, cultures to lab",251,Abdominal pain,Gastrointestinal,silver,
"BIB from <LOCATION> for abdominal pain. Per report pt experienced abd pain, Fever and N/V for the pass <DATE_TIME>. Report states pt has appendicitis. Pt A&O. denies pain at this time. RR even.",251,Abdominal pain,Gastrointestinal,silver,
pt here for eval of left upper jaw pain secondary to being punched on <DATE_TIME>,102,Facial trauma,ENT - Mouth/Throat/Neck,silver,
Pt. reports he was in altercation. Pt. has mandible fx from <LOCATION>. Pt. here for oral surgery eval. pt. states pain with chewing or moving jaw. Pt. states no pain other wise. NAD. Ambulated to triage w/o difficuly.,102,Facial trauma,ENT - Mouth/Throat/Neck,silver,
atv crash where handle bars contacted chest / left side upon rolling over.,804,Isolated chest trauma—blunt,Trauma,silver,
having bad chest pain,3,Chest pain—cardiac features,Cardiovascular,silver,
"acute chest pain, possible heart attack",3,Chest pain—cardiac features,Cardiovascular,silver,
pt with epigastric pain. pt arrives by medivac. <DATE_TIME> pain with nitro drip.,251,Abdominal pain,Gastrointestinal,silver,
self ref: follow up hospital discharge from <LOCATION> - medivac on <DATE_TIME> - PAMC scanned in chart,855,Direct referral for consultation,General and Minor,silver,
f/u hospital d/c aortic aneurysm,865,Post-operative complications,General and Minor,silver,
unknown cause of chest pain,4,Chest pain—non-cardiac features,Cardiovascular,silver,
"having chest pain, no energy, dry mouth",3,Chest pain—cardiac features,Cardiovascular,silver,
Hx of chest pain and bilateral elbow pain,3,Chest pain—cardiac features,Cardiovascular,silver,
Transferred in for possible Cardiac Cath. Pt presented to ER in <LOCATION> for bilateral elbow pain that radiated to heart. Pt given ASA and SL Nitro and pain resolved. Initial Trop 6.2 and continued to trend upwards. Denies pain upon arrival to ER,3,Chest pain—cardiac features,Cardiovascular,silver,
Hospital Discarge,865,Post-operative complications,General and Minor,silver,
Possible Exposure to Covid 19,851,Exposure to communicable disease,General and Minor,rule,COVID_EXPOSURE
"Head and back hurt from brother hitting her. He was going to his their mother, soon as he heard her calling cops, he broke the door down and began hiting her in the head, pushed her and she it her back as well. Almost blacked out Now headache is getting w",802,Major trauma—blunt,Trauma,silver,
pt hit in face and fell on back . left foot injury as well.,802,Major trauma—blunt,Trauma,silver,
recheck post altercation,710,Wound check,Skin,silver,
"(Ref) MELD of 26 from ETOH and small amt of ascites, is inpatient in <LOCATION> Health Center",865,Post-operative complications,General and Minor,silver,
Vitals for vidyo with <PERSON>,866,Minor complaints NOS,General and Minor,silver,
<DATE_TIME> female C/O upper abdomen pain,251,Abdominal pain,Gastrointestinal,silver,
Other Cuase of admomen pain: upper abdomen,251,Abdominal pain,Gastrointestinal,silver,
pt comes in by medevac. has been in the village since <DATE_TIME>. upper abd pain all day,251,Abdominal pain,Gastrointestinal,silver,
"PT brought in by <PERSON> from <LOCATION> with dx of sepsis and hepatitis. Pt states "" I have an appointment <DATE_TIME> with a liver Dr."" Pt appears jaundice. <PERSON> states she has been ""jaundice"" for <DATE_TIME>",999,Unknown,General and Minor,rule,SEPSIS_UNKNOWN
45 yo female cc stomach pain,251,Abdominal pain,Gastrointestinal,silver,
"Authorized in from <LOCATION>. Has been in Anchoragge and admitted to hospital <DATE_TIME>, discharged on <DATE_TIME> related to abdominal pain. HX of cirrhosis of kiver, jandice",261,Jaundice,Gastrointestinal,silver,
<DATE_TIME> female C/O recheck abdominal pain,251,Abdominal pain,Gastrointestinal,silver,
"Authorized in from <LOCATION> Hx of Cirrhosis, Hepatitis, <PERSON>, seen in er <DATE_TIME>. chronic abdominal pain, here for removal of fluid",261,Jaundice,Gastrointestinal,silver,
"Pt brought by Medi-vac for c/o ascites, hx Cirrhosis, jaundice, low grade fever",261,Jaundice,Gastrointestinal,silver,
"FV ETOH hepatitis, D/C <DATE_TIME>, last seen <DATE_TIME>",261,Jaundice,Gastrointestinal,silver,
"FV ETOH hepatitis, last seen <DATE_TIME>",261,Jaundice,Gastrointestinal,silver,
"VTC,Dr <PERSON>",866,Minor complaints NOS,General and Minor,silver,
"Authorazed in from <LOCATION>, related to abdominal pain, swelling and jaundice. hx of the same",261,Jaundice,Gastrointestinal,silver,
"bloody stool for <DATE_TIME>, liver failure, lungs filling up",260,Blood in stool/melena,Gastrointestinal,silver,
Pt BIB Medivac from <LOCATION> for lower GI bleed and ESLD. Alert and orientated on arrival.,260,Blood in stool/melena,Gastrointestinal,rule,GI_BLEED
post-hospitalization for GI bleeding and ESLD,260,Blood in stool/melena,Gastrointestinal,rule,GI_BLEED
"To ER from Hotel by EMS, just discharged from <DATE_TIME>, complaints of SOB, fatigue with weakness",651,Shortness of breath,Respiratory,silver,
pt sent from <LOCATION> for a riht large pleural effusion. pt was given 1 unit of PRBC inflight for a hgb 7.3 hct 21.8. hx of liver cirhosis. SpO2 RA 87%. no acute respiratory distress upon arrival. lower extremity edema,651,Shortness of breath,Respiratory,silver,
SOB and R hip pain,651,Shortness of breath,Respiratory,silver,
mental health emergency suicide attempt,351,Depression/suicidal/deliberate self-harm,Mental Health,rule,SUICIDAL
"mental health emergency, suicidal idealtion, depression",351,Depression/suicidal/deliberate self-harm,Mental Health,rule,SUICIDAL
<DATE_TIME> female came in for suicidal thoughts.,351,Depression/suicidal/deliberate self-harm,Mental Health,rule,SUICIDAL
Mental health emergency,351,Depression/suicidal/deliberate self-harm,Mental Health,silver,
"atv accident, injured head and back",407,Head injury,Neurologic,silver,
MVC roll over ATV,802,Major trauma—blunt,Trauma,silver,
fainted,8,Syncope/pre-syncope,Cardiovascular,silver,
recheck abdomen and hgb and blood draw,863,Abnormal lab values,General and Minor,silver,
Awoke <DATE_TIME> with left 4th toe pain and swelling. denies injury,709,Localized swelling/redness,Skin,silver,
"pt was seen <DATE_TIME> for foot infection. states itching on leg for <DATE_TIME>. left foot swollen, discoloration on 4th toe with swelling and increased pain. pt was not able to pick up abx from pharmacy <DATE_TIME>.",709,Localized swelling/redness,Skin,rule,LOCALIZED_INFECTION
"Pt BIB Guardian Fl 01 as EMTALA transfer from <LOCATION> for further evaluation of L foot 4th toe r/t poss Nec Fasciatis, currently denies SOB, N/V/D.",709,Localized swelling/redness,Skin,silver,
"Ref: toe/foot cellulitis, developed pretty rapidly, responded well to vanco and discharging on bactrim, would like him to have a follow up before he returns home to make sure it's continuing to improve",709,Localized swelling/redness,Skin,rule,LOCALIZED_INFECTION
"epigastric pain since <DATE_TIME>, N/V/D",251,Abdominal pain,Gastrointestinal,silver,
"Pt is here from <PERSON> to see surg. RUQ pain <DATE_TIME>, throbbing in sensatuion +radiates out. States she feels dizzy and unbalanced. Last PO was <DATE_TIME> <DATE_TIME>. Pt states she feels low energy. Resp unlabored and even. Steady gait.",251,Abdominal pain,Gastrointestinal,silver,
Pt had surgery <DATE_TIME> and a gallbladder removal. pt is complaining of pain at laproscopic sites. pt has been taking tylenol and oxy for pain. Pt reports drainage of serosanguineous fluid fromt he sites. Pt reports pain is <DATE_TIME>.,865,Post-operative complications,General and Minor,silver,
Home pregnancy test positive,457,"Pregnancy issues, <20 weeks",OB/GYN,silver,
Vag spotting in pregnancy,457,"Pregnancy issues, <20 weeks",OB/GYN,silver,
"Pt transferred from <LOCATION>. RLQ abd pain onset <DATE_TIME>. <LOCATION> w reprots of possible appy. 650 mg tylenol en route for low grade temp. Rocephin, flagly, & toradol PTA. C/o <DATE_TIME> pain, NAD.",251,Abdominal pain,Gastrointestinal,silver,
FV Lap Appy,865,Post-operative complications,General and Minor,silver,
stomach pain and cough,251,Abdominal pain,Gastrointestinal,silver,
swelling,709,Localized swelling/redness,Skin,silver,
Toothache and swelling of jawline,101,Dental/gum problem,ENT - Mouth/Throat/Neck,silver,
dog bites to face,701,Bite,Skin,silver,
BIB guardian from <LOCATION>. dog bite to the right cheek full thickness and right chin. Pts dog. here with sister.,701,Bite,Skin,silver,
Drain Removal,856,Dressing change,General and Minor,silver,
Dog bite to face,701,Bite,Skin,silver,
<DATE_TIME> female C/O deep laceration to R) knee,704,Laceration/puncture,Skin,silver,
Laceration: Deep R) knee,704,Laceration/puncture,Skin,silver,
leg wound,704,Laceration/puncture,Skin,silver,
having bad abdominal pain in RLQ,251,Abdominal pain,Gastrointestinal,silver,
"RLQ abdominal Pain, Possible Acute Abdomen",251,Abdominal pain,Gastrointestinal,silver,
"Abdominal Pain, Acute Abdomen",251,Abdominal pain,Gastrointestinal,silver,
"still having abdominal pain, was seen earlier and to come back if no better before our last plane but it just now happen",251,Abdominal pain,Gastrointestinal,silver,
10F recheck stomach pain,251,Abdominal pain,Gastrointestinal,silver,
"apy, possible ruptured, medivac from <LOCATION>.",251,Abdominal pain,Gastrointestinal,silver,
recheck abdominal pain,251,Abdominal pain,Gastrointestinal,silver,
<DATE_TIME> here for recheck of abdomen,251,Abdominal pain,Gastrointestinal,silver,
pt with <PERSON> <DATE_TIME>.,999,Unknown,General and Minor,silver,
: FV - perforated appendicitis with abscess,709,Localized swelling/redness,Skin,rule,LOCALIZED_INFECTION
"pt here for eval of mvc crash <DATE_TIME>, c/o right knee pain, pos csm noted distally",555,Lower extremity pain,Orthopedic,silver,
r) knee pain,555,Lower extremity pain,Orthopedic,silver,
Tripped and fell on floor at home. Deformity to left femur,557,Lower extremity injury,Orthopedic,silver,
"pt bib guardian from <LOCATION> for femur fracture, after trip and fall at home. splint in place on arrival. received fentanyl/ketamine pta. pt alert, displaying some discomfort on arrival.",557,Lower extremity injury,Orthopedic,rule,FEMUR_FRACTURE
Here for dressing change and wound check,856,Dressing change,General and Minor,silver,
F/U hospital d/c,865,Post-operative complications,General and Minor,silver,
"Left hip surgery on <DATE_TIME>. Has had increased pain/redness/swelling to left hip area. now difficulty moving, unable to use walker now",865,Post-operative complications,General and Minor,silver,
Pt flown in from <LOCATION> on gardian whee pt has been having pain and redness on her left hip where she recently had a hip surgery. Site has been painful for <DATE_TIME>. <PERSON> given K+ replacement apap vanco and rocefin PTA. Pt grimacng and tearful.,865,Post-operative complications,General and Minor,silver,
FV - Grp A Strep left hip abscess,709,Localized swelling/redness,Skin,rule,LOCALIZED_INFECTION
"Re-eval of L hip incision that looks infected again. Slightly red and inc drainage/family and pain. Pt has PICC, getting IV antibiotics for previous infec",865,Post-operative complications,General and Minor,silver,
"Pt was at ortho and blood work showed low blood counts, here for possible blood admin, vss pt ambulatory with walker, has picc line for abx to treat leg infection.",864,Pallor/anemia,General and Minor,silver,
"Congestion, SOB, fever",154,URTI complaints,ENT - Nose,silver,
pt brought in by ems. initially unresponsive. family states per ems that last known well time was <DATE_TIME> after a fall. pt is confused. taken straight to ct per doc by ems.,402,Confusion,Neurologic,silver,
"bib flight medics from <LOCATION>. pt has been in hospital for <DATE_TIME> being treated for UTI/covid. pt has multiple skin breakdowns. was on floor <DATE_TIME> before found by family. A&Ox4, amb with assistance.",307,UTI complaints,Genitourinary,silver,
<DATE_TIME> fv after discharge MRSA bacteremia and aortic valve endocarditis,999,Unknown,General and Minor,rule,SEPSIS_UNKNOWN
PREOP?: MRSA Bacteremia and aortic valve endocarditis surgeries (<DATE_TIME> & <DATE_TIME>); <PERSON>,999,Unknown,General and Minor,rule,SEPSIS_UNKNOWN
was eating chicken and feels as if something is stuck in her throat. has tried to drink water and it would go down.,265,Oral/esophageal foreign body,Gastrointestinal,silver,
"sent in from <PERSON>, Pt rpts eating chicken @ 1700 & got a chicken bone stuck in her throat. <LOCATION> ER tried 2 rounds of glucagon w/o relief. pt spitting up secretions. c/o throat pain",265,Oral/esophageal foreign body,Gastrointestinal,silver,
"BIB EMS for apnea and hypoxia. HX of panhypopituitarism, adrenal insufficiency and epilepsy.",652,Respiratory arrest,Respiratory,silver,
Follow up here with mom-<PERSON>. <PHONE_NUMBER>,866,Minor complaints NOS,General and Minor,silver,
abdominal pain possible acute abdomen,251,Abdominal pain,Gastrointestinal,silver,
<DATE_TIME> male came in after having lower abdominal pain that started <DATE_TIME> after waking up,251,Abdominal pain,Gastrointestinal,silver,
Other cause of abdominal pain digestive 4,251,Abdominal pain,Gastrointestinal,silver,
"<DATE_TIME> male came in with some pain in the lower abdomen, patient came in <DATE_TIME> after having a lot of lower abdomen pain and got sent to <LOCATION> via med flight.",251,Abdominal pain,Gastrointestinal,silver,
right lower quadrant pain,251,Abdominal pain,Gastrointestinal,silver,
"RLQ abd pain <DATE_TIME>. worse <DATE_TIME>. no fevers, normal bm no buring upon urination no vaginal discharge.",251,Abdominal pain,Gastrointestinal,silver,
Glucose tolerance test,861,Prescription/medication request,General and Minor,silver,
per patient's mom: Lower back pain and stomach pain.,551,Back pain,Orthopedic,silver,
"Pain in R butt check just started. Denies abd cramping. HA, viz changes, <PERSON>. Has not tried tylenol",404,Headache,Neurologic,silver,
"Pt states went to bathroom, peed a little, maybe had some fluid come out - althorugh unsure. States occasional contractions, althrough unable to give RN an answer as to how often. +FM per patient. Denies vaginal bleeding.",458,"Pregnancy issues, >20 weeks",OB/GYN,silver,
"baby is on pt's left side, mother of pt is wondering how to move the baby.",458,"Pregnancy issues, >20 weeks",OB/GYN,silver,
Low back pain with Contractions,458,"Pregnancy issues, >20 weeks",OB/GYN,silver,
transfer,866,Minor complaints NOS,General and Minor,silver,
IV Iron infusion <DATE_TIME> home BP at <DATE_TIME>,863,Abnormal lab values,General and Minor,silver,
"pelvic pressure when standing or walking,",256,Groin pain/mass,Gastrointestinal,silver,
TRPN,3,Chest pain—cardiac features,Cardiovascular,silver,
<PERSON> visit,866,Minor complaints NOS,General and Minor,silver,
Sore throat,103,Sore throat,ENT - Mouth/Throat/Neck,silver,
Admitted for r/o bowel obstruction vs diverticulitis,251,Abdominal pain,Gastrointestinal,rule,BOWEL_OBSTRUCTION
"BIB Flight from <LOCATION> for c/o upper abdominal pain, Dx with diverticulitis with possible perforation, Pt received clonidine, fentanyl, and phenergan PTA.",251,Abdominal pain,Gastrointestinal,silver,
s/p signoid resection w/primary anastamosis and,865,Post-operative complications,General and Minor,rule,POST_OP
Pt requesting prescription meds and iliostomy bags. No other compliants.,861,Prescription/medication request,General and Minor,silver,
FV - ileostomy bag,865,Post-operative complications,General and Minor,silver,
FV - ileostomy bag,866,Minor complaints NOS,General and Minor,silver,
illiostomy follow up,866,Minor complaints NOS,General and Minor,silver,
ostomy follow up,866,Minor complaints NOS,General and Minor,silver,
ostomy f/u,866,Minor complaints NOS,General and Minor,silver,
Medication,861,Prescription/medication request,General and Minor,silver,
"life flight from <LOCATION> after ambulance vs atv, occured at <DATE_TIME> <DATE_TIME>",802,Major trauma—blunt,Trauma,silver,
FV: polytrauma FU rib fractures,802,Major trauma—blunt,Trauma,rule,MAJOR_TRAUMA_BLUNT
"wound check R shoulder, R ankle",710,Wound check,Skin,silver,
Laying in bed and knocked over urinal on his boot and his R leg began to ache. He took tylenol and muscle relaxer with no relief. Pt just had his wrap removed <DATE_TIME> and boot placed. No further injury,557,Lower extremity injury,Orthopedic,silver,
f/u R ankle/shoulder,710,Wound check,Skin,silver,
<DATE_TIME> male f/u abd pain,865,Post-operative complications,General and Minor,silver,
Domestic violence minor head injury,407,Head injury,Neurologic,silver,
<DATE_TIME> male here for facial swelling and jaw pain he got beat up <DATE_TIME> about 2am,102,Facial trauma,ENT - Mouth/Throat/Neck,silver,
assault <DATE_TIME>. eyes swollen and bruised. pain in jaw.,102,Facial trauma,ENT - Mouth/Throat/Neck,silver,
"pt brought in by medevac. original complaint pt was found unresponsive with etoh on board and friend started cpr. friend was alos had etoh on board. normal vs in clinic, medevc and ER",1,Cardiac arrest (non-traumatic),Cardiovascular,silver,
"BIBA for fever x <DATE_TIME> and c/o lung bruising; patient is shaking, Last ibuprofen 400mg at <DATE_TIME>.",852,Fever,General and Minor,silver,
pt BIB Guardian Flight from <LOCATION> Medical Center in <LOCATION> for R pleural effusion where he has a throacenthesis with no success of vacancy of fluid. on <DATE_TIME> presented with cough and fever.100mcg fentanyl given PTA 1635,651,Shortness of breath,Respiratory,silver,
"NP Pneumonia, Pleural Effusion f/u Discharge, CXR",651,Shortness of breath,Respiratory,silver,
"ETOH, HICCUPS",262,Hiccoughs,Gastrointestinal,silver,
"HTN, PALPITATION",6,Hypertension,Cardiovascular,silver,
laceration on left neck area.,155,Nasal trauma,ENT - Nose,silver,
<PERSON> shoulder area large,709,Localized swelling/redness,Skin,silver,
pt medevac in . <LOCATION> on left shoulder and left wrist,556,Upper extremity injury,Orthopedic,silver,
f/u er visit,866,Minor complaints NOS,General and Minor,silver,
"Stab wounds, multiple",801,Major trauma—penetrating,Trauma,rule,MAJOR_TRAUMA_PENETRATING
"pt involved in altercation @ <DATE_TIME> coming from <LOCATION>, obvious left hip deformity and pain, GCS 15, VSS, given fentanyl, zofran, versed en route. pt states he fell onto left hip",557,Lower extremity injury,Orthopedic,silver,
Eval L Hip Dislocation,557,Lower extremity injury,Orthopedic,silver,
"RLQ abdominal pain since 2300 <DATE_TIME>. Confirmed appi in village. Arrives with <DATE_TIME> pain, calm, compliant. Received 1 g rocephin, 500mf flagyl PTA",251,Abdominal pain,Gastrointestinal,silver,
"<PERSON> pain, started <DATE_TIME> after shoveling gravel",554,Upper extremity pain,Orthopedic,silver,
s/p lap appy <DATE_TIME>,865,Post-operative complications,General and Minor,rule,POST_OP
Vaginal Bleeding with Pregnancy,455,Vaginal bleed,OB/GYN,silver,
Phone Visit PP IUFD FV,999,Unknown,General and Minor,silver,
Other cause of chest pain,4,Chest pain—non-cardiac features,Cardiovascular,silver,
Mother brings in <DATE_TIME> male for chest pain,3,Chest pain—cardiac features,Cardiovascular,silver,
"chest pain, SVT while at school <DATE_TIME>, seen in <LOCATION> clinic.",3,Chest pain—cardiac features,Cardiovascular,silver,
chest pain with very fast heart rate,3,Chest pain—cardiac features,Cardiovascular,silver,
having chest pain,3,Chest pain—cardiac features,Cardiovascular,silver,
CO here for F/U Peds Cards,866,Minor complaints NOS,General and Minor,silver,
"heart beat fast, all out of his medication, pharmacy will send out medications",5,Palpitations/irregular heart beat,Cardiovascular,silver,
abnormal heart rate fast,5,Palpitations/irregular heart beat,Cardiovascular,silver,
"pt assault, punched in back of head and right cheek. alert and oriented.",407,Head injury,Neurologic,silver,
got hit to head multiple times,407,Head injury,Neurologic,silver,
"12yo F recheck eczema and sores, last seen for this <DATE_TIME>, given Cephalexin",710,Wound check,Skin,silver,
skin/soft tissue 4: impetigo,708,Rash,Skin,silver,
<DATE_TIME> female recheck skin,710,Wound check,Skin,silver,
No exam due to covid restrictions Recheck skin phone call began at <DATE_TIME> to 320pm,851,Exposure to communicable disease,General and Minor,rule,COVID_EXPOSURE
skin rash for <DATE_TIME> medevac in <DATE_TIME>.,708,Rash,Skin,silver,
vitals for provider,866,Minor complaints NOS,General and Minor,silver,
"Pt arrived via Guardian Life Team, per report: Pt sustained 2 lacs to the R wrist/R distal radial artery @ ~1745. unknown MOI. Bleeding was controlled @ <LOCATION> hospital. No active bleeding during transport. Pt recvd 1mg Ativan PTA for aggitation.",704,Laceration/puncture,Skin,silver,
c/o laceration to right wrist,704,Laceration/puncture,Skin,silver,
bib mom <PERSON> <PHONE_NUMBER>,866,Minor complaints NOS,General and Minor,silver,
right wrist lacerations with repair.,704,Laceration/puncture,Skin,silver,
"25yo F presents to the clinic for ""heart pain""",3,Chest pain—cardiac features,Cardiovascular,silver,
head injury multiple bruising after fighting with brother and sister.,407,Head injury,Neurologic,silver,
"states etoh withdrawal. last drink <DATE_TIME>. drinks a bottle a day. c/o tremors, vomiting, headache, UTI, and L bottom foot infection. No tremors observed. Ambulated with limp.",753,Substance withdrawal,Substance Misuse,rule,SUBSTANCE_WITHDRAWAL
labor check headache,455,Vaginal bleed,OB/GYN,silver,
"Contractions, headache",455,Vaginal bleed,OB/GYN,silver,
Elevated BP,6,Hypertension,Cardiovascular,silver,
PP b/p check,6,Hypertension,Cardiovascular,silver,
<DATE_TIME> female came in for repeat BP check after having her baby.,6,Hypertension,Cardiovascular,silver,
New left sided weakness,409,Extremity weakness/symptoms of CVA,Neurologic,silver,
brought in for intentional overdose of aspirin,752,Overdose ingestion,Substance Misuse,rule,OVERDOSE
"atv accident. head <LOCATION>, c collar iin place. A&O x 4.",407,Head injury,Neurologic,silver,
Wound care,710,Wound check,Skin,silver,
Patient is a <DATE_TIME> male here for wound care.,710,Wound check,Skin,silver,
Rash On Body,708,Rash,Skin,silver,
HAx <DATE_TIME>; pain in L eye radiating towards lateral plane. bouts of double vision. sinusitus.,508,Diplopia,Ophthalmology,silver,
Laceration to right thumb because of double vision and headache,704,Laceration/puncture,Skin,silver,
still having headache with double vision,508,Diplopia,Ophthalmology,silver,
Possible Hemorrhoids Wary of Ectopic Pregnancy due to LLQ pain,258,Rectal/perineal pain,Gastrointestinal,silver,
<DATE_TIME>. F comes in for bleeding of the rectum,260,Blood in stool/melena,Gastrointestinal,silver,
"spotting , LLQ pain, <DATE_TIME> pregnant",455,Vaginal bleed,OB/GYN,silver,
"pt here from <LOCATION> with molar pregnancy and pos covid, has soem pain but declines meds, slight cough started <DATE_TIME>.",653,Cough/congestion,Respiratory,rule,COVID_COUGH
"here from Q house for rectal bleed, is in quarantine for COVID + but now has been bleeding ""every time she goes to the bathroom since <DATE_TIME>, (bright red blood) denies hx of hemmorrhoids, c/o left lower abdominal pain, also states <DATE_TIME> pregnant",260,Blood in stool/melena,Gastrointestinal,silver,
"BIB EMS from home with c/o SOB, cough, congestion. Speaking full sentences, <PERSON> sat 96%RA. +Covid <DATE_TIME>. Seen in ED recently for vaginal vs rectal bleed. Pt is <DATE_TIME> pregnant.",651,Shortness of breath,Respiratory,rule,COVID_RESPIRATORY
COVID+ patient /fever/ SOB,651,Shortness of breath,Respiratory,rule,COVID_RESPIRATORY
hypoxia seconary to <LOCATION>. pt arrives by air on bipap. pt was given 100mcg of fentanyl enroute.,651,Shortness of breath,Respiratory,silver,
"noticed feeling weird about <DATE_TIME> just before arrival, felt weak and had slurred speech- left weaker trhan righ- couldn't move asnd fell- states injured left foot- felt crack to instep and pain",409,Extremity weakness/symptoms of CVA,Neurologic,silver,
"BIB ems from <LOCATION> for sudden weakness that occured at <DATE_TIME>. Pt fell out of bed, later fell at <DATE_TIME> , arrives alert gcs 15 pws rr even, <PERSON>",409,Extremity weakness/symptoms of CVA,Neurologic,silver,
"Sprained foot, need boot",557,Lower extremity injury,Orthopedic,silver,
"blood coming out with urine, had a very hard time to pee <DATE_TIME>, has burning to pee and coughed real hard then start seeing blood follow pee out. blood came out at <DATE_TIME>, 6:15am and <DATE_TIME>. now constant lower abdominal pain at 6.",302,Hematuria,Genitourinary,silver,
bladder infection with Right upper quadrant swelling,307,UTI complaints,Genitourinary,silver,
<DATE_TIME> male came to clinic for UTI,307,UTI complaints,Genitourinary,silver,
Other urinary problem,306,Urinary retention,Genitourinary,silver,
urinary problems blood in urine,302,Hematuria,Genitourinary,silver,
c/o R flank pain with lower back pain onset <DATE_TIME>; Medevac from village with reported <LOCATION>,301,Flank pain,Genitourinary,silver,
"BIBA from <LOCATION> regional for generalized weakness and AMS, blood cultures + for MRSA . Hx renal failure and bladder cancer. 50 mcg of fentynal given en route",7,General weakness,Cardiovascular,silver,
"Awoke up <DATE_TIME> with substernal chest pain, non-radiating with SOB and fatigue. Increases withj asctvity",3,Chest pain—cardiac features,Cardiovascular,silver,
"Pt BIB Guardian Flight Transferas NSTEMI from <LOCATION> currently AA&OX4, MAE w/ good ROM & ambulated from Flight stretcher to bed, currently denies SOB, Pain, N/V/D.",3,Chest pain—cardiac features,Cardiovascular,rule,STEMI_NSTEMI
"F/u hospital d/c, NSTEMI, labs",3,Chest pain—cardiac features,Cardiovascular,rule,STEMI_NSTEMI
f/u chronic conditions /labs,855,Direct referral for consultation,General and Minor,silver,
Lower leg numbess bilaterally,410,Sensory loss/paresthesia,Neurologic,silver,
Medevac from <LOCATION> with dislodged biliary stent x <DATE_TIME>. hx colostomy. CA.,865,Post-operative complications,General and Minor,silver,
"<DATE_TIME> male whose family called that he has been vomitting since <DATE_TIME> and cannot wait for an appointment, also in ""real bad pain""",251,Abdominal pain,Gastrointestinal,silver,
Moderate dehydration Other Cause moderate/ severe vomitting <PERSON>,7,General weakness,Cardiovascular,rule,DEHYDRATION
"Authporized in from <LOCATION>, has been binge drinking for <DATE_TIME>, last dring <DATE_TIME> at <DATE_TIME>, now going through withdrawls. Nausea, vomiting, weakness and fatigue. Hx of the same",753,Substance withdrawal,Substance Misuse,silver,
"Assaulted <DATE_TIME>, <DATE_TIME> bleding from nose and mouth. Had loc",102,Facial trauma,ENT - Mouth/Throat/Neck,silver,
"Pt. arrives via Guardian flight for nasal arterial bleed after suffering a broken nose <DATE_TIME>. Pt. arrives with copious bleeding from nose, alert, resps unlabored. Dr. <PERSON> at bedside on arrival.",151,Epistaxis,ENT - Nose,silver,
"24yoM Eval Blurry OS S/P Trauma <DATE_TIME>. ""I keep having cataracts but I had splints taken off my nose. It was broken. <DATE_TIME> I was seeing a lot of floaters. I had a headache (<DATE_TIME>), no eye pain."" Pt denies diplopia, photophobia.",865,Post-operative complications,General and Minor,rule,POST_OP
fv nasal splint,155,Nasal trauma,ENT - Nose,silver,
Pt BIB medevac coming from <LOCATION> hospital where she was being treated for pnuemonia when she had a fall in the hospital and broke r hip. pt arrives alert communicating well. pt resps even unlabored,802,Major trauma—blunt,Trauma,silver,
f/u right hip fx,557,Lower extremity injury,Orthopedic,rule,FEMUR_FRACTURE
f/u hip surgery,865,Post-operative complications,General and Minor,silver,
HOME VISIT PATIENT WAS FOUND ON THE FLOOR IN HER ROOM THE FAMILY MEMBERS SAID SHE MUST OF GET UP <DATE_TIME> AND FELL DONT KNOW HOW LONG SHE WAS THERE IT WAS <DATE_TIME>,401,Altered level of consciousness,Neurologic,silver,
OTHER NERVOUS SYSTEM PROBLEM FELL WHILE UNAWARE AT HOME,401,Altered level of consciousness,Neurologic,silver,
"ABD pain, UTI possible urosepsis",251,Abdominal pain,Gastrointestinal,silver,
follow up UTI/kidney infection,307,UTI complaints,Genitourinary,silver,
"follow up kidney/urine infection, went on a home visit",307,UTI complaints,Genitourinary,silver,
other musculoskeletal problem,866,Minor complaints NOS,General and Minor,silver,
"soles of feet pain, nonstop burning and numb feeling HOMEVISIT",555,Lower extremity pain,Orthopedic,silver,
<DATE_TIME> female called on call for upset stomach,257,Nausea and/or vomiting,Gastrointestinal,silver,
Other cause of vomiting or diarrhea,257,Nausea and/or vomiting,Gastrointestinal,silver,
<DATE_TIME> female called clinic for her stomach feeling weird,251,Abdominal pain,Gastrointestinal,silver,
Other digestive system problem,866,Minor complaints NOS,General and Minor,silver,
feel short of breath,651,Shortness of breath,Respiratory,silver,
"Authorized in from <LOCATION> with guardian related to SOB, Cough and blood tinged sputum onset <DATE_TIME>, started after it had heen raining. hx of pneumonia, copd",651,Shortness of breath,Respiratory,silver,
"pt. found at home 80% on 2L home <DATE_TIME> with SOB and weakness. CT & x-ray showed left plueral effussion drainged 1,300 and a small pneumo",651,Shortness of breath,Respiratory,silver,
"F/U HTN, labs",6,Hypertension,Cardiovascular,silver,
"CME Re. ""I know I'm supposed to take my drops QID, but sometimes I only get <DATE_TIME>, and there are some days I don't even add any drops in at all.""",861,Prescription/medication request,General and Minor,silver,
Left sided <LOCATION> with SOB,651,Shortness of breath,Respiratory,silver,
found at home with aloc; has been drinking,401,Altered level of consciousness,Neurologic,silver,
pt etoh on board. burning abd pain. <DATE_TIME> binge drinking. no food for <DATE_TIME>.,251,Abdominal pain,Gastrointestinal,silver,
"Nausea and abdominal pain, no BM for <DATE_TIME>.",251,Abdominal pain,Gastrointestinal,silver,
"authorized in from <LOCATION> <DATE_TIME> to er related to left sided abdominal pain with nausea, HA. Here for follow-up",251,Abdominal pain,Gastrointestinal,silver,
"Right side chest and arm pain, mostly his lung. It's been <DATE_TIME> since he got seen in <LOCATION> and this pain has been getting worse since last time seen. Wife said he spit up sputum and light red like some blood and a lot of mucus.",3,Chest pain—cardiac features,Cardiovascular,silver,
Back Pain for <DATE_TIME>,551,Back pain,Orthopedic,silver,
"Pt describes being at pcp appointment and being told to come into ED for IV nd pos admit, pt is cancer pt, vss in wc due to weakness",7,General weakness,Cardiovascular,silver,
Pt here for SOB and increased WOB per wife. Pt here <DATE_TIME> and is worse per wife. Pt has cancer.,651,Shortness of breath,Respiratory,silver,
"abdominal pain, nausea, vomiting",251,Abdominal pain,Gastrointestinal,silver,
"bib ems from <LOCATION> CC SBO ss onset <DATE_TIME> <DATE_TIME>. CT confirmed sbo. pt hx of gerd , COPD, appy, and R ABD hernia. pt ambulatory transfers to gurney by self ,gcs 15",251,Abdominal pain,Gastrointestinal,rule,BOWEL_OBSTRUCTION
"OOT - VTC FV OSA on PAP, will bring in device",860,Medical device problem,General and Minor,silver,
chest pain and SOB and heart rate went down to 47,3,Chest pain—cardiac features,Cardiovascular,silver,
Authorized in from <LOCATION> with Guardian. <DATE_TIME> while handing out candy developed generalized chest pressure and SOB. EKG changes noted. ASA 324 given,3,Chest pain—cardiac features,Cardiovascular,silver,
recheck after changing medication,861,Prescription/medication request,General and Minor,silver,
"weak, short of breath, weak pulse",7,General weakness,Cardiovascular,silver,
"low Heart rate, weakness",7,General weakness,Cardiovascular,silver,
"Pre PPM: Labs, echo, ekg",859,Imaging tests,General and Minor,silver,
FV DM2,866,Minor complaints NOS,General and Minor,silver,
Post-op PPM,865,Post-operative complications,General and Minor,rule,POST_OP
Pt reports chest pressure with recent heart block dx. She was sent from <LOCATION> for cardiology appt <DATE_TIME>.,3,Chest pain—cardiac features,Cardiovascular,silver,
"FV Hypoxemia, Bronchiectasis",866,Minor complaints NOS,General and Minor,silver,
FV - Severe valvular aortic stenosis,866,Minor complaints NOS,General and Minor,silver,
VTC To <LOCATION> Clinic: FV DM2 <DATE_TIME>: A1c: 806%,866,Minor complaints NOS,General and Minor,silver,
check surgery site,710,Wound check,Skin,silver,
Hospital discharge,866,Minor complaints NOS,General and Minor,silver,
VTC to <LOCATION> Clinic: FV DM2,866,Minor complaints NOS,General and Minor,silver,
take out sutures and wound check,857,Removal staples/sutures,General and Minor,silver,
recheck surgical site,710,Wound check,Skin,silver,
"recheck surgical site, suture still in.",710,Wound check,Skin,silver,
<PERSON> from pacemaker implantation - sent in from <LOCATION>,865,Post-operative complications,General and Minor,silver,
VTC with Dr. <PERSON> Diabetes,861,Prescription/medication request,General and Minor,silver,
Very Sick,866,Minor complaints NOS,General and Minor,silver,
"SOB Cough, fatigue",653,Cough/congestion,Respiratory,silver,
"Recheck pneumonia, headaches from antibiotics",859,Imaging tests,General and Minor,silver,
medication refill,861,Prescription/medication request,General and Minor,silver,
FLU,154,URTI complaints,ENT - Nose,silver,
Bad cold,154,URTI complaints,ENT - Nose,silver,
SOB and cough,653,Cough/congestion,Respiratory,silver,
AS,999,Unknown,General and Minor,silver,
Recheck pneumonia and UTI,859,Imaging tests,General and Minor,silver,
Recheck pneumonia,859,Imaging tests,General and Minor,silver,
High blood sugar,853,Hyperglycemia,General and Minor,silver,
Recheck chest cold,154,URTI complaints,ENT - Nose,silver,
81 yo female mild SOB,651,Shortness of breath,Respiratory,silver,
other cause of SOB,651,Shortness of breath,Respiratory,silver,
pt woke up with sob and increased blood pressure.,651,Shortness of breath,Respiratory,silver,
medevac transfer in wiith c/o CP and new onset Afib. Pt self converted while in village before transfer was called.,5,Palpitations/irregular heart beat,Cardiovascular,rule,AFIB_RVR
sob and rapid heart rate. arrived in NSR,5,Palpitations/irregular heart beat,Cardiovascular,silver,
chest pain -resolved,3,Chest pain—cardiac features,Cardiovascular,silver,
Chest pain and SOB,3,Chest pain—cardiac features,Cardiovascular,silver,
<DATE_TIME> female came in for follow up from,866,Minor complaints NOS,General and Minor,silver,
"Shortness of breathe this am "" feels like lungs need air. """,651,Shortness of breath,Respiratory,silver,
VTC HTN,6,Hypertension,Cardiovascular,silver,
Pt was medevaced to the ER <DATE_TIME> from <LOCATION> for evaluation and is here <DATE_TIME> for follow-up,866,Minor complaints NOS,General and Minor,silver,
<DATE_TIME> female c/o chest pain and headache,3,Chest pain—cardiac features,Cardiovascular,silver,
vss upon arrival c/o N/V and rapid HR. Afib RVR in village. arrived to <PERSON>: in and out of NSR and AFib\,5,Palpitations/irregular heart beat,Cardiovascular,rule,AFIB_RVR
"pt BIB flight crew from selowick, pt presented to the village clinic in Afib RVR. pt did covert to sinus Tach after liter of fluid. Trop elevated K= and Mag low. 1g MAg and 20 MEQ of K+ given in flight. with <LOCATION>",5,Palpitations/irregular heart beat,Cardiovascular,rule,AFIB_RVR
"Hospital d/c - NSTEMI, a fib with RVR, EKG",3,Chest pain—cardiac features,Cardiovascular,rule,STEMI_NSTEMI
Digestive system bleeding vomiting,259,Vomiting blood,Gastrointestinal,silver,
"pt here with intractable n/v since earlier this am, dark colored emesis, bs in all quads, clear bilaterally",257,Nausea and/or vomiting,Gastrointestinal,silver,
"BIB Guardian from <LOCATION> for potential <PERSON>. Right-sided weakness started at <DATE_TIME> <DATE_TIME>, resolved around <DATE_TIME> <DATE_TIME>. Received no medications at clinic. Elevated BP throughout flight. Pt verbal, A&Ox4, ambulatory currently",409,Extremity weakness/symptoms of CVA,Neurologic,silver,
FV RA associated ILD,999,Unknown,General and Minor,silver,
"SOB, COPD, fast heart rate",651,Shortness of breath,Respiratory,silver,
"Authorized in with guardian from <LOCATION>, has been falling and hit head, per daughter ams. patient is alert and oriented",407,Head injury,Neurologic,silver,
pt brought in from daughters house. ems stated she didnt want to care for him any longer. that he hasnt slept any <DATE_TIME>.,354,Insomnia,Mental Health,silver,
"R hip, L knee",555,Lower extremity pain,Orthopedic,silver,
"Authorized in from <LOCATION>, related to UTI. C/O RLQ pain with nausea Taking chronic Keflex",307,UTI complaints,Genitourinary,silver,
"<DATE_TIME> follow up for UTI per pt, stated is better and denied new complaint; afebrile",307,UTI complaints,Genitourinary,silver,
palpitations intermittant for <DATE_TIME>,5,Palpitations/irregular heart beat,Cardiovascular,silver,
"NP shortness of breath interferring ADLs, PFTs+6MWT",651,Shortness of breath,Respiratory,silver,
Short of breath when active and fatigue,651,Shortness of breath,Respiratory,silver,
"Ref: Acute on chronic fatige, weakness, and dyspnea normal chest imaging (per report); normal spirometry; mildly reduced DLCO; no pulmonary explanation for acute on chronic dyspnea. Referred by: <PERSON>, FNP",7,General weakness,Cardiovascular,silver,
Abdominal pain for <DATE_TIME> with left lower quaderant noted worsening through night. Nausea accompanies pain. Had appointment but feels too bad to wait for it.,251,Abdominal pain,Gastrointestinal,silver,
"Pt was seen in <LOCATION> <DATE_TIME> for ""bleeding from my spleen"" and was called <DATE_TIME> to come back to <PERSON> for positive blood culture. Pt reports feeling increasing weakness/fatigue since being discharged <DATE_TIME>.",7,General weakness,Cardiovascular,silver,
Phone visit- H&P for <DATE_TIME> surgery,866,Minor complaints NOS,General and Minor,silver,
"new patient visit dark stool, weight loss, pre-op colonoscopy",260,Blood in stool/melena,Gastrointestinal,silver,
"Nausea, <NRP>, weakness",7,General weakness,Cardiovascular,silver,
"Pt BIB GF from <LOCATION> for melena, bloody stool, malaise, unable to do ADL since Sat PM. Hgb 13 to 9. Was here <DATE_TIME> for colonoscopy, removed 6 polyps. 1g Tylenol, 5mg compazine, 40mg protonix given PTA. Hx of diverticulitis, HTN, T2DM, hyperlipidemia.",260,Blood in stool/melena,Gastrointestinal,rule,GI_BLEED
POP F/V,866,Minor complaints NOS,General and Minor,silver,
POP/anemia follow up,864,Pallor/anemia,General and Minor,silver,
FV: Issue: Aneimia w/ EGD & Colonoscopy. Admit: <DATE_TIME>; Discharge: <DATE_TIME>,864,Pallor/anemia,General and Minor,silver,
hospital d/c follow up; fatigued,7,General weakness,Cardiovascular,silver,
"pt arrives via flight from <LOCATION>, 3d int RLQ abd pain. woke up this AM with svere pain/intractable vomiting. dx perf diverticuli, hx of this/<PERSON> surg. given 15morphine/8zofran in clinic w no relief of vomiting. phenergan given in flight. has pacemaker",251,Abdominal pain,Gastrointestinal,silver,
"ABD pain for <DATE_TIME>, N/V <DATE_TIME>",251,Abdominal pain,Gastrointestinal,silver,
FV acute diverticulitis,251,Abdominal pain,Gastrointestinal,silver,
Follow up prolapse uterus,866,Minor complaints NOS,General and Minor,silver,
"Out <DATE_TIME> on snow machine, after returning feet were cold and painfull, possible frostbite",205,Hypothermia,Environmental,rule,HYPOTHERMIA
f/u bilat feet,201,Frostbite/cold injury,Environmental,silver,
"fall, stroke symptoms",409,Extremity weakness/symptoms of CVA,Neurologic,rule,CVA_STROKE
"BIB GF from <LOCATION> for post stroke care. presents w/ left sided weakness. Pt arrives alert, cooperative. Daughter at bedside who is the caregiver. Pt is on aspiration precautions. NAD noted",409,Extremity weakness/symptoms of CVA,Neurologic,rule,CVA_STROKE
"pt with hx of right side stroke. g tube. fever, urinary retention, sob, o2 dependant.",409,Extremity weakness/symptoms of CVA,Neurologic,rule,CVA_STROKE
"Authorized in from <LOCATION> with Guardian. Positive covid has had a bad cough over <DATE_TIME> thas just gotten worse causing chest tightness when coughing. has some nausea also, unable to eat",653,Cough/congestion,Respiratory,rule,COVID_COUGH
"<DATE_TIME> female home visit for arm pain, chest pain and coughing for <DATE_TIME>",3,Chest pain—cardiac features,Cardiovascular,silver,
"Authorized in from <LOCATION>, over <DATE_TIME> has increased SOB gotten worse over <DATE_TIME>, increasing with exertion, lying flat with lower extermity edema",651,Shortness of breath,Respiratory,silver,
"NP Pulmonary Fibrosis, Large Pleural Effusion drained <DATE_TIME>, <PERSON>, Bronchiectasis Full PFTs+6MWT",651,Shortness of breath,Respiratory,silver,
"Diff breathing, worsening for <DATE_TIME>, BIB by air from <LOCATION>, <LOCATION> at bedside",651,Shortness of breath,Respiratory,silver,
follow-up medication review,861,Prescription/medication request,General and Minor,silver,
F/up medication review,861,Prescription/medication request,General and Minor,silver,
"states she cant get warm, he breathing is getting worse and is nauseated. Just dc from hosp admit <DATE_TIME>. Hx HR/cardiomyopathy. Mild labored resp, appears mildly pale.",651,Shortness of breath,Respiratory,silver,
Medevac from <LOCATION>. Was d/c from hospital <DATE_TIME>. Here for re admit. Thinks right lung is filling with. Thinks CHF is getting worse. Speaks in full sentences. Was in <PERSON> <DATE_TIME> given lasix. Thinks ankles are starting to swell. 1+ edema,999,Unknown,General and Minor,rule,CHF_UNKNOWN
follow-up hospital discharge/CHF,999,Unknown,General and Minor,rule,CHF_UNKNOWN
"BIB Lifemed from <LOCATION> after <DATE_TIME> shortness of breath. Found to be in afib RVR with no history. bilateral pleural effusions. Digoxin, amiodarone, metoprolol given pta without improvement in rate.",5,Palpitations/irregular heart beat,Cardiovascular,rule,AFIB_RVR
Hospital D/C AFib,5,Palpitations/irregular heart beat,Cardiovascular,rule,AFIB_RVR
"NP Fibrotic ILD, Progressive Interstitial Changes on CT, Acute Hypoxic Resp Failure, no testing requested",651,Shortness of breath,Respiratory,silver,
"Pt BIB Guardian Flight as Transfer from <LOCATION> & current Dx of Strtoke Syndrome, Recvng Phy Dr Dunning & Pt requires MRI, Pt currently AA&OX4, MAE w/ good ROM, currently denies SOB, Pain, N/V/D.",409,Extremity weakness/symptoms of CVA,Neurologic,silver,
"head numbness, slurred speech, blurry right eye. <DATE_TIME>",409,Extremity weakness/symptoms of CVA,Neurologic,silver,
F/U,861,Prescription/medication request,General and Minor,silver,
NOSE BLEED AND CHEST PAIN,151,Epistaxis,ENT - Nose,silver,
82 y/o male woke up with a nosebleed,151,Epistaxis,ENT - Nose,silver,
Nosebleed: Did not stop with direct pressure,151,Epistaxis,ENT - Nose,silver,
"Authorized in from <LOCATION> with Guardian related to epistaxis, starting at <DATE_TIME> and stopped at <DATE_TIME> after placement and removal for rino rocket. Was given one lite of ns",151,Epistaxis,ENT - Nose,silver,
Nose Bleed: Did NOT Stop with Direct Pressure,151,Epistaxis,ENT - Nose,silver,
83 yo male here for recheck of nosebleed,151,Epistaxis,ENT - Nose,silver,
Epistaxis,151,Epistaxis,ENT - Nose,silver,
"New patient, chest pain",3,Chest pain—cardiac features,Cardiovascular,silver,
emergency elder pt.,999,Unknown,General and Minor,silver,
"muscle or bone pain, chest",4,Chest pain—non-cardiac features,Cardiovascular,silver,
<DATE_TIME> female with cheat pain that is going to left shoulder and stays in shoulder,3,Chest pain—cardiac features,Cardiovascular,silver,
"79F here for possible UTI, said she felt itching down there, said she put clotrimazole <DATE_TIME>, said she poop while she didnt know, was given enema <DATE_TIME> or <DATE_TIME>.",307,UTI complaints,Genitourinary,silver,
"79F called said she feel weak, home visit, she say she is constipated",7,General weakness,Cardiovascular,silver,
"79F here, fell at home and was shaking for <DATE_TIME>",405,Seizure,Neurologic,silver,
"seizure, other cause",405,Seizure,Neurologic,silver,
<DATE_TIME> female here to recheck urine,307,UTI complaints,Genitourinary,silver,
Recheck Bladder infection,307,UTI complaints,Genitourinary,silver,
"79yo F ccNot feeling good, called for a home visit",999,Unknown,General and Minor,silver,
"mental health problem, chronic care",351,Depression/suicidal/deliberate self-harm,Mental Health,silver,
79yo F with lower abdominal pain started <DATE_TIME>,251,Abdominal pain,Gastrointestinal,silver,
Blood draw,999,Unknown,General and Minor,silver,
Rt lower abdomen/side pain,301,Flank pain,Genitourinary,silver,
"Referral persistent cold, hot, pain to fingers",409,Extremity weakness/symptoms of CVA,Neurologic,silver,
cough started <DATE_TIME>.,653,Cough/congestion,Respiratory,silver,
pt fell <DATE_TIME>. right hip pain.,555,Lower extremity pain,Orthopedic,silver,
"Pt BIB air for right femur fracture. Pt fell off a stair and landed on right side, bruising and swelling noted. Hx of HTN and anxiety. Pt appears calm, NAD noted.",352,Anxiety/situational crisis,Mental Health,rule,ANXIETY
Pt arrives with daughter for swollen RLE after a surgery <DATE_TIME> for R hip fx. Pt in wheelchair and alert,557,Lower extremity injury,Orthopedic,rule,FEMUR_FRACTURE
Anching toe,555,Lower extremity pain,Orthopedic,silver,
Staple Removal,857,Removal staples/sutures,General and Minor,silver,
heart fluttering,5,Palpitations/irregular heart beat,Cardiovascular,silver,
Symptoms of stroke,409,Extremity weakness/symptoms of CVA,Neurologic,rule,CVA_STROKE
"fall this am, hit head on dresser, Possible LOC, anxiety, recent grief",352,Anxiety/situational crisis,Mental Health,rule,ANXIETY
Suicidal thoughts,351,Depression/suicidal/deliberate self-harm,Mental Health,rule,SUICIDAL
"CP for <DATE_TIME> with increasing weakness, Seen in village clinic <DATE_TIME>, resolved, non compliant witih BP meds, taking <LOCATION> and gabapentin",3,Chest pain—cardiac features,Cardiovascular,silver,
leg flaccidity,409,Extremity weakness/symptoms of CVA,Neurologic,silver,
SOB/Rectal Bleeding,260,Blood in stool/melena,Gastrointestinal,silver,
"pt arrived from <PERSON> for vaginal bleeding, pt has a history of cirrohsis of the liver. pt A&OX4",455,Vaginal bleed,OB/GYN,silver,
Abdonimal Pain,251,Abdominal pain,Gastrointestinal,silver,
<PERSON> pain. started at <DATE_TIME>.,555,Lower extremity pain,Orthopedic,silver,
"For <DATE_TIME> now increased SOB, abdominal pain, bloating with lower extermity swelling. Hx liver failure. FSBS 116",651,Shortness of breath,Respiratory,silver,
<PERSON> pain with diarrhea,254,Diarrhea,Gastrointestinal,silver,
fall,407,Head injury,Neurologic,silver,
"BIB Gardian Air from <LOCATION>, Patient states he was intoxicated <DATE_TIME> and fell down some stairs about one or two oclock, Sought medical care <DATE_TIME> after awakened with rib and leg pain. Denies pain at this time.",802,Major trauma—blunt,Trauma,silver,
"BIB by ems following MVA, pt was passenger in a vehicle going 35 to 45mph in head on collision. No LOC, pt has a lacertion on front right side of forehead. RR even and unlabored. NAD.",802,Major trauma—blunt,Trauma,rule,MAJOR_TRAUMA_BLUNT
F/U and suture and staples removed.,857,Removal staples/sutures,General and Minor,silver,
"bib guardian flight from <LOCATION> for HF, possible right PE, and hyperkalemia, potassium 6.7 .pt admitted to <PERSON> <DATE_TIME> w/ SOB, BLE edema. Last potassium level 4.8 enroute at <DATE_TIME>. <PERSON> catheter in place draining clear yellow urine.",651,Shortness of breath,Respiratory,silver,
Ref: DC follow up anemia needs further iron infusions,864,Pallor/anemia,General and Minor,silver,
follow-up hospital discharge/CM,855,Direct referral for consultation,General and Minor,silver,
"FV from <DATE_TIME>, he missed his appointment because he was stuck in the infusion appointment",855,Direct referral for consultation,General and Minor,silver,
pt in by ems. pt not speaking. pt seems to be in pain from possible right hip injury,557,Lower extremity injury,Orthopedic,silver,
pt BIB guardian with hx dementia. etoh abuse. pt confused. pts breathing is even and unlabored. pt redirectible,402,Confusion,Neurologic,silver,
Discharge follow up,855,Direct referral for consultation,General and Minor,silver,
follow-up hospital discharge/CHF; labs,999,Unknown,General and Minor,rule,CHF_UNKNOWN
follow-up CHF,999,Unknown,General and Minor,rule,CHF_UNKNOWN
"Found unresponsive, cpr in progress",1,Cardiac arrest (non-traumatic),Cardiovascular,silver,
"Resident of LTC, found on floor at <DATE_TIME>. Needs assistance to walk but attempeted to get from bed on her own. Has dementia, will resist care with biting and pinching",402,Confusion,Neurologic,silver,
"BIBA from <LOCATION> for L hip Fx. Lives at ALF and fell out of bed, found down <DATE_TIME>. no head trauma. pt has dementia, pedal pulses intact, slight lateral rotation to L leg, <PERSON> in place, POC covid neg. PT picks at medical devices and refuses to don mask",557,Lower extremity injury,Orthopedic,rule,FEMUR_FRACTURE
"Shortness of Breath, Possible Heart Attack",3,Chest pain—cardiac features,Cardiovascular,silver,
"66 yo male chief complaint of SOB, hot, and sweaty",651,Shortness of breath,Respiratory,silver,
CHEST PAIN AND SOB.,3,Chest pain—cardiac features,Cardiovascular,silver,
Gastroenteritis - Mild Dehydration,7,General weakness,Cardiovascular,rule,DEHYDRATION
66 yo male chief complaint of vomiting,257,Nausea and/or vomiting,Gastrointestinal,silver,
pt sent from first hope for tachycardia and ams.,5,Palpitations/irregular heart beat,Cardiovascular,silver,
TOV urinary retention,306,Urinary retention,Genitourinary,silver,
CM,999,Unknown,General and Minor,silver,
Uncrontrolled twitching in his legs,408,Tremor,Neurologic,silver,
"leg twitching , pacemaker check,cov pos.",408,Tremor,Neurologic,silver,
<PERSON> nerve stim,999,Unknown,General and Minor,silver,
follow-up hospital discharge,855,Direct referral for consultation,General and Minor,silver,
ref by optom for cataract eval. c/o blurry VA OU. Hx: CEIOL OD <DATE_TIME> DGC,752,Overdose ingestion,Substance Misuse,rule,OVERDOSE
"FV BPH,Urinary Retention/Ref Prov",306,Urinary retention,Genitourinary,silver,
"Authorized in from <LOCATION> with Guardian related to N/V denies pain. possible seizure activity, patient denies",405,Seizure,Neurologic,silver,
"pt transferred from another hospital for body twitching that lasted <DATE_TIME>. <PERSON> dc'd from this hospital <DATE_TIME> and went home. <PERSON> also states he fell <DATE_TIME>. denies loc, speech is clear, gait is steady, no neuro deficits noted",408,Tremor,Neurologic,silver,
"Pt BIBA from <PERSON> airport. Pt was discharged <DATE_TIME> from and was scheduled to fly back to <LOCATION> <DATE_TIME>, but developed nausea and vomiting before the flight left; brought back to <LOCATION>.",257,Nausea and/or vomiting,Gastrointestinal,silver,
"Pt was seen and discharged from the <PERSON> <DATE_TIME> and has continued to have nausea and vomiting since discharge.Pt was prescribed <DATE_TIME> of <LOCATION>, but took them <DATE_TIME> and <DATE_TIME>. Pt scheduled to fly back home <DATE_TIME>. Recent admission.",257,Nausea and/or vomiting,Gastrointestinal,silver,
"Cystoscopy/Labs,Image:UA/CS,UX",999,Unknown,General and Minor,silver,
"F/u LBBB, PAF: NICM, labs, device check",999,Unknown,General and Minor,silver,
"Pt reports nausea and vomiting <DATE_TIME>. <PERSON> has an appointment at Urology at <DATE_TIME> for ""prostate check"". Pt tremelous and shaky in triage. <PERSON> catheter in place.",257,Nausea and/or vomiting,Gastrointestinal,silver,
"Pt sent to <PERSON> from Urology, ""I got infection"", pain to area, patient expresses frustration, not understanding why he can't take oral medication and stay in his room or go home. Pt alert, ambulates steadily w/ cane, escorted by spouse, <PERSON>.",999,Unknown,General and Minor,silver,
Penile pain x1 week & has infection to same DX by urologist. States pain is intolerable. Pt is difficult historian & c/o multiple issues. Has <PERSON> in place.,304,Penile swelling,Genitourinary,silver,
"Alert, ambulatory. IN town for appointments. Here <DATE_TIME> for medication refill.Sitting comfortably in triage. Here for med refill only <DATE_TIME>",861,Prescription/medication request,General and Minor,silver,
pt has indwelling <PERSON>. being treated for uti with abx. started vomiting <DATE_TIME>. feels weak.,257,Nausea and/or vomiting,Gastrointestinal,silver,
"WAs here, didnt want to wait. ""been sick"", vomiting <DATE_TIME>. Wife providing info, all over the place. Takes SZR meds as prescribed. ""Had long seizre <DATE_TIME>"". Feeling weak. Pt groaning.",405,Seizure,Neurologic,silver,
"Ref: short-term hospital follow up, seen for seizure, N/V groin abscess. Referred by: <PERSON>, <PERSON>, <LOCATION>",709,Localized swelling/redness,Skin,rule,LOCALIZED_INFECTION
"NP ?COPD, tobacco, pneumonectomy, PFTs",651,Shortness of breath,Respiratory,silver,
defib fired,1,Cardiac arrest (non-traumatic),Cardiovascular,silver,
"seizures, head injury",405,Seizure,Neurologic,silver,
Hosp D/c,865,Post-operative complications,General and Minor,silver,
"AMS, possible fall",401,Altered level of consciousness,Neurologic,silver,
s/p ablation for afib/flutter,5,Palpitations/irregular heart beat,Cardiovascular,rule,AFIB_RVR
"Pt BIBA. Pt with pacemaker revision <DATE_TIME>. Pt now with chest pain starting <DATE_TIME>. States ""it hurts at the pacemaker site"". NAD. A&Ox4.",3,Chest pain—cardiac features,Cardiovascular,silver,
"biba from home c/o chest pain, sob. was seen for same <DATE_TIME> <DATE_TIME>. has pacemaker. given 162 mg aspirin and 2 sprays nitroglycerine enroute without relief. pain <DATE_TIME>. pt <PERSON>. reports dizziness/weakness, nausea",3,Chest pain—cardiac features,Cardiovascular,silver,
"c/c difficulty urinating, states, ""I need a catheter."" Pt last urinated <DATE_TIME>, ""I was able to get a few drops out."" Pt denies urinary pain/ burning or fullness, pt self caths at home but doesn't have any catheters with him.",306,Urinary retention,Genitourinary,silver,
"AMS, GLF",401,Altered level of consciousness,Neurologic,silver,
"Seen in <PERSON> at <DATE_TIME> for near syncope, EKG normal but elevated troponin of 344. Given 20mg Lisinopril and 25mg Metoprolol. I"" nitro on L chest. 81 ASA and 1 mg Ativan give <DATE_TIME>. Heparin at <DATE_TIME>.",8,Syncope/pre-syncope,Cardiovascular,silver,
"Pt states HA that started <DATE_TIME> with constant dizziness and N+V. Just DC from <LOCATION> <DATE_TIME> d/t NSTEMI, has no cards followup. new HF dx. C/o field cut after cath, MRI was neg. States shes on new meds as well. steady gait.",3,Chest pain—cardiac features,Cardiovascular,rule,STEMI_NSTEMI
HF/ <PERSON>,999,Unknown,General and Minor,silver,
Vitals,999,Unknown,General and Minor,silver,
"Authorized in from <LOCATION> with Guardian related to AMS over <DATE_TIME>. At 1800 patient went into v-tack defib at 200. epi x 4, 100mg lido, 1mg Atropine. in <DATE_TIME>, pea and Atropine. defib x 6. called on arrival. patients family dnr",1,Cardiac arrest (non-traumatic),Cardiovascular,silver,
Mid- Lowr R side Back Injury from fall,552,Traumatic back/spine injury,Orthopedic,silver,
78 yo male CC: slipped and Fell on back hit a battery,552,Traumatic back/spine injury,Orthopedic,silver,
pt fell on a piece of wood injurying lower back.,552,Traumatic back/spine injury,Orthopedic,silver,
"Other Urinary Problem, Bleeding from Catheter",306,Urinary retention,Genitourinary,silver,
64 YO Male CC: Bleeding from two way catheter,306,Urinary retention,Genitourinary,silver,
"64 YO Male CC: was in clinic <DATE_TIME> for catheter issues and bleeding, here for worsening condition",306,Urinary retention,Genitourinary,silver,
Other Urinary Problem,306,Urinary retention,Genitourinary,silver,
distended bladder x <DATE_TIME>,306,Urinary retention,Genitourinary,silver,
64 yo male CC: VTC appointment with PCP,999,Unknown,General and Minor,silver,
c/o chest pain <DATE_TIME>. was seen in village clinic and given medicaton (ASA and morphine),3,Chest pain—cardiac features,Cardiovascular,silver,
"NSTEMI from <LOCATION> on heparin drip. Pt denies CP/SOB at this time. <PERSON> appears comfortable, NAD, breathing unlabored, heparin running.",3,Chest pain—cardiac features,Cardiovascular,rule,STEMI_NSTEMI
Hosp D/C s/p CABG,865,Post-operative complications,General and Minor,rule,POST_OP
f/u surgery and <PERSON> change.,856,Dressing change,General and Minor,silver,
s/p cardiac surgery f/u,865,Post-operative complications,General and Minor,rule,POST_OP
"sob, unable to take medication due to vomiting x <DATE_TIME>. Pale,",651,Shortness of breath,Respiratory,silver,
PT BIB GF for <PERSON> <DATE_TIME> SBO and sepsis intubated and on pressors . pt is slated to go to OR followed by ICU. <LOCATION> and CCU MD @ bedside.,999,Unknown,General and Minor,rule,SEPSIS_UNKNOWN
<DATE_TIME> male with chest pain stated at3:30 pm <DATE_TIME>,3,Chest pain—cardiac features,Cardiovascular,silver,
Other Cause of Chest Pain,4,Chest pain—non-cardiac features,Cardiovascular,silver,
EKG and Urine Culture,859,Imaging tests,General and Minor,silver,
<DATE_TIME> male came in for abdominal pain,251,Abdominal pain,Gastrointestinal,silver,
"intermittant abd pain for <DATE_TIME> per RR provider report, <PERSON> denies pain at this time, emesis x2 <DATE_TIME>",251,Abdominal pain,Gastrointestinal,silver,
"BIB guardian flight from <PERSON> for abd pain x2 days, diagnosed w pancreatitis/gallstones in <LOCATION>. no pain curently. pt is HOH. hx htn. abx/pain meds given in <LOCATION>. reports one episode on vomiting",251,Abdominal pain,Gastrointestinal,silver,
FV - choledoco and cholangitis and is s/p ERCP,865,Post-operative complications,General and Minor,rule,POST_OP
FV: dilated pancreatic duct; fv after labs,863,Abnormal lab values,General and Minor,silver,
"runny nose, sore all over",154,URTI complaints,ENT - Nose,silver,
"cough, runny nose,",653,Cough/congestion,Respiratory,silver,
Ak Reg Dischage; seen in walk in clinic,999,Unknown,General and Minor,rule,ACUTE_RENAL_FAILURE_UNKNOWN
Follow up Blood Pressure; Bring all medications with you to appt,6,Hypertension,Cardiovascular,silver,
Follow Up to ensure Stabilized Blood Pressure to release to go home,6,Hypertension,Cardiovascular,silver,
Referral - NSTEMI,3,Chest pain—cardiac features,Cardiovascular,rule,STEMI_NSTEMI
"f/u hOSP d/c, NSTEMI",3,Chest pain—cardiac features,Cardiovascular,rule,STEMI_NSTEMI
"<NRP> m physically assaulted by 3 other individuals about 4am, patient is intoxicated",802,Major trauma—blunt,Trauma,silver,
"Head Injury, possible facial fractures to forehead/nose",407,Head injury,Neurologic,silver,
"pt authorized in for assault in <LOCATION>, multiple contusions and hematomas to the head rt eye swollen shut, pt states + loc, no n/v",802,Major trauma—blunt,Trauma,silver,
Follow up Open reduction of left zygomatic arch fracture,865,Post-operative complications,General and Minor,silver,
R knee,555,Lower extremity pain,Orthopedic,silver,
"59yo F follow up after CSI procedure in <LOCATION>, says not able to use knee now and in pain and swollen",865,Post-operative complications,General and Minor,silver,
musculoskeletal 14: other musculoskeletal problem,866,Minor complaints NOS,General and Minor,silver,
"pt c/o rt knee pain after having cortizone injection in same on <DATE_TIME>, now c/o redness and swelling also, amb with crutches",709,Localized swelling/redness,Skin,silver,
Right knee pain,555,Lower extremity pain,Orthopedic,silver,
Transfer from <PERSON> for right knee surgery.,865,Post-operative complications,General and Minor,silver,
F/U I&D R Knee,710,Wound check,Skin,silver,
FV right knee MSSA septic arthritis following steroid injection,558,Joint(s) swelling,Orthopedic,rule,SEPTIC_ARTHRITIS
"wnd ck R knee , DOS: <DATE_TIME>",710,Wound check,Skin,silver,
FV R knee MSSA septic arthritis,558,Joint(s) swelling,Orthopedic,rule,SEPTIC_ARTHRITIS
F/U I&D R Knee; <DATE_OF_SERVICE>,710,Wound check,Skin,silver,
"SP KNEE SURGRY 4 WEEKS <PERSON>. PAIN, SWELLING, REDNESS AROUND INCISION SITE, HAS PICC. PAIN IS WORSE WITH LYING DOWN, ABLE TO AMBULATE W/ 1 CRUTCH.",865,Post-operative complications,General and Minor,silver,
"<DATE_TIME>, right hip and RFA pain",555,Lower extremity pain,Orthopedic,silver,
"<LOCATION> from <LOCATION>, right femur and right arm fx. 100 fentanyl given en route",802,Major trauma—blunt,Trauma,silver,
pt. is here for a follow-up for wrist fracture and hip fracture,557,Lower extremity injury,Orthopedic,rule,FEMUR_FRACTURE
"BIBA from <LOCATION> for SBO. NG tube in place. Pt c/o <DATE_TIME> <PERSON>. GCS 15 upon arrival, communicative. Pt ambulated independently from stretcher to bed. <PERSON>, HTN, HOH.",251,Abdominal pain,Gastrointestinal,rule,BOWEL_OBSTRUCTION
"s/p diag lap, lysis of adhesions to reduce small bowel obstruction",865,Post-operative complications,General and Minor,rule,POST_OP
F/u post-op,865,Post-operative complications,General and Minor,rule,POST_OP
Authorized in from <LOCATION> with Guardian related to chronic SOB,651,Shortness of breath,Respiratory,silver,
Nausea and vomiting. Says she can't eat. Vomit 2 timews in <DATE_TIME>. Diarrhea once in <DATE_TIME>. No blood in either. Started <DATE_TIME>. Says has to eat very little at a time because she doesn't feel like eating. Says it's her stomach.,257,Nausea and/or vomiting,Gastrointestinal,silver,
1. Gastroenteritits 2. Mild Dehydration,7,General weakness,Cardiovascular,rule,DEHYDRATION
68 yo female here for recheck of gastroenteritis,866,Minor complaints NOS,General and Minor,silver,
Digestive 6: Gastroenteritis,866,Minor complaints NOS,General and Minor,silver,
"fever, non-productive cough, diarrhea x <DATE_TIME>, chills, shortness of breath. Treated at the village for gastritis.",852,Fever,General and Minor,silver,
"BIB from <LOCATION> for upper GI bleed. Per report pt vomited blood <DATE_TIME>. HG low, 2 Units PRBC given. Pt A&O. CT finding shows aortic aneurysm, Pt resting in bed. On cardiac monitoring",260,Blood in stool/melena,Gastrointestinal,rule,GI_BLEED
"FV exam; GERD, upper GI bleeding, consent",260,Blood in stool/melena,Gastrointestinal,rule,GI_BLEED
ref adnexal mass,256,Groin pain/mass,Gastrointestinal,silver,
"hospital follow up Req. <PERSON>, <LOCATION>",855,Direct referral for consultation,General and Minor,silver,
"Tripped at home and couldn't get back up <DATE_TIME>. Tried to resolve at home before coming in, but did not get up from the floor nor walked since it happened. Landed onto left side of lower body, hip area first.",551,Back pain,Orthopedic,silver,
"Musculoskeletal Pain, Possible Closed Facture: Left Hip",555,Lower extremity pain,Orthopedic,silver,
s/p left hip fx fell <DATE_TIME> at <DATE_TIME>. + covid in <DATE_TIME>.,865,Post-operative complications,General and Minor,rule,POST_OP
c/o left hip pain. fall on left side. left leg is shorter and rotated.,555,Lower extremity pain,Orthopedic,silver,
migraine headache other cause of abdominal pain,404,Headache,Neurologic,silver,
80yo M wife called and said he is in pain and need health aide,866,Minor complaints NOS,General and Minor,silver,
"Abdominal pain, headache. Pt states chronic headache, States ""I had chest pain"" no reported at triage. Pt appears to be in no distress. EKG in triage.",251,Abdominal pain,Gastrointestinal,silver,
1.whole right of body side numb 2. lost 30 pounds 3. lost taste and smell,410,Sensory loss/paresthesia,Neurologic,silver,
"BIB medea for right-sided weakness x <DATE_TIME> per patient report in triage. Also endorses loss of smell, taste, 30 lb weightloss, night sweats since <DATE_TIME>. Covid test negative <DATE_TIME>, per patient. Pt reports hx of TB in childhood.",851,Exposure to communicable disease,General and Minor,rule,COVID_EXPOSURE
village vitals,999,Unknown,General and Minor,silver,
"<DATE_TIME> <PERSON> was making coffee just earlier, his left side of his body got weak and he fell down, family moved him to the bed, then called for emergency homevisit because he was unable to move, by the time I arrived he was sitting leaning on his left,..",409,Extremity weakness/symptoms of CVA,Neurologic,silver,
Possible Stroke High Risk Health Conidtion (Hx of 3 light strokes <DATE_TIME>),409,Extremity weakness/symptoms of CVA,Neurologic,rule,CVA_STROKE
brought in via medivac for stroke like symptoms,409,Extremity weakness/symptoms of CVA,Neurologic,rule,CVA_STROKE
"Increase left side weakness <DATE_TIME>, has been intermittent in severity, reports being dizzy 5min before landing w/ nonfunctioning left arm, has since resolved, currently on antibiotics for h-pilori.",409,Extremity weakness/symptoms of CVA,Neurologic,silver,
follow up plaque psoriasis,711,Other skin conditions,Skin,silver,
"authorized to ER due to pressure on top of head for <DATE_TIME>, diff swallowing and entire abd pain for <DATE_TIME>",106,Difficulty swallowing/dysphagia,ENT - Mouth/Throat/Neck,silver,
"Pt. is a trasnfer who origianlly presented to the hospital for headaches and severe abdominal pain. CT ABD/Pelvis reported results were a Pneumoperitoneum, Right pelvic abscess 2.6c,, and a right common iliac artery dissecting aneueryism",999,Unknown,General and Minor,rule,PELVIC_ABSCESS_UNKNOWN
"FV - s/p ex lap, sigmoidectomy, colostomy, feeding",865,Post-operative complications,General and Minor,rule,POST_OP
"FV - s/p ex lap, sigmoidectomy",865,Post-operative complications,General and Minor,rule,POST_OP
chest pain/SOB,3,Chest pain—cardiac features,Cardiovascular,silver,
"ABD Pain, Back / Leg",251,Abdominal pain,Gastrointestinal,silver,
reports having trouble with left eye vision with blurriness,504,Visual disturbance,Ophthalmology,silver,
"F/U Skyrizi, latent TB",866,Minor complaints NOS,General and Minor,silver,
resolved chest pain this AM,3,Chest pain—cardiac features,Cardiovascular,silver,
"arrived via medivac with complaint of hearing voices. Patient states ""my <PERSON> is not working right"". Fell x <DATE_TIME>",353,Hallucinations/delusions,Mental Health,silver,
stroke like symptoms (R side),409,Extremity weakness/symptoms of CVA,Neurologic,rule,CVA_STROKE
"BIB Lifemed from <LOCATION> for ischemic stroke. Patient A&O x 4, right sided weakness, right sided facial droop. LKWT <DATE_TIME>, went to <PERSON> at <PERSON> @ 0500.",409,Extremity weakness/symptoms of CVA,Neurologic,rule,CVA_STROKE
pt with chest pain for <DATE_TIME> worse <DATE_TIME>. sob.,3,Chest pain—cardiac features,Cardiovascular,silver,
"Pt brought in from <LOCATION> w/ reports of NSTEMI, w/ borderline EKG. Pt given medications pta, w/ some new visual hallucinations s/p Fentanyl and Ativan on transport",3,Chest pain—cardiac features,Cardiovascular,rule,STEMI_NSTEMI
"weakness, fever, cough, painful inspiration. ""getting worse.""",7,General weakness,Cardiovascular,silver,
medevaced in for difficulty breathing and generalized pain x <DATE_TIME>,651,Shortness of breath,Respiratory,silver,
Pt with recent open heart surgery had sudden swelling to the left forearm. Firm and extremely painful.,10,Bilateral leg swelling/edema,Cardiovascular,silver,
chest pain x <DATE_TIME> with radiation to left shoulder posterior dull / pressure pain. also sob,3,Chest pain—cardiac features,Cardiovascular,silver,
"66 y/o F here for <DATE_TIME> exam due to ARMD OU, PT reports worsening vision.",504,Visual disturbance,Ophthalmology,silver,
"FV + prolia injeciton, labs",866,Minor complaints NOS,General and Minor,silver,
pt with fever and cough x <DATE_TIME>. pos for flu. ekg changes in clinic,154,URTI complaints,ENT - Nose,silver,
Follow up visit,866,Minor complaints NOS,General and Minor,silver,
"Woke up SOB twice <DATE_TIME>, chest pain <DATE_TIME> from what she thought was gas.",3,Chest pain—cardiac features,Cardiovascular,silver,
"Woke up SOB twice <DATE_TIME>, chest pain <DATE_TIME> from what she thought was gas.",651,Shortness of breath,Respiratory,silver,
"Patient woke up SOB twice <DATE_TIME>, came on <DATE_TIME>",651,Shortness of breath,Respiratory,silver,
Pt <PERSON> for SOB that developed at <DATE_TIME>; pt has had a productive cough for <DATE_TIME>,651,Shortness of breath,Respiratory,silver,
Authorized in from <LOCATION> and discharged from inpatient <DATE_TIME> sent to hotel is w/o oxygen and breathing treatments son sob has increased,651,Shortness of breath,Respiratory,silver,
90 yo female SOB for <DATE_TIME> or so,651,Shortness of breath,Respiratory,silver,
pt comes in by medevac from <LOCATION> with increased shortness of breath at home. pt is on <DATE_TIME> at home.,651,Shortness of breath,Respiratory,silver,
SOB <DATE_TIME> and <DATE_TIME> also complaining of peeing all time,651,Shortness of breath,Respiratory,silver,
Authorized for possible pneumonia,154,URTI complaints,ENT - Nose,silver,
arrived via guardian w/ c/o SOB.,651,Shortness of breath,Respiratory,silver,
acute resp. distress. rr 30's,652,Respiratory arrest,Respiratory,silver,
"pt transferred from <LOCATION> for increase in weakness/AMS, had stroke on <DATE_TIME> with decline since. DNR/DNI, BP trending down",409,Extremity weakness/symptoms of CVA,Neurologic,rule,CVA_STROKE
F/up Hospital d/c,855,Direct referral for consultation,General and Minor,silver,
"Fv COPD/bronchiectasis flare, moderate AS with recent CHF exacerbation.",999,Unknown,General and Minor,rule,CHF_UNKNOWN
Self Ref: medication refill just moved to <LOCATION>,861,Prescription/medication request,General and Minor,silver,
"f/u AS, ECHO",855,Direct referral for consultation,General and Minor,silver,
follow up after hopsital visit,855,Direct referral for consultation,General and Minor,silver,
Upper Abdominal (epigastric) Pain,251,Abdominal pain,Gastrointestinal,silver,
68 YO Female CC: pain <PERSON> over stomach for <DATE_TIME>,251,Abdominal pain,Gastrointestinal,silver,
"Authorized in from <LOCATION>, for <DATE_TIME> now constant lower abdominal pain, thninks after eating Mukcuk with some nausea. non-tender",251,Abdominal pain,Gastrointestinal,silver,
"BIB Gaurdian air r/t appx 10 days of abd pain and nausea. States pain began after a meal of ""muktuk"" appx <DATE_TIME>. Pt seen via <LOCATION> ED <DATE_TIME> with NG tube placed. Presents comforatble upon arrival.",251,Abdominal pain,Gastrointestinal,silver,
68 yo female CC: heart burn started <DATE_TIME> no chest pain (Not taking regular chronic medications because she is taking stinkweed juice),251,Abdominal pain,Gastrointestinal,silver,
Upper ABD Pain- Heartburn/GERD,251,Abdominal pain,Gastrointestinal,silver,
"presents with dx of GI bleed..given 1 unit of <LOCATION>, 80 of protonix and a total of 1250 cc ns . - covid",260,Blood in stool/melena,Gastrointestinal,rule,GI_BLEED
blood in stool,260,Blood in stool/melena,Gastrointestinal,silver,
"pt here per ems after falling <DATE_TIME>, c/o rt hip pain and rt elbow pain , rt elbow is swollen and increased pain when extended, + pulses and sensation, rt hip is tender , le is shortened , + pulses and sensation to same,",557,Lower extremity injury,Orthopedic,silver,
"BIB LifeMed from <LOCATION> for right hip injury, right elbow injury s/p falling on theice outside of her home. Pt alert, presents w/ right elbow hematoma, arrived w/ PIV in-place, <PERSON> in-place.",865,Post-operative complications,General and Minor,rule,POST_OP
RUQ abdominal pain <DATE_TIME>,251,Abdominal pain,Gastrointestinal,silver,
Labs,863,Abnormal lab values,General and Minor,silver,
hospital IP follow up,865,Post-operative complications,General and Minor,silver,
"While at rest <DATE_TIME> developed crushing generalized chest pain <PHONE_NUMBER> with nausea/vomiting, sob and weakness. HX of past MI",3,Chest pain—cardiac features,Cardiovascular,silver,
f/u PAMC discharge for takotsubo CM; no cardiac complaints other than gets tired easily,7,General weakness,Cardiovascular,silver,
"body is jerking, this happens before she has a seizure- EVERYTIME. tested POSITIVE for <PERSON> on <DATE_TIME>",405,Seizure,Neurologic,silver,
Med Refill,861,Prescription/medication request,General and Minor,silver,
abdominal pain possible <NRP>,251,Abdominal pain,Gastrointestinal,silver,
"49M here for abdomen pain, had fever, and throwing up",251,Abdominal pain,Gastrointestinal,silver,
"pt authorized in for rlq pain since <DATE_TIME> this am, no n/v/d, normal bms, hematuria",301,Flank pain,Genitourinary,silver,
Pre op lithotripsy,855,Direct referral for consultation,General and Minor,silver,
c/o abd pain left side 10 am. <DATE_TIME>,251,Abdominal pain,Gastrointestinal,silver,
"GI Bleed BIB Guardian Flight, Pt states ""I have been bleeding in my poop for <DATE_TIME>"" Pt had BM in ER Bloody and black stool. Pt A&Ox4, Weak, pale, Airway intact. Reported Syncope x1 while on toilet",260,Blood in stool/melena,Gastrointestinal,rule,GI_BLEED
Pt arrives from <LOCATION> via Guardian Flight following dizziness and black stools. Hx of upper GI bleeding in <DATE_TIME> related to Motrin use. 4 liters fluid prior to arrival. <PERSON> awake and alert on arrival.,260,Blood in stool/melena,Gastrointestinal,rule,GI_BLEED
FV hospital discharge,865,Post-operative complications,General and Minor,silver,
"pt alert,oriented x4, ambulatory. pt c/o hematuria x2 days. <LOCATION> recently admitted for rectal bleed, discharged <DATE_TIME>.",302,Hematuria,Genitourinary,silver,
Recently discharged from hospital <DATE_TIME> after admission for gi bleed. C/o lightheadedness and fatigue <DATE_TIME>. Positive covid test <DATE_TIME>. seen in <PERSON> <DATE_TIME> for recurrent gi bleeding and discharged.,851,Exposure to communicable disease,General and Minor,rule,COVID_EXPOSURE
FV ED,999,Unknown,General and Minor,silver,
G8P5 17 <DATE_TIME> leak of fluid,457,"Pregnancy issues, <20 weeks",OB/GYN,silver,
PPROM,457,"Pregnancy issues, <20 weeks",OB/GYN,silver,
"pt calls reporting having heavy bleeding, is feeling dizzy, BF is driving her to hospital at present, coming from courtyard marriot. reports is 18w pregnant with confirmed SROM <DATE_TIME>.",457,"Pregnancy issues, <20 weeks",OB/GYN,silver,
vaginal bleeding. SROM <DATE_TIME>. Pt reports soaking thru pads,455,Vaginal bleed,OB/GYN,silver,
Pregnancy Loss FV and Nexplanon Placement,457,"Pregnancy issues, <20 weeks",OB/GYN,silver,
f/u SAB,866,Minor complaints NOS,General and Minor,silver,
f/u thyroid,866,Minor complaints NOS,General and Minor,silver,
"For <DATE_TIME> now, cough, weakness/fatigue, chest discomfort, some change in taste and smell, hypoxia, <LOCATION>",651,Shortness of breath,Respiratory,silver,
"pt brought in from <LOCATION> due to respiratory failure, pt is positive <PERSON> and has had an increase demand for oxygen, pt presents on <PERSON> with oxygen saturation of 93%",652,Respiratory arrest,Respiratory,silver,
"<DATE_TIME> slipped and fell, c/o left upper leg pain",555,Lower extremity pain,Orthopedic,silver,
"Flown in from <LOCATION>, in fight <DATE_TIME>, kicked in lef6 thigh, painful and significantly swollen, concerns over compartment syndrome.",555,Lower extremity pain,Orthopedic,silver,
"Pt BIB EMS D/T LLE S/P ""standing too long."" Pt states he got punched in the leg <DATE_TIME> and now standing on it hurts. Pt in W/C. RR even, nonlabored",865,Post-operative complications,General and Minor,rule,POST_OP
Suicidal gesture right shoulder injury,351,Depression/suicidal/deliberate self-harm,Mental Health,rule,SUICIDAL
1. Failed suicide attempt 2. Musculoskeletal Shoulder injury,351,Depression/suicidal/deliberate self-harm,Mental Health,rule,SUICIDAL
"M 30 yo here for suicidal attempt with a gun, police is involved and bought him to clinic",351,Depression/suicidal/deliberate self-harm,Mental Health,rule,SUICIDAL
Strep Throat,154,URTI complaints,ENT - Nose,silver,
"30 yo male chief complaint of fever, body aches",852,Fever,General and Minor,silver,
<PERSON> test (outpatient in-house <PERSON>,866,Minor complaints NOS,General and Minor,silver,
arrived via EMS 100% NRB. Pt. moving all ext.,999,Unknown,General and Minor,silver,
trauma 1 gsw,801,Major trauma—penetrating,Trauma,rule,MAJOR_TRAUMA_PENETRATING
"FV - s/p ex lap, left diaphragm repair, packing of liver laceration",865,Post-operative complications,General and Minor,rule,POST_OP
"bib dad from pt housing for fever. dc from <LOCATION> after gsw <DATE_TIME>. told to return for fever. pt was sweaty, warm in room. has no thermometer. afebrile in triage. dad states they will leave and keep appt in am. pt has no new complaints",801,Major trauma—penetrating,Trauma,rule,MAJOR_TRAUMA_PENETRATING
"FV - s/p ex lap, left diaphragm repair",865,Post-operative complications,General and Minor,rule,POST_OP
bleeding from abd.,259,Vomiting blood,Gastrointestinal,silver,
pt comes in with abd pain on right upper side.,251,Abdominal pain,Gastrointestinal,silver,
Pt BIB Guardian D/T Rt sided hemopneumothorax S/P bike accident that occured on <DATE_TIME>. Pt not improving with chest tube removal and sent here to for surgery consult. Pt on <DATE_TIME> via <LOCATION>. RR 28. Pt C/O Rt sided ABD pain,865,Post-operative complications,General and Minor,rule,POST_OP
f/u hospital,855,Direct referral for consultation,General and Minor,silver,
: Empyema of r of left chesr VATS decortication,865,Post-operative complications,General and Minor,silver,
snowmachine accident. see trauma paperwork,802,Major trauma—blunt,Trauma,silver,
"Snow machine crash around <DATE_TIME>, with pain in L spine sacral area, left ankle, No LOC, No neuro deficits",552,Traumatic back/spine injury,Orthopedic,silver,
f/u after snow machine accident <DATE_TIME>,865,Post-operative complications,General and Minor,silver,
"Weakness, malaise, ocassional cough",7,General weakness,Cardiovascular,silver,
vitals for labs,863,Abnormal lab values,General and Minor,silver,
<NRP> female with neck pain for <DATE_TIME>,104,Neck swelling/pain,ENT - Mouth/Throat/Neck,silver,
Neck Pain with Muscle Strain,104,Neck swelling/pain,ENT - Mouth/Throat/Neck,silver,
UDS Study,863,Abnormal lab values,General and Minor,silver,
musculoskeletal 5. sprain,557,Lower extremity injury,Orthopedic,silver,
"44yo F recheck L wrist sprain, last seen for this <PHONE_NUMBER>, not given medication due to being in <LOCATION>/personal reasons",710,Wound check,Skin,silver,
"44yo F found holding onto the door and fell face forward, daughter in law called on call phone",407,Head injury,Neurologic,silver,
acute drug use problem,751,Substance misuse/intoxication,Substance Misuse,silver,
attempted suicide via heroin (2 grams) and Hanging.,351,Depression/suicidal/deliberate self-harm,Mental Health,rule,SUICIDAL
<PERSON> and diarrhea blood,260,Blood in stool/melena,Gastrointestinal,silver,
"pt bib Gaurdian from <LOCATION> for GI bleed. pt c/o abd pain started 0230 with n/v/d coffee ground. pt aaoX4. skin jaundice, warm, dry. cap refill<2. pt given 1 unit PRBC in flight",260,Blood in stool/melena,Gastrointestinal,rule,GI_BLEED
kidney cancer,999,Unknown,General and Minor,silver,
itchy rash on his legs.,708,Rash,Skin,silver,
mild allergic reaction acute dermatitis,657,Allergic reaction,Respiratory,rule,ALLERGIC_REACTION
Vidyo with <PERSON>,999,Unknown,General and Minor,silver,
LOC with vomiting of blood,259,Vomiting blood,Gastrointestinal,silver,
F/U AFTER HOSPITALIZATION,999,Unknown,General and Minor,silver,
"Pt BIB Medvac from <LOCATION> for melena and hematemesis. per pt, it has been starting since <DATE_TIME>/felt dizziness and he is heavy drinker, in <LOCATION>, <PERSON>/PPI/LR/1u of RBC given to pt, en route, another 1U RBC given to pt, his Hgb is 9.5. AOx4, RA",260,Blood in stool/melena,Gastrointestinal,rule,GI_BLEED
"""puking blood""",259,Vomiting blood,Gastrointestinal,silver,
f/u chronic conditions,999,Unknown,General and Minor,silver,
"Authorized in from <LOCATION> by Guardian, related to intentional overdose, of muktiple home medications at <DATE_TIME>. States tragic recent events in life. Hx of past suicidal attempts",351,Depression/suicidal/deliberate self-harm,Mental Health,rule,SUICIDAL
"vomiting x <DATE_TIME>, abdominal pain",251,Abdominal pain,Gastrointestinal,silver,
CHRONIC CARE/ER FOLLOW UP,999,Unknown,General and Minor,silver,
CHRONIC CARE,999,Unknown,General and Minor,silver,
Fall at <DATE_TIME>.. pain in left forearm and elbow. pain in left leg from hip to knee. received NS 1 L and 4 mg morphine at the clinic. received 0.5 dilaudid and 4 mg zofran from Guiardian flight crew.,557,Lower extremity injury,Orthopedic,silver,
"CC: fracture of L radius and ulna, fracture in L hip 1430 <DATE_TIME> pt had fall from standing, pt reports dizziness before fall, no head injury, , no thinners nerve block in <LOCATION> hip at 2250 vitals stable, pt A/Ox4",557,Lower extremity injury,Orthopedic,silver,
"CC: fracture of L radius and ulna, fracture in L hip 1430 <DATE_TIME> pt had fall from standing, pt reports dizziness before fall, no head injury, , no thinners nerve block in <LOCATION> hip at 2250 vitals stable, pt A/Ox4",802,Major trauma—blunt,Trauma,silver,
F/u L hip/wrist,856,Dressing change,General and Minor,silver,
"Diabetes follow up, <DATE_TIME> home visit",861,Prescription/medication request,General and Minor,silver,
Follow up with CGM,861,Prescription/medication request,General and Minor,silver,
pt was stuck in left foot on <DATE_TIME>. now swollen red and hot.,12,Unilateral reddened hot limb,Cardiovascular,silver,
"bib flight team from <LOCATION>, <LOCATION> consult. ams with left leg infx. eyes closed even resps, aroused with light touch. skin warm pink dry.",402,Confusion,Neurologic,silver,
F/u L LE,856,Dressing change,General and Minor,silver,
Self Ref: Pap smear,866,Minor complaints NOS,General and Minor,silver,
Suicide Attempt- Patient found hanging. Alert,351,Depression/suicidal/deliberate self-harm,Mental Health,rule,SUICIDAL
"<DATE_TIME> male attempted suicide, found hanging in the school gymansium",351,Depression/suicidal/deliberate self-harm,Mental Health,rule,SUICIDAL
pt unsuccesfully hung himself in the gym. pt ws found by his father and cut down.,351,Depression/suicidal/deliberate self-harm,Mental Health,silver,
"SI, ETOH",351,Depression/suicidal/deliberate self-harm,Mental Health,silver,
N/V x <DATE_TIME>,257,Nausea and/or vomiting,Gastrointestinal,silver,
Tranfer for elevated LFT's; <DATE_TIME> lost appetite and started vomiting; hx pf drinking; last drink <DATE_TIME>; aox4; gcs 15; denies any complaints at this time,257,Nausea and/or vomiting,Gastrointestinal,silver,
Pt brought into ED in hospital w/c w/ family c/o nausea. Reports he was d/c'd from hospital <DATE_TIME> for liver problems. Reports nausea started <DATE_TIME> but he has not taken his nausea medication. Reasoning unclear. Denies any other sx.,257,Nausea and/or vomiting,Gastrointestinal,silver,
Referral,855,Direct referral for consultation,General and Minor,silver,
Right sided abd/flank pain x <DATE_TIME>. denies urinary complaints. +n/v,301,Flank pain,Genitourinary,silver,
At <DATE_TIME> developed headache with vision changes in left eye. recent MI. Ha has resolved,404,Headache,Neurologic,silver,
Ref: post discharge FV,865,Post-operative complications,General and Minor,silver,
"BIB LM for GI bleed, COVID, and NSTEMI. Presented in <PERSON> at <PERSON> for general malaise. Denies any symptoms, or pain. Pt ambulated to rm w/o difficulty. NAD noted",3,Chest pain—cardiac features,Cardiovascular,rule,STEMI_NSTEMI
"FV N & Iron deficiency, <PERSON> complications",864,Pallor/anemia,General and Minor,silver,
Left sided weakness,409,Extremity weakness/symptoms of CVA,Neurologic,silver,
"Stroke, left sided weakness coming from OSH, LKW <DATE_TIME> at 2300. trops + but trending down, pt head CT and <LOCATION> neg for acute findings at OSH, pt arrives A+Ox4, IVx2 patent",409,Extremity weakness/symptoms of CVA,Neurologic,rule,CVA_STROKE
"pt had first radiation treatment for stomach ca <DATE_TIME>. felt queasy afterward, vomited one time. thinks there was blood in the vomit. skin pwd, pt in nad. next rad tx scheduled for <DATE_TIME>.",259,Vomiting blood,Gastrointestinal,silver,
right side weakness for <DATE_TIME> post fall and found on floor.,409,Extremity weakness/symptoms of CVA,Neurologic,silver,
<LOCATION> with cc Lt sided stroke with rt sided weakness. <PERSON> in place and IV placed. First onset ><DATE_TIME>.,409,Extremity weakness/symptoms of CVA,Neurologic,rule,CVA_STROKE
"SOB, generalized pain, intermittent fever, chills, light headedness, and fatigue",651,Shortness of breath,Respiratory,silver,
"left side weakness, pain in chest",409,Extremity weakness/symptoms of CVA,Neurologic,silver,
left leg numness that increased over <DATE_TIME>. pt states she hasnt take bp meds in <DATE_TIME>.,410,Sensory loss/paresthesia,Neurologic,silver,
Left side weakness,409,Extremity weakness/symptoms of CVA,Neurologic,silver,
"pt bib lifemed from selewak for MRI, pt has hx of bilat stroke with L side deficits. Started to have increased left side weakness <DATE_TIME> at <DATE_TIME> with numbness and tingling that has resolved. states HA on plane but denies at current.",409,Extremity weakness/symptoms of CVA,Neurologic,rule,CVA_STROKE
"Ref. for history of stroke, having recurrent symptoms without new stroke seen on imaging, carotid scan unconcerning, possible she's having hypotensive periods; placed order for ambulatroy BP monitoring, req. by <PERSON>, <LOCATION>",409,Extremity weakness/symptoms of CVA,Neurologic,rule,CVA_STROKE
FV Hosp discharge,865,Post-operative complications,General and Minor,silver,
Urinary Retention/Hesitancy,306,Urinary retention,Genitourinary,silver,
"Pt had u/s appt <DATE_TIME> in which <PERSON> was scanned from PCP appt, pt reports tech pushed to hard on abd and now has <PHONE_NUMBER> abd pain. Sitting in wc, color good, speaking clear, resp e/u, VSS. Pt reports wants ""torodal shot"" or something to help her rest.",251,Abdominal pain,Gastrointestinal,silver,
Lower Lt abd pain x2wks worse in the evenings,251,Abdominal pain,Gastrointestinal,silver,
FV for <LOCATION> and <PERSON> Visit,855,Direct referral for consultation,General and Minor,silver,
"C/o episodic, sharp ULQ abdominal pain, nasal congestion, dry mouth, sob. Saw PCP <DATE_TIME> for the same. ""When I start having the pain my arm, fingers, and face get numb.""",251,Abdominal pain,Gastrointestinal,silver,
"Multiple complaints; <PERSON> pain, back pain, LEFT leg pain/numbness thats chronic, cough, congestion, runny nose, states, ""my head is spinning."" In NAD, A&OX4, VSS, resp even & unlabored.",866,Minor complaints NOS,General and Minor,silver,
<DATE_TIME> female C/O LUQ pain,251,Abdominal pain,Gastrointestinal,silver,
Other Cause of Abdominal pain,251,Abdominal pain,Gastrointestinal,silver,
Recheck Abdominal Pain,251,Abdominal pain,Gastrointestinal,silver,
Follow Up abdominal pain,251,Abdominal pain,Gastrointestinal,silver,
"pt referred here from PCP for worsening chronic abd pain, long list of past medical problems. VSSpresents in WC",251,Abdominal pain,Gastrointestinal,silver,
pt comes to clinic c/o chronic back pain that has been on going for sometime. She was given gabipentin but evidently didn't pick it up from <LOCATION> i think. She says she is to have surgery to place a metal rod in her back. She is also having trouble,551,Back pain,Orthopedic,silver,
lower back pain spine degeneration,551,Back pain,Orthopedic,silver,
<DATE_TIME> female with shaking,405,Seizure,Neurologic,silver,
"pt brought in from village. back pain, seizures. hx of stroke.",409,Extremity weakness/symptoms of CVA,Neurologic,rule,CVA_STROKE
F/U,866,Minor complaints NOS,General and Minor,silver,
Other Cause of Abdominal Pain,251,Abdominal pain,Gastrointestinal,silver,
left side pain,251,Abdominal pain,Gastrointestinal,silver,
"<DATE_TIME> female follow up from yesterady left abdominal pain seen by <PERSON> and reproted. <PERSON> given .patient id taking her medication but still ha sabdominal discomfort at left which radiates to her back, has future appointments at <DATE_TIME>,",251,Abdominal pain,Gastrointestinal,silver,
other abd pain,251,Abdominal pain,Gastrointestinal,silver,
left side weakness,409,Extremity weakness/symptoms of CVA,Neurologic,silver,
numbness left arm,410,Sensory loss/paresthesia,Neurologic,silver,
"chronic abdominal pain,",251,Abdominal pain,Gastrointestinal,silver,
Recheck: abdominalPain,251,Abdominal pain,Gastrointestinal,silver,
<DATE_TIME> female C/O follow up abdominal,251,Abdominal pain,Gastrointestinal,silver,
left side pain on <PERSON>,555,Lower extremity pain,Orthopedic,silver,
<PERSON> pain upper left. pain with urination.,307,UTI complaints,Genitourinary,silver,
BIB guardian from Seliwek. Seizure. intubated,405,Seizure,Neurologic,silver,
"Pt had on eye injection <PERSON>, for macular degeneration at <DATE_TIME>. Shortly after injection pt felt sharp pain, feels like a foreign body, eye keeps watering.",503,"Foreign body, eye",Ophthalmology,silver,
"<DATE_TIME> female fell in her bathroom, did bump forehead to a table. pt doesnt know if she lost consciousness",407,Head injury,Neurologic,silver,
Heady Injury Musculoskeletal Injury,407,Head injury,Neurologic,silver,
"pt fell around lunch <DATE_TIME>. head injury with no loc bil shoulder pain, left knee pain.",407,Head injury,Neurologic,silver,
"fall at home, left hip injury. Patient states she lost her balance",557,Lower extremity injury,Orthopedic,silver,
"Pt BIB Lifemed from <LOCATION> for L hip fracture. <PERSON> in place, Pt A&O x 4. Able to move toes and +2 pedal pulse on L side. Hx of hypertention. Neg covid test in <LOCATION>.",851,Exposure to communicable disease,General and Minor,rule,COVID_EXPOSURE
pt reports sob and lightheadedness on the plane ride;,651,Shortness of breath,Respiratory,silver,
"Authorized in from <LOCATION> with Guardian related to hypoxia, SOB, AMS",651,Shortness of breath,Respiratory,silver,
Home visit for elder having abdominal pain in both lower quadrants after gettingenoxaprin sodium injections in belly.,251,Abdominal pain,Gastrointestinal,silver,
Pt is still experiencing lower abdomen pain in her injection sites.,251,Abdominal pain,Gastrointestinal,silver,
lower abdominal pain in injection sites,251,Abdominal pain,Gastrointestinal,silver,
abdominal pain 4 : assessment for possible as per Dr pain management reassessment.,251,Abdominal pain,Gastrointestinal,silver,
<PERSON> pain...Digestive 3,251,Abdominal pain,Gastrointestinal,silver,
Home visit for abdominal pain,251,Abdominal pain,Gastrointestinal,silver,
"abdominal pain still for well over a week, no attempt from RR to answer phones or sign notes, this is an lder whom is in pain,make it right! multiple home visits as well.",251,Abdominal pain,Gastrointestinal,silver,
SOB and cough/grunt that makes her stomach hurt,651,Shortness of breath,Respiratory,silver,
runny nose with post nasal drip..common cold,154,URTI complaints,ENT - Nose,silver,
"reported SOB, arrived via Guardian",651,Shortness of breath,Respiratory,silver,
sinus cold.,154,URTI complaints,ENT - Nose,silver,
"Pt came in with initial c/o SOB, but upon arrival she was satting at <PHONE_NUMBER>%, but i noticed some thick eye discharge and some thick yellow post nasal drip.",651,Shortness of breath,Respiratory,silver,
84 yo female brought in by ambulance for severe abdominal pain in RLQ.,251,Abdominal pain,Gastrointestinal,silver,
"Abdominal pain, Possible acute abdomen",251,Abdominal pain,Gastrointestinal,silver,
left upper quad abd pain x <DATE_TIME>,251,Abdominal pain,Gastrointestinal,silver,
"EMS states, ""She was here <DATE_TIME> for abdominal pain. She is here for a nonemergent doctor's appointment."" Patient's daughter states that patient has abdominal pain and",251,Abdominal pain,Gastrointestinal,silver,
911 call for a blood pressure and pulse check requested by family.,6,Hypertension,Cardiovascular,silver,
84 y/o female c/o wet cough,653,Cough/congestion,Respiratory,silver,
"Pt doing about the same as <DATE_TIME>, still trying to cough out that mucus but having a hard time doing so, vitals are stable.",653,Cough/congestion,Respiratory,silver,
Pts caretakers say that the Pt got scared <DATE_TIME> and wanted to go to clinic,352,Anxiety/situational crisis,Mental Health,silver,
Patient was seen <DATE_TIME> and treated with Z-pack for bronchitis. finished antibiotic and still is having wheezing and low oxygen. has been coughing up thick nuvak. has not seen what it looks like.,659,Wheezing—no other complaints,Respiratory,silver,
cough,653,Cough/congestion,Respiratory,silver,
Elder Care,866,Minor complaints NOS,General and Minor,silver,
"Family requested home visit. Patient has been fevering after she had a drink of water and was unable to breathe afterwards <DATE_TIME>. has a bed sore on bottom. having hard time going to bathroom, family asked if a catheter can be put in",852,Fever,General and Minor,silver,
Daughter <PERSON> called to go check on patients oxygen because it was in the <PHONE_NUMBER>'s.,651,Shortness of breath,Respiratory,silver,
Elder and family Care,866,Minor complaints NOS,General and Minor,silver,
coughing up blood,655,Hemoptysis,Respiratory,silver,
etoh/ ? blood in emesis.,259,Vomiting blood,Gastrointestinal,silver,
Altered Mental Status,401,Altered level of consciousness,Neurologic,silver,
"Sent from <PERSON>, ETOH fall, hit head , wife states he may have had a SZR. CT neg, AMS, GCS of 14, pt slightly confused. pt Hyponatremia, <NRP>",402,Confusion,Neurologic,silver,
possible CVA,409,Extremity weakness/symptoms of CVA,Neurologic,rule,CVA_STROKE
chest pain <DATE_TIME>. right side up to neck. no pain after aspirin in villiage,3,Chest pain—cardiac features,Cardiovascular,silver,
Right facial droop and slurring words x <DATE_TIME>,409,Extremity weakness/symptoms of CVA,Neurologic,silver,
Infarct identified PTA on MRI. Transfer accepted by Dr. <PERSON>,409,Extremity weakness/symptoms of CVA,Neurologic,silver,
AMNC f/u,866,Minor complaints NOS,General and Minor,silver,
"pt fell at home landing on ""tailbone"". pain from bottom to shoulder blades.",551,Back pain,Orthopedic,silver,
"Flown in from <LOCATION> for T12 burst FX. Pt was reported to have fallen from a couch. Arrives awake, alert & oriented.",552,Traumatic back/spine injury,Orthopedic,silver,
"BIB Guardian from Maniliq for a floor level fall resulting in a L proximal femur FX. pt has +2 pulses on Bilat pedal/radial. PMH of Dementia, but @ baseline, per Grandson. pt recieved 100 mcg of <PERSON> enroute, & 100 fent in <LOCATION>. 4 mg <LOCATION> enroute",557,Lower extremity injury,Orthopedic,rule,FEMUR_FRACTURE
F/u IMN L Femur <DATE_OF_SERVICE> <PERSON>,866,Minor complaints NOS,General and Minor,silver,
"PT PRESENTS TO <PERSON> WITH SOB AFTER DRINKING A BOTTLE OF JIM BEAN LAST NIGHT, PT WEARS 02 AT NIGHT AT HOME, PT COMPLAINS OF SORE THROAT",651,Shortness of breath,Respiratory,silver,
"BIBAA from <LOCATION> with shortness of breath on bipap after drinking 1/5 of Beam last night. arrived at clinic with sats in <DATE_TIME>'s, hx of chf copd throat cancer DM given lasix urine output of 75ml",999,Unknown,General and Minor,rule,CHF_UNKNOWN
"Hosp d/c - afib, HFpEF",5,Palpitations/irregular heart beat,Cardiovascular,rule,AFIB_RVR
<DATE_TIME> female CC vitals for visit with PCP,999,Unknown,General and Minor,silver,
pain between the shoulder blades,551,Back pain,Orthopedic,silver,
"64 yo female CC: nausea and vomiting eariler <DATE_TIME>, received call from son that she was unresponsive and in and out of consciosness at 3:50PM",401,Altered level of consciousness,Neurologic,silver,
Other Cause Of Decresed Level of consciousness,401,Altered level of consciousness,Neurologic,silver,
"NR syncope; labs, echo, and EKG. Possible heart cath",8,Syncope/pre-syncope,Cardiovascular,silver,
left side weakness again this is a reacurring problems with pt only this time she,409,Extremity weakness/symptoms of CVA,Neurologic,silver,
"Nervous 17: Other Nervous System Problem, possible stroke needs further evaluation",409,Extremity weakness/symptoms of CVA,Neurologic,rule,CVA_STROKE
"pt with left leg weakness and left mouth droop tht started <DATE_TIME>. no headache, speech is normal left leg drift",409,Extremity weakness/symptoms of CVA,Neurologic,silver,
follow up care after hospitial visit - doing better,866,Minor complaints NOS,General and Minor,silver,
"<DATE_TIME> female here for recheck after hospitial visit <DATE_TIME>, doing better <DATE_TIME>, walking,",866,Minor complaints NOS,General and Minor,silver,
"pt beleives she has a UTI. back ache kidneys hurting. burning when she pees, has nausea",307,UTI complaints,Genitourinary,silver,
Bladder infection,307,UTI complaints,Genitourinary,silver,
67 yo female come in with urinary infection hasn't improved,307,UTI complaints,Genitourinary,silver,
bladder infection urinary 1,307,UTI complaints,Genitourinary,silver,
LABS DUE,863,Abnormal lab values,General and Minor,silver,
Repeat Ceftriaxone 1 G shot,861,Prescription/medication request,General and Minor,silver,
"ref - <PERSON>, ARNP/FNP-C NP - hx of nodules? hx of melanoma - skin check",711,Other skin conditions,Skin,silver,
Refd by <NRP>FNP for Chronic Neck and Left Shoulder Pain,104,Neck swelling/pain,ENT - Mouth/Throat/Neck,silver,
here for bp and chest pain,6,Hypertension,Cardiovascular,silver,
"Authorized in from <LOCATION> with Guardian, Woke up at this am felt pressure on her chest with vomiting, then the pressure went away. cough for <DATE_TIME> and gets SOB while ambulating. just started <PERSON> <DATE_TIME>",651,Shortness of breath,Respiratory,silver,
<DATE_TIME> discharge F/U,856,Dressing change,General and Minor,silver,
left shoulder injury severe burn,705,Burn,Skin,silver,
"<DATE_TIME> female, she was going in the truck, she slipped, landed on her left back shoulder, unable to lift left arm",552,Traumatic back/spine injury,Orthopedic,silver,
SEE TRAUMA FLOW,802,Major trauma—blunt,Trauma,silver,
FV burns to pelvis,705,Burn,Skin,silver,
<PERSON> to pelvis/thighs seen by <PERSON>,705,Burn,Skin,silver,
f/v burns to pelvic and thighs,705,Burn,Skin,silver,
L hip pain s/p fall,865,Post-operative complications,General and Minor,rule,POST_OP
"BIB Guardian from <LOCATION> for L hip fracture, fell in bathroom while using walker. No head injury or LOC. Given Ketamine in flight, L nerve block PTA. On 2 lpm NC, <PERSON> in place, +pedal pulses",557,Lower extremity injury,Orthopedic,rule,FEMUR_FRACTURE
F/u L hip s/p IMN fx,865,Post-operative complications,General and Minor,rule,POST_OP
"Ref: foe post hospitilixation recheck of labs particularly sodium level to see if she can come off her water rescriction and sodium tabs Referring Provider: <PERSON>, AGACNP",863,Abnormal lab values,General and Minor,silver,
Pt medivaced from <LOCATION> for hip pain s/p fall at <DATE_TIME>.,865,Post-operative complications,General and Minor,rule,POST_OP
"Fever, pain to abdomen, diarrhea, dehydration, pneumonia",7,General weakness,Cardiovascular,rule,DEHYDRATION
"arrrive medivac, daughter reports general malaise with fever. Had episode of diarrhea <DATE_TIME>",852,Fever,General and Minor,silver,
"Med evac from <LOCATION>/Buckalnd - dx w/pneumonia. Recent onset on abd pain. Lactic of 5, WBC23. 2g Rocephin, flagyl pta. Recieved 2x 50mcg fentanyl, most recent dose @1800. VS stable en route. HOH using pocket talker, A+Ox4.",251,Abdominal pain,Gastrointestinal,silver,
Follow Up Hospital Discharge: Sepsis,999,Unknown,General and Minor,rule,SEPSIS_UNKNOWN
"Follow Up: Sepsis, Blood Cultures, Labs, MRIs",999,Unknown,General and Minor,rule,SEPSIS_UNKNOWN
"Home- visit, elder care visit",866,Minor complaints NOS,General and Minor,silver,
"chills, short duration of lower right abd pain when having BM, HA, all resolved.",251,Abdominal pain,Gastrointestinal,silver,
"BIBA from <LOCATION>. Fever, abnormal labs and imaging. AOx4. Ambulatory, RA, RRR, VSS. 102F in <LOCATION>, given tylenol and <PERSON>. No acute distress at this time. <PERSON> talking in full sentences.",852,Fever,General and Minor,silver,
Hospital follow up.,855,Direct referral for consultation,General and Minor,silver,
FV from <DATE_TIME> and <LOCATION>,855,Direct referral for consultation,General and Minor,silver,
FV: liver abscess,709,Localized swelling/redness,Skin,rule,LOCALIZED_INFECTION
pt reports seeing black floaters after cooking breakfast this am.,504,Visual disturbance,Ophthalmology,silver,
"arrived by EMS; ""hit by a truck""; c/o pain with deformity noted to L LE",557,Lower extremity injury,Orthopedic,silver,
"auto vs ped <DATE_TIME>, 15 mph bumper to pt rear. no LOC, no thinners. CT pan scan showed <LOCATION>. CMS intact. arrived on fent drip 50 mcg.hr dc on arrival. AOx4.",802,Major trauma—blunt,Trauma,silver,
stimulant intoxication,751,Substance misuse/intoxication,Substance Misuse,silver,
"<DATE_TIME> female, brother called said she can't stop vomiting and that she is high off cocaine,",257,Nausea and/or vomiting,Gastrointestinal,silver,
arrived via Guardian flight for uncontrolled behavior probs related to drug use.,751,Substance misuse/intoxication,Substance Misuse,silver,
"""don""t feel good"" wants more <NRP> fluids",866,Minor complaints NOS,General and Minor,silver,
Possible closed fracture of chest,804,Isolated chest trauma—blunt,Trauma,silver,
Pt states that he fell out of his attic and landed on a stump and now he is spitting up blood and his sternum is crunching when he breathes in and out.,804,Isolated chest trauma—blunt,Trauma,silver,
<DATE_TIME> prior to arrival pt fell through celing approx 10' striking chest on a 4x4 post.,804,Isolated chest trauma—blunt,Trauma,silver,
"intoxicated. Pt staying here for dental appointment <DATE_TIME>, picked up by EMS at hotel.",751,Substance misuse/intoxication,Substance Misuse,silver,
"<PERSON> pain for <DATE_TIME>, intermittant, more consistant <DATE_TIME>",866,Minor complaints NOS,General and Minor,silver,
"BIB LM from <PERSON> for lower abd pain starting <DATE_TIME>, CT showed free air/thickening of abd wall. intermittent nausea. 50mcg fent/4mg zofran in flight. <PERSON> soft/nontender. pain w/ palpation. neg colonoscopy on <DATE_TIME>",251,Abdominal pain,Gastrointestinal,silver,
"s/p s/p sigmoid colectomy, anastomosis, and diverting loop ileostomy",865,Post-operative complications,General and Minor,rule,POST_OP
"BIB husband 2wks sp bowel resection. Pt feels weak, bloated, generally unwell. Denies nvd. States small bowel movement evacuated from anus rather than ostomy. Stoma is healthy/pink appearing, staples in good condition. Pt visibly lethargic. Denies pain.",7,General weakness,Cardiovascular,silver,
"Pt walk in. pt with ostomy placed <DATE_TIME>. <PERSON> discharged <DATE_TIME>, but is back for help with ostomy bag change. Pt states ""i just want someone to show me how to do it"" Patient denies any complaints. NAD. A&Ox4.",856,Dressing change,General and Minor,silver,
s/p ileostomy,865,Post-operative complications,General and Minor,rule,POST_OP
Abd pain x <DATE_TIME>,251,Abdominal pain,Gastrointestinal,silver,
"BIBA, Guardian from <LOCATION>. Abdominal pain x <DATE_TIME>, Dx pancreatic mass, covid + asymptomatic. Denies pain upon arrival, AOx4. Calm, compliant.",251,Abdominal pain,Gastrointestinal,silver,
FV - s/p PTHC drain +malignant pancreatic cancer,865,Post-operative complications,General and Minor,rule,POST_OP
Pt requesting medication refill of pain meds until appointment on <DATE_TIME>. Pt reports chronic abdominal pain.,861,Prescription/medication request,General and Minor,silver,
PTC management/cleaning education,865,Post-operative complications,General and Minor,silver,
"PT states that their pain meds are not adequate for their pain, unable to sleep. States needs help to deal with this current high pain level.",251,Abdominal pain,Gastrointestinal,silver,
Pt here for the second time in <DATE_TIME> for pain management for new diagnosis of pancreatic <DATE_TIME>. Pt notable has an abdominal drain in place. Pt with onc visit <DATE_TIME>.,865,Post-operative complications,General and Minor,silver,
Has f/u appt on <DATE_TIME>. States he needs more pain meds before his appt because they did not get enough. No other concerns <DATE_TIME>.,861,Prescription/medication request,General and Minor,silver,
Mild dehydration Digestive 6: Gastroenteritis &/or Digestive 9: other cause of vomiting or dairrhea,7,General weakness,Cardiovascular,rule,DEHYDRATION
Daughter-inlaw called for <DATE_TIME> female requesting home visit for vomiting,257,Nausea and/or vomiting,Gastrointestinal,silver,
"Emesis, possible GI bleed",260,Blood in stool/melena,Gastrointestinal,rule,GI_BLEED
"guardian from <LOCATION>, common bile duct obstruction,",251,Abdominal pain,Gastrointestinal,silver,
Other cause of abdominal pain,251,Abdominal pain,Gastrointestinal,silver,
Patient came in because he has been having abdominal pain like someone is grabbing the inside of him and holding it and his hernia is also hurting,251,Abdominal pain,Gastrointestinal,silver,
"abd pain x <DATE_TIME>, transfer from <LOCATION>. hx of gastric CA, rigid abd/pelvis, acities.",251,Abdominal pain,Gastrointestinal,silver,
FV multiple laparotomies for incarcerated hernia.,865,Post-operative complications,General and Minor,silver,
s/p hernia excision,865,Post-operative complications,General and Minor,rule,POST_OP
f/u FV multiple laparotomies for incarcerated hernia,865,Post-operative complications,General and Minor,silver,
"55male cancer pt comes in <DATE_TIME> complaining of being tired and thirsty for <DATE_TIME> now, feels weak and dizzy just to get up",7,General weakness,Cardiovascular,silver,
chronic cancer patient with helath problems not doing well,7,General weakness,Cardiovascular,silver,
hypotension; bradycardic; emaciated; no appetite and no energy; hx of stomach cancer with mets to lungs;,7,General weakness,Cardiovascular,silver,
F/U Care,865,Post-operative complications,General and Minor,silver,
"pt authorized in for sob, weakness, imaciation, gastric ca pt",7,General weakness,Cardiovascular,silver,
"Pt BIBA from <LOCATION> for weakness, poor appetite, stage 4 gastric cancer.",7,General weakness,Cardiovascular,silver,
<DATE_TIME> home visit for pain maagement after returning from <LOCATION>,865,Post-operative complications,General and Minor,silver,
recheck cancer patient after being medivac from <LOCATION>,865,Post-operative complications,General and Minor,silver,
"Authorized in from <LOCATION>, <DATE_TIME> after getting up became dizzy and passes out x two then passed a large amount of stool. Last alcohol drink was <DATE_TIME>, prior to binge drinking. asa 325mg given in clinic",8,Syncope/pre-syncope,Cardiovascular,silver,
Blacked out,8,Syncope/pre-syncope,Cardiovascular,silver,
"Black out twice Earlier, He got up to go use the restroom and blacked out.",8,Syncope/pre-syncope,Cardiovascular,silver,
see trauma flow sheet,802,Major trauma—blunt,Trauma,silver,
reporting lower back pain x <DATE_TIME>. Denies injury,551,Back pain,Orthopedic,silver,
"PT PRESENTS TO <PERSON> VIA EMS FROM HOTEL WITH BACK PAIN, PT TO BE ON MORNING FLIGHT TO AMNC FOR MRI, PT SEEN <DATE_TIME> IN <LOCATION> FOR SAME",551,Back pain,Orthopedic,silver,
BIBAA from <LOCATION> for back pain surrounding L345 hx of osteomyltis DM HTN chronic pain. pt complainging of <DATE_TIME> pain.,551,Back pain,Orthopedic,silver,
Follow up L4-L5 osteomyelitis,551,Back pain,Orthopedic,silver,
ref. <DATE_TIME> with Strep bacteremia and lumbar,999,Unknown,General and Minor,rule,SEPSIS_UNKNOWN
"pt getting abx for infection in back. sent from PCP for increased weakness, ""can't walk or take care of myself."" on pain meds at home. unclear history.",551,Back pain,Orthopedic,silver,
"Ref: requesting reevaluation, worse pain with",551,Back pain,Orthopedic,silver,
f/u MRI97.6,551,Back pain,Orthopedic,silver,
"TOld by PCP to come in for spine surgery <DATE_TIME>. Per <LOCATION> note, epidural abscess to be assessed by NYSG. no medical complaints besides stiff back.",709,Localized swelling/redness,Skin,rule,LOCALIZED_INFECTION
Patient stated that he had a head injury awound <DATE_TIME> and is having a headache. Patient also states that his gait is unsteady and is especially worse in the mornings. <PERSON> says he has numbness to L side of head and dizziness.,407,Head injury,Neurologic,silver,
Other NErvous System Problem,999,Unknown,General and Minor,silver,
63yo male with dizziness/fainting,402,Confusion,Neurologic,silver,
self ref: dizziness ever since head injury - Seen at ER in <LOCATION>,407,Head injury,Neurologic,silver,
"Pt reports ""foot fungus"" on both feet, for ""a long time"". <PERSON> is returning to his village and would like treatment before he leaves.",711,Other skin conditions,Skin,silver,
recheck brain injury and head pain with dizziness,407,Head injury,Neurologic,silver,
recheck head trauma was seen at but waiting for neuro to have an opening,407,Head injury,Neurologic,silver,
"Chest Pain, Possible Heart Attack",3,Chest pain—cardiac features,Cardiovascular,silver,
"recheck chest pain w/gent with known angina, doing better, <DATE_TIME> pain, <LOCATION> and aspirin given.",3,Chest pain—cardiac features,Cardiovascular,silver,
"recheck angina: chest pain, last seen <DATE_TIME>, given aspirin and <NRP> fluids, doing better.",3,Chest pain—cardiac features,Cardiovascular,silver,
Prolotherapy,866,Minor complaints NOS,General and Minor,silver,
63yo male fainted and has chest pain from pneumonia,8,Syncope/pre-syncope,Cardiovascular,silver,
1) vertigo 2) other cause of chest pain,404,Headache,Neurologic,silver,
"Authorized in from <LOCATION>. Awoke up at <DATE_TIME> with sharp generalized chest pain, non radiating <PHONE_NUMBER> with dizziness and sob. Took nitro x three in clinic <DATE_TIME> at 0445. Drank 1 <DATE_TIME> bottles alcohol <DATE_TIME>. noncompliant with meds.",3,Chest pain—cardiac features,Cardiovascular,silver,
Pt reports increased headaches after injury <DATE_TIME>. pt reports pain has been worsning for <DATE_TIME>. pt also reporting some vertigo which has been going on since original injury. communicating well in triage,404,Headache,Neurologic,silver,
pt requesting refill on losartan and aspirin while in town. no other complaints at this time. denies pain.,861,Prescription/medication request,General and Minor,silver,
fall with back injury,552,Traumatic back/spine injury,Orthopedic,silver,
arm numbness,410,Sensory loss/paresthesia,Neurologic,silver,
Flown in from <LOCATION> for fall while intoxicated. +LOC. Flight team reports pt was not moving limbs @ time of fall but has been some movement just pta. Trauma team in room.,802,Major trauma—blunt,Trauma,silver,
Patient is a <DATE_TIME> female here with a sore throat.,103,Sore throat,ENT - Mouth/Throat/Neck,silver,
"PT PRESENTS TO <PERSON> WITH LEFT HIP/LEG INJURY AFTER GROUND LEVEL FALL ON ICE, SHORTENING TO LEG, MUSCLE SPASMS, PT BROUGHT IN BY EMS",557,Lower extremity injury,Orthopedic,silver,
"Transfer from <LOCATION> with ground level ""slip and fall."" <PERSON> and displaced intertrochanteric left hip fx.",557,Lower extremity injury,Orthopedic,rule,FEMUR_FRACTURE
Left hip fx,557,Lower extremity injury,Orthopedic,rule,FEMUR_FRACTURE
Follow up left fracture,866,Minor complaints NOS,General and Minor,silver,
"L earache, fever, fatigue.",51,Earache,ENT - Ears,silver,
Perforation of L ear with drainage,55,"Discharge, ear",ENT - Ears,silver,
Im going to Pts home to help him put his eardrops in .,866,Minor complaints NOS,General and Minor,silver,
home visit ear drop administration.,866,Minor complaints NOS,General and Minor,silver,
"Patient seen <DATE_TIME> and <DATE_TIME> for illness. hasnt been able to eat in <DATE_TIME>. just broth. feels like hes going to pass out. treated for ear infection with amoxicillin and ear drops. but still feels sick. headaches, ears bothering him. wants to pass out",8,Syncope/pre-syncope,Cardiovascular,silver,
"AOM Follow up with new symptoms of nausea, vomiting.",257,Nausea and/or vomiting,Gastrointestinal,silver,
Pt came in <DATE_TIME> and was here <DATE_TIME> and part of <DATE_TIME> and is back here again for nausea and light headedness and abd pain.,251,Abdominal pain,Gastrointestinal,silver,
abdominal pain and light headed,251,Abdominal pain,Gastrointestinal,silver,
other abdominal pain,251,Abdominal pain,Gastrointestinal,silver,
"Authorized in from <LOCATION>, over <DATE_TIME> fatigue with weakness, just doesn't have an appitite. hx of the same. seen in clinic three times <DATE_TIME>",7,General weakness,Cardiovascular,silver,
"medical follow for loss of appetite, abd pain chronic",252,Anorexia,Gastrointestinal,silver,
"I feel weak. I have chest pain, breathing problems and i felt like I would pass out. (Patient ambulatory while using cane)",8,Syncope/pre-syncope,Cardiovascular,silver,
Authorized in from <LOCATION> on <DATE_TIME> for abdominal pain with nausea. Here for a follow-up,251,Abdominal pain,Gastrointestinal,silver,
Patient seeing for stomach pains before. was sent to <LOCATION> and sent back home for possible acute abdomen. feels like he is going to blaskout.,8,Syncope/pre-syncope,Cardiovascular,silver,
Possible Acute abdomen,251,Abdominal pain,Gastrointestinal,silver,
<PERSON> pain for <DATE_TIME>,251,Abdominal pain,Gastrointestinal,silver,
Other digestive problem.,251,Abdominal pain,Gastrointestinal,silver,
patient has not been feeling well. feels like hes about to pass out. never ate in <DATE_TIME>.,8,Syncope/pre-syncope,Cardiovascular,silver,
Other cause of abd pain,251,Abdominal pain,Gastrointestinal,silver,
Pt is here c/o abd pain lasting <DATE_TIME>.,251,Abdominal pain,Gastrointestinal,silver,
Patient not feeling well for <DATE_TIME> and in a lot of pain in his abdomen. Says he feels like passing out and tired of the pain. <DATE_TIME>. Says he feels like there is more going on and and tired of the pain like could be cancer or something.,251,Abdominal pain,Gastrointestinal,silver,
Recheck- Worse abdominal pains,251,Abdominal pain,Gastrointestinal,silver,
"left side abd pain for <DATE_TIME>, pain relieved when advil taken",251,Abdominal pain,Gastrointestinal,silver,
"CBC, BMP",863,Abnormal lab values,General and Minor,silver,
"FV - for ostomy teaching, s/p ex lap and <PERSON>",865,Post-operative complications,General and Minor,rule,POST_OP
"s/p diverticulitis perf, wound vac change, ostomy",865,Post-operative complications,General and Minor,rule,POST_OP
"pt reports sob, chest pain, cough/bloody emesis, recent <PERSON> surgery, pt calm cooperative, alert. hypotensive.",651,Shortness of breath,Respiratory,silver,
F/U pneumonia,154,URTI complaints,ENT - Nose,silver,
congestive heart failure/ weakness,999,Unknown,General and Minor,rule,CHF_UNKNOWN
INP f/u,999,Unknown,General and Minor,silver,
"rapid hr, arrived by EMS",5,Palpitations/irregular heart beat,Cardiovascular,silver,
"brought by EMS, fall with R hip pain",557,Lower extremity injury,Orthopedic,silver,
pt arrived via air transport with c/c of right femoral neck fracture from ground level fall. pt is AOX3 w/not recalling event.,557,Lower extremity injury,Orthopedic,rule,FEMUR_FRACTURE
out of pain meds,861,Prescription/medication request,General and Minor,silver,
"Check hip, med refill",861,Prescription/medication request,General and Minor,silver,
staple removal,857,Removal staples/sutures,General and Minor,silver,
Leg pain,555,Lower extremity pain,Orthopedic,silver,
right leg pain. s/p surgery approx <DATE_TIME> post op,865,Post-operative complications,General and Minor,rule,POST_OP
pt. is here for a follow-up for surgical wound on right upper thigh,710,Wound check,Skin,silver,
Recheck right leg,710,Wound check,Skin,silver,
needs pain meds for my leg,555,Lower extremity pain,Orthopedic,silver,
Medevac from <LOCATION> via Guardian Flight for epistaxix x <DATE_TIME>. Complaint of nosebleed to <PERSON>. Patient came with rhino rocket which came out while arriving in this ER. Bleeding controlled via gauze held by patient. <PERSON> endorses dizziness.,151,Epistaxis,ENT - Nose,silver,
F/v epistaxis,151,Epistaxis,ENT - Nose,silver,
HF,999,Unknown,General and Minor,silver,
"CP, NVD",999,Unknown,General and Minor,silver,
"BIB Air for report of chest pain, HX of MI, was given 2 nitro and 325 ASA in <PERSON>, Pain currently controled. was stsarted on heprin drip 12u.Kg/Hr",3,Chest pain—cardiac features,Cardiovascular,silver,
48 YO M referred for new onset DM. A1C 7.0 C/O Blurred vision at near x <DATE_TIME> and some distance blurring as well. Sometimes I see floaters OU in upper part of vision.,504,Visual disturbance,Ophthalmology,silver,
authorized in from village for upper abd pain x <DATE_TIME>,251,Abdominal pain,Gastrointestinal,silver,
FV consent and teaching for egd/colo,999,Unknown,General and Minor,silver,
"NICM, RBBB, HF",999,Unknown,General and Minor,silver,
si thoughts x a month. was going to walk and keep walking.,351,Depression/suicidal/deliberate self-harm,Mental Health,silver,
Lumbar spondylosis,551,Back pain,Orthopedic,silver,
F/U after Discharge,855,Direct referral for consultation,General and Minor,silver,
"<LOCATION>, for <DATE_TIME> now generalized abdominal pain, increasing <DATE_TIME> with nausea. No output in colostomy bag since. HX of the same",251,Abdominal pain,Gastrointestinal,silver,
BIB by Lifemed from <LOCATION> for SBO after reporting abdominal pain for <DATE_TIME> with no stool from colostomy for <DATE_TIME>. <PERSON> on arrival.,251,Abdominal pain,Gastrointestinal,rule,BOWEL_OBSTRUCTION
Pain in coccyx,555,Lower extremity pain,Orthopedic,silver,
f/u pelvic fracture,855,Direct referral for consultation,General and Minor,silver,
<PERSON> pain since 1400. hx of colon surg and colostomy,251,Abdominal pain,Gastrointestinal,silver,
"Abdominal pain, pt states she has ""blood in my stool"" from Ostomy. Pt was in <LOCATION> Hospital, discharged <DATE_TIME>. <PERSON> states she was to have surgery and <LOCATION> declined.",260,Blood in stool/melena,Gastrointestinal,silver,
pt BIB flight team from <LOCATION> for abd pain and small bowel obstruction. 50mcg fentanyl given in field,251,Abdominal pain,Gastrointestinal,rule,BOWEL_OBSTRUCTION
Beat up by a male friend. Punched and kicked in the head and abdomen.,802,Major trauma—blunt,Trauma,silver,
"Assulted, Right black eye and Large bump on the top back of head",802,Major trauma—blunt,Trauma,silver,
assault <PERSON> injury,802,Major trauma—blunt,Trauma,silver,
other cause of abd pain/vomiting,257,Nausea and/or vomiting,Gastrointestinal,silver,
threw up blackish red brown blood,259,Vomiting blood,Gastrointestinal,silver,
Haematemesis,259,Vomiting blood,Gastrointestinal,silver,
"FV - d/t piecemeal, colonoscopy",863,Abnormal lab values,General and Minor,silver,
"vomiting blood,medivac",259,Vomiting blood,Gastrointestinal,silver,
Recheck,710,Wound check,Skin,silver,
"F/u CM, labs, echo",859,Imaging tests,General and Minor,silver,
From DD house difficulty sleeping <DATE_TIME> sob and swollen feet/ankles,10,Bilateral leg swelling/edema,Cardiovascular,silver,
Low sodium f/u,863,Abnormal lab values,General and Minor,silver,
"sob, wheezing on arrival by ems",659,Wheezing—no other complaints,Respiratory,silver,
"head injury, ATV accident",407,Head injury,Neurologic,silver,
FU BACK PAIN MED REFILL,861,Prescription/medication request,General and Minor,silver,
Was beeing seen in outpatient related to back pain and bilateral rib area pain. EKG was prefirmed showing a heart block. has no symptoms related to.,3,Chest pain—cardiac features,Cardiovascular,silver,
Musculoskeletal 7: Low back pain with muscle strain,551,Back pain,Orthopedic,silver,
<DATE_TIME> male here for lower back pain for <DATE_TIME> nowq seems like right where your herinated disc area.,551,Back pain,Orthopedic,silver,
Musculoskeletal 14: OTher Musculoskeletal problem to lower back and not really able to use legs,551,Back pain,Orthopedic,silver,
<DATE_TIME> male called on-call his lower back pain and herinated discs don't really alllow him to walk,551,Back pain,Orthopedic,silver,
<DATE_TIME> male here for back pain has been going on <DATE_TIME> now worst since <DATE_TIME>,551,Back pain,Orthopedic,silver,
Musculoskeletal 14: Other <PERSON> problem to lower back,551,Back pain,Orthopedic,silver,
"pt with chronic back pain, states worsening , unable to ambulate, usually does with a walker, + pulses/sensation in distal lower exts,",551,Back pain,Orthopedic,silver,
"Low back pain with muscle strain: musculoskeletal 7 Other nervous system problem: nervous 17, having trouble moving legs",551,Back pain,Orthopedic,silver,
<DATE_TIME> male requested home visit for back pain and not being able to move or use his legs,551,Back pain,Orthopedic,silver,
"transfer from village for CC over past 2 weeks decreasing motor function and sensory to bilat lower extremities as well as ability to ambulate. denies recent trauma. enroute admin 4 mg dilaudid, 1mg ativan and 4 mg zofran",409,Extremity weakness/symptoms of CVA,Neurologic,silver,
f/v s/p thoracic fusion,865,Post-operative complications,General and Minor,rule,POST_OP
"<DATE_TIME> male came in for his heart racing and feels like his chest is tight. Started <DATE_TIME>, took all of his daily medication",5,Palpitations/irregular heart beat,Cardiovascular,silver,
"Chest pain, possible heart attack: emergency 27",3,Chest pain—cardiac features,Cardiovascular,silver,
"Authorized in from <LOCATION> with Guardian. Awoke up this am wit palpitations, chest tightness (cramping) with lightheaded abd dizziness and sob. took asa and lopressor 50 mg in clinic. FSBS 103",5,Palpitations/irregular heart beat,Cardiovascular,silver,
<DATE_TIME> male called to tell us how he is feeling and if there are any changes,999,Unknown,General and Minor,silver,
"NR - new onset of Afib, echo, labs, EKG",5,Palpitations/irregular heart beat,Cardiovascular,rule,AFIB_RVR
"pt here per ems with c/o sob, pt is covered in feces, smells or urine, diminished bs throughout bilaterally with some exp wheezzing in upper lobes",651,Shortness of breath,Respiratory,silver,
"BIB Guardian from <LOCATION> for sepsis, positive blood cultures, hx of etoh abuse has been on a bender, pt on norepi a 4mcg , A+Ox4",999,Unknown,General and Minor,rule,SEPSIS_UNKNOWN
F/U,999,Unknown,General and Minor,silver,
"Has been sick for <DATE_TIME>, not sleeping well, on home <DATE_TIME>, 77% on EMS arrival. Daily heavy alcohol drinker, <DATE_TIME> PPD smoker",999,Unknown,General and Minor,silver,
Opiate Withdrawal,753,Substance withdrawal,Substance Misuse,rule,SUBSTANCE_WITHDRAWAL
New- chronic lwo back pain . L5 pars defect on XR <DATE_TIME>,551,Back pain,Orthopedic,silver,
"Suicidal thoughts, hearing voice",351,Depression/suicidal/deliberate self-harm,Mental Health,rule,SUICIDAL
auditory halucinations; <DATE_TIME> took 3 benadryl <PHONE_NUMBER> mg,353,Hallucinations/delusions,Mental Health,silver,
"F/U only - low back pain, NSGY rec L5/S1 ESI",551,Back pain,Orthopedic,silver,
Can't sleep,354,Insomnia,Mental Health,silver,
"recheck high heart rate, back pain started",5,Palpitations/irregular heart beat,Cardiovascular,silver,
"Insomnia X <DATE_TIME>, anxiety",352,Anxiety/situational crisis,Mental Health,rule,ANXIETY
via medivac with complaint of chest pain.,3,Chest pain—cardiac features,Cardiovascular,silver,
Back and hip pain,551,Back pain,Orthopedic,silver,
"SI, Alcohol intoxication",751,Substance misuse/intoxication,Substance Misuse,silver,
"Authorized in from <LOCATION>, for <DATE_TIME> now LLQ pain, tender to the touch with some nausea and vomiting x 1. was given 2 morphine, 100 fentanyl, 4 zofran",251,Abdominal pain,Gastrointestinal,silver,
left louwer abdominal pain,251,Abdominal pain,Gastrointestinal,silver,
"abdominal pain, possible acute abdomen",251,Abdominal pain,Gastrointestinal,silver,
"follow up- had BM stomach pain is resolved. Anxious, forgot his anxiety meds",352,Anxiety/situational crisis,Mental Health,rule,ANXIETY
Chronic Otitis Media,55,"Discharge, ear",ENT - Ears,silver,
<DATE_TIME> male came in for right side draining ear,55,"Discharge, ear",ENT - Ears,silver,
Recheck on right ear,511,Re-check eye,Ophthalmology,silver,
"Ear canal infection ear 6, Chronic otitis media ear 5",55,"Discharge, ear",ENT - Ears,silver,
"Vomiting and diarrhea x2 hours, patient currently staying at Q.",254,Diarrhea,Gastrointestinal,silver,
"syncope episode <DATE_TIME> after having runny stool, LOC",8,Syncope/pre-syncope,Cardiovascular,silver,
"F 81 yo fainted in the bathroom while walking into the rest room, doesn't know how long she was out for and <PERSON> who was home with her said she was out less then <DATE_TIME>,",8,Syncope/pre-syncope,Cardiovascular,silver,
"fainting- was out for less than 10 min per son at home with pt,",8,Syncope/pre-syncope,Cardiovascular,silver,
"fainting/fainted x1, first episode",8,Syncope/pre-syncope,Cardiovascular,silver,
"<PERSON> is <DATE_TIME> who was hospitalized at and discharged on <DATE_TIME> for Syncope episode with weakness, advised follow up <DATE_TIME>",8,Syncope/pre-syncope,Cardiovascular,silver,
Acute HYPOTENSION Follow up <DATE_TIME> discharge syncope with weakness High Risk Health Conditions,8,Syncope/pre-syncope,Cardiovascular,silver,
medevac in with low bp. pt with stenosis on left arm and clinic was ususing left arm.,651,Shortness of breath,Respiratory,silver,
SOB x <DATE_TIME> was seen in clinic. No,651,Shortness of breath,Respiratory,silver,
"bib gaurdian from <LOCATION>. c/c sob on exertion. pt dx in <LOCATION> w/ CHFand NSTEMI. pt calm aox4, tachypnic, 5 ltr <LOCATION> 94% 02",3,Chest pain—cardiac features,Cardiovascular,rule,STEMI_NSTEMI
"FV HTN, HLD, LBBB, LABS",6,Hypertension,Cardiovascular,silver,
Hypotension back pain,551,Back pain,Orthopedic,silver,
f/u on plan for nephrostomy tube exchange with IR & lower urinary tract,865,Post-operative complications,General and Minor,silver,
New- L3/4 pathologic fx in need to TLSO,551,Back pain,Orthopedic,silver,
F/U - L3/L4 Pathologic Fx,551,Back pain,Orthopedic,silver,
c/o back pain and tachycardia soft B/P,551,Back pain,Orthopedic,silver,
Change of back capeters kidney,865,Post-operative complications,General and Minor,silver,
"tachycardia, neck pain",104,Neck swelling/pain,ENT - Mouth/Throat/Neck,silver,
<DATE_TIME> female came in for abdominal pain,251,Abdominal pain,Gastrointestinal,silver,
<PERSON> <DATE_TIME>. denies n/v/d. given 4 mg morphine at vill. in flight received 100 mcg fent and 4 mg zofran.,251,Abdominal pain,Gastrointestinal,silver,
recheck ABD pain,251,Abdominal pain,Gastrointestinal,silver,
"sob, fever, fatigue, vomiting.",651,Shortness of breath,Respiratory,silver,
"Pt Medivac from <PERSON> for Lupus Pleuropericarditis. Pt stable on arrival, SOB with exertion.",651,Shortness of breath,Respiratory,silver,
Post discharge FV,866,Minor complaints NOS,General and Minor,silver,
PHN for vaccination,866,Minor complaints NOS,General and Minor,silver,
Other cause of Mild Shortness of Breath,651,Shortness of breath,Respiratory,silver,
47 y/o female c/o shortness of breath,651,Shortness of breath,Respiratory,silver,
47 y/o female comes to the clinc for recheck shortness of breath,651,Shortness of breath,Respiratory,silver,
Other causes of Mild Shortness of Breath: Shortness of Breath 3,651,Shortness of breath,Respiratory,silver,
other cause of mild shortness of breath: shortness of breath 3,651,Shortness of breath,Respiratory,silver,
<DATE_TIME> female recheck shortness of breathe,651,Shortness of breath,Respiratory,silver,
"<DATE_TIME> female here for recheck on shortness of breath, was feeling this way for <DATE_TIME> and <PERSON> seen here at the clinic <DATE_TIME> doing rechecks, last seen <DATE_TIME>, and reported, also cold turkey on smoking both dope and ciggrettes,",651,Shortness of breath,Respiratory,silver,
"recheck visit ,",866,Minor complaints NOS,General and Minor,silver,
pt c/o of shortness of breath with or without activity for <DATE_TIME>; tested covid - <DATE_TIME>;,651,Shortness of breath,Respiratory,rule,COVID_RESPIRATORY
"Cholecystitis, CHF BIB Guardian flight, Pt SOB Coughing earlier, pt states ""I was couging"" pitting edema lower extremeties, 60mg total given <LOCATION>, A&Ox4",999,Unknown,General and Minor,rule,CHF_UNKNOWN
"F/u hospital d/c, HFrEF",866,Minor complaints NOS,General and Minor,silver,
<DATE_TIME> female C/O unable to keep liquids and food down,257,Nausea and/or vomiting,Gastrointestinal,silver,
1) Mild Dehydration 2) Gastroenteritis,7,General weakness,Cardiovascular,rule,DEHYDRATION
Follow Up: Mild Dehydration Gastroenteritis,7,General weakness,Cardiovascular,rule,DEHYDRATION
<DATE_TIME> female C/O follow up gastroenteritis,257,Nausea and/or vomiting,Gastrointestinal,silver,
"pt c/o n/v/abd pain x5 days, hx of gallstones...",251,Abdominal pain,Gastrointestinal,silver,
Medevac from <LOCATION> for cholecystitis and CHF exacerbation. Pt c/o RUQ pain x <DATE_TIME>. BNP 5200. NPO since <DATE_TIME>.,999,Unknown,General and Minor,rule,CHF_UNKNOWN
follow-up hospital discharge; labs,863,Abnormal lab values,General and Minor,silver,
f/u HFrEF/Palpitations: labs,5,Palpitations/irregular heart beat,Cardiovascular,silver,
"short of breath with excertion, unable to lay down",651,Shortness of breath,Respiratory,silver,
"Authorized in from <LOCATION> with guardian. <DATE_TIME> developed cough, fever with N/V then increased with SOB, grandson in home has been sick with Pneumonia. In clinic <DATE_TIME> placed on oxygen, 2 L NS and steroids. 92 RA",154,URTI complaints,ENT - Nose,silver,
"Authorized in from <LOCATION> with guardian on <DATE_TIME>, Dx with the flu instructed to return for a follow-up <DATE_TIME>. still cough and increased SOB",154,URTI complaints,ENT - Nose,silver,
follow up with cold and fractered rib,866,Minor complaints NOS,General and Minor,silver,
"History of pre, HTN Referring provider- <PERSON>, <PERSON>, FNP",6,Hypertension,Cardiovascular,silver,
hospital folow up,865,Post-operative complications,General and Minor,silver,
beat up,802,Major trauma—blunt,Trauma,silver,
"PT medivac in for loc, left periorbital swelling and edema, left jaw injury, and left knee injury.",509,Periorbital swelling,Ophthalmology,silver,
Orbital fracture,510,Eye trauma,Ophthalmology,silver,
"Ref for orbital fx eval +double vision one image up, one image down, no hx of eye surgery, no eye drops",508,Diplopia,Ophthalmology,silver,
FV Orbital Fracture,510,Eye trauma,Ophthalmology,silver,
"Altered mental status, multiple seizures, visual changes, headache, nausea, flank pain",405,Seizure,Neurologic,silver,
pain in the hands and right knee,554,Upper extremity pain,Orthopedic,silver,
AMS. unsteady gate at home.,406,Gait disturbance/ataxia,Neurologic,silver,
"Dizzy when she stands, vomiting from feeling dizzy",403,Vertigo,Neurologic,silver,
Vertigo,403,Vertigo,Neurologic,silver,
"Authorized in frim <LOCATION>, awoke <DATE_TIME> at <DATE_TIME> with dizziness and hypotension. Two liters of ns resolved the hypotension but still remains dizzy. Hx of vertigo",403,Vertigo,Neurologic,silver,
follow up from <DATE_TIME> vertigo,403,Vertigo,Neurologic,silver,
sinus infection,154,URTI complaints,ENT - Nose,silver,
<DATE_TIME> female with coughing and fever and feeling sick,154,URTI complaints,ENT - Nose,silver,
911 call 42 yo male chief complaint of severe abdominal pain,251,Abdominal pain,Gastrointestinal,silver,
"Authorized in from <LOCATION> with Guardian. For <DATE_TIME> now has been having stomach issues, but for <DATE_TIME> now constant, sharp. Hx of GI bleed with transfusion. Hgb 6.1. vomiting <DATE_TIME>. pale in color with weakness",260,Blood in stool/melena,Gastrointestinal,rule,GI_BLEED
"weakness,possible seisure",405,Seizure,Neurologic,silver,
hopsital follow up. Admitted for GIB. Recheck CBC,260,Blood in stool/melena,Gastrointestinal,rule,GI_BLEED
"ambulatory, woke up with pain, swelling, heat to bilat arm <NRP> sites. discharged <DATE_TIME>, was admitted for anemia and received 3 units blood products. arms were normal when he went to bed",709,Localized swelling/redness,Skin,silver,
"GI bleeding, H. pylori, Thrombophlebitis",260,Blood in stool/melena,Gastrointestinal,rule,GI_BLEED
"Pt was a medevac pt <DATE_TIME> and has some phlebitis around his 2 PIV sites. Pt's PIV sites are warm, red/rashy looking and hard to the touch. Pt reports he believes he had a fever <DATE_TIME>.",709,Localized swelling/redness,Skin,silver,
low hgb,864,Pallor/anemia,General and Minor,silver,
bib medivac for Weakness/ tarry stool hgb 5.3/ pt ambulated to stretcher,864,Pallor/anemia,General and Minor,silver,
FV discharge from 4W,866,Minor complaints NOS,General and Minor,silver,
Chronic anemia,864,Pallor/anemia,General and Minor,silver,
Pt arrived via EMS unresponsive,401,Altered level of consciousness,Neurologic,silver,
Seizure like activity,405,Seizure,Neurologic,silver,
Seizure activity <DATE_TIME>,405,Seizure,Neurologic,silver,
seizure activity,405,Seizure,Neurologic,silver,
"Abdominal Pain, Nausea, Vomiting.",251,Abdominal pain,Gastrointestinal,silver,
"left-sided, abdominal pain",251,Abdominal pain,Gastrointestinal,silver,
"chest pain, started <DATE_TIME> PTA",3,Chest pain—cardiac features,Cardiovascular,silver,
BIB EMS from <LOCATION> for chest pain and possible NSTEMI. No chest pain upon arrival.,3,Chest pain—cardiac features,Cardiovascular,rule,STEMI_NSTEMI
Chest pain with cough,4,Chest pain—non-cardiac features,Cardiovascular,silver,
<DATE_TIME>. M known seizure patient had 2 seizures <DATE_TIME>,405,Seizure,Neurologic,silver,
"fall x5 over <DATE_TIME>, unable now to walk independently, trauma to head",407,Head injury,Neurologic,silver,
"Pt BIB AFR M-4 S/P Seizure & Hotel, Pt w/ Hx of TBI, transferred from <PERSON> for appts. r/t further evaluation of pneumonia & had Seizure, Sister (POA) @ bdsd.",865,Post-operative complications,General and Minor,rule,POST_OP
stomach ache,251,Abdominal pain,Gastrointestinal,silver,
"Pt BIB air for report of ABD pain following a colonoscopy, possiable perf, Pt reports has been painfull sence, Denies N/V/D.",251,Abdominal pain,Gastrointestinal,silver,
s/p lap right colectomy for colon perf,865,Post-operative complications,General and Minor,rule,POST_OP
59 yo female chief complaint of sinus pain and sore throat,154,URTI complaints,ENT - Nose,silver,
Sinus Infection,154,URTI complaints,ENT - Nose,silver,
abdominal cramping since <DATE_TIME>. Blood in stool x 2. vomiting,260,Blood in stool/melena,Gastrointestinal,silver,
<DATE_TIME> female with f/u for infection in intestines. pt was medivaced to <DATE_TIME>,251,Abdominal pain,Gastrointestinal,silver,
continued <PERSON> pain after taking abx for gi infection.,251,Abdominal pain,Gastrointestinal,silver,
Follow/up. Still having abdominal pains. No change with the pain after finding out on a cat scan she has gall stones. Wants to know how many were on her cat can and how big were they. And wants to know when will they come out and how will they come out.,251,Abdominal pain,Gastrointestinal,silver,
Follow Up Abdominal Tenderness with Gall Stones- Still painful,251,Abdominal pain,Gastrointestinal,silver,
infected wound,709,Localized swelling/redness,Skin,rule,LOCALIZED_INFECTION
"50yo M ccHardened mass on buttocks, very painful",263,Abdominal mass/distention,Gastrointestinal,silver,
"Fever, facial flushing, chest pressure <PHONE_NUMBER> <DATE_TIME>, chest pain x1month",3,Chest pain—cardiac features,Cardiovascular,silver,
"50yo M recheck abscess, last seen for this today, given Bactrim and motrin",709,Localized swelling/redness,Skin,rule,LOCALIZED_INFECTION
"recheck visit skin/soft tissue 15: abscess, pt self reports fever not breaking, SOB for a bit before tylenol kicked in, cold sweats",709,Localized swelling/redness,Skin,rule,LOCALIZED_INFECTION
F/u R RCR,866,Minor complaints NOS,General and Minor,silver,
Lower adbominal pain,251,Abdominal pain,Gastrointestinal,silver,
"BIBA LifeMed for NSTEMI. Arrives In NAD. On Heparin gtt @ 10mL/hr. Also dx with diverticulitis <DATE_TIME>, last dose zosyn 1830 <DATE_TIME>. Escort present.",3,Chest pain—cardiac features,Cardiovascular,rule,STEMI_NSTEMI
follow-up hospital discharge/NSTEMI,3,Chest pain—cardiac features,Cardiovascular,rule,STEMI_NSTEMI
LUQ pain s/p MVA <DATE_TIME>,865,Post-operative complications,General and Minor,rule,POST_OP
"chest pain, increase bp",3,Chest pain—cardiac features,Cardiovascular,silver,
"<DATE_TIME> male cc SOB and chest pain , started <DATE_TIME>",3,Chest pain—cardiac features,Cardiovascular,silver,
ear 9: other ear problem,51,Earache,ENT - Ears,silver,
"<DATE_TIME> female has L outer ear swelling on the earlobe, husband notice <DATE_TIME>. no injury. no pain but its itchy. took tylenol 325mg. never had this before. <DATE_TIME> felt off balance <DATE_TIME> not so bad. eating ok, drinking ok. +chilled.",709,Localized swelling/redness,Skin,silver,
ear canal infection,55,"Discharge, ear",ENT - Ears,silver,
Pt has a very swollen L ear and side of head in immediate proximity to ear and it is painful and throbbing and she is very unsteady on her feet.,709,Localized swelling/redness,Skin,silver,
"Authorized in from <LOCATION> <DATE_TIME> developed frontal area rafdiating into the lower back. swelling into the right eye/ear, chills and unsteady on her feet. unable tpo walk w/o assist",709,Localized swelling/redness,Skin,silver,
"BIB Guardian Flight from <PERSON> for obital cellulitis. Obvious swelling and edema around right eye, pt appears uncomfertable. Not opening right eye. Appears uncomfortable.",709,Localized swelling/redness,Skin,rule,LOCALIZED_INFECTION
"ref. for hosptial follow up, req. by <PERSON>, DO",855,Direct referral for consultation,General and Minor,silver,
"Altered mental status, abnormal lung sounds",401,Altered level of consciousness,Neurologic,silver,
pt with rectal bleeding. given tylenal x 4 doses in clinic. 2 mg morphine in flight with 4 mg zofran . Low H&H,260,Blood in stool/melena,Gastrointestinal,silver,
SOB worsening x <DATE_TIME>. worsening malaise. bed ridden x <DATE_TIME>.,651,Shortness of breath,Respiratory,silver,
facial injuries,102,Facial trauma,ENT - Mouth/Throat/Neck,silver,
bib ems from <LOCATION> for surg consult. suspected assult at approx 430 this moning. +loc. multiple facial fx dx pta with x3 subdural hemtoma. alert calm even resps. +inflammation and dry bloody drainage noted to face,102,Facial trauma,ENT - Mouth/Throat/Neck,silver,
"Mouth pain from assault <DATE_TIME>, seen in <LOCATION>.""My mouth hurts and I cant eat real well"" Tissue appears to be loose upper pallet. Airway intact. ""I want you to do surgery on my to fix it""",107,Facial pain (non-traumatic/non-dental),ENT - Mouth/Throat/Neck,silver,
"chest pain for <DATE_TIME>, awaken at <DATE_TIME> with <LOCATION>",3,Chest pain—cardiac features,Cardiovascular,silver,
<PERSON> pain since <DATE_TIME>,866,Minor complaints NOS,General and Minor,silver,
other medical emergency,866,Minor complaints NOS,General and Minor,silver,
"81yo F ccVomit bright red blood, abdominal pain <DATE_TIME>, black stool x <DATE_TIME>",259,Vomiting blood,Gastrointestinal,silver,
"Authorized in from <LOCATION> with Guardian <DATE_TIME> LLQ pain passing blood, pale in color",260,Blood in stool/melena,Gastrointestinal,silver,
"arrived alert, tallking with guardian pt started vomiting bright red bld <DATE_TIME>, trransfer from <LOCATION>. H/H <DATE_TIME>, 1 PRBC admin. at <LOCATION>. pt arrived with 2nd PRBC running, <PERSON> placed, vs stable, 80 protonix given, proton. drip 8mg/hr on arrival, 1L <LOCATION>",259,Vomiting blood,Gastrointestinal,silver,
"pt brought right back from triage, recent surgery <DATE_TIME>, c/o chest pain <DATE_TIME> PTA, pt tacycardic and shaky, had blood transfusion for GI bleed in <LOCATION>, pt has difficulty answering questions at times d/t SOB.",260,Blood in stool/melena,Gastrointestinal,rule,GI_BLEED
"ref. for hosp DC FV for upper GI bleed, and H. pylori infection, dc by <PERSON>, will attach ref. when recieved",260,Blood in stool/melena,Gastrointestinal,rule,GI_BLEED
"81yoF Eval ""Blue in Vision"" ""The day before I got here (<DATE_TIME>) I have been seeing a cloud in my right eye with some flashes. I can see blue."" No eye meds. OHx: ARMD, ERMs OU, S/P PE IOL OD 12.17.13 KAL & Glacier Surgery PE IOL OSx10yrs ago per pt",752,Overdose ingestion,Substance Misuse,rule,OVERDOSE
81yo F ccSeizure at home that has stopped,405,Seizure,Neurologic,silver,
seizure in a known seizure patient,405,Seizure,Neurologic,silver,
nervous 9: seizure in a known seizure patient,405,Seizure,Neurologic,silver,
"81yo F recheck had another seizure after using the bathroom, hasn't been having her seizure medicine",405,Seizure,Neurologic,silver,
"81yo F brought in by grandson <PERSON> for recheck bp and to check if she is taking all her medications as directed, seen <LOCATION> <DATE_TIME> by <PROVIDER>",863,Abnormal lab values,General and Minor,silver,
"follow up care for seizures, bp check and medication update",405,Seizure,Neurologic,silver,
follow-up LHC,855,Direct referral for consultation,General and Minor,silver,
"Authorized in from <LOCATION> with Guardian, related to on/oof chest pain with nausea and sob <DATE_TIME>. In <LOCATION> related to heart cath on the 15th",3,Chest pain—cardiac features,Cardiovascular,silver,
short of breathre and chest pain,3,Chest pain—cardiac features,Cardiovascular,silver,
"Authorized in from <LOCATION>, with Guardian related to chest pain with SOB and nausea. states sob has been going on since covid 1 <DATE_TIME> <DATE_TIME>",651,Shortness of breath,Respiratory,rule,COVID_RESPIRATORY
pt sno go accident with right shoulder right eye and lower back pain.,802,Major trauma—blunt,Trauma,silver,
"39 y/o male had a snowmachine accident and complaining of back pain, shoulder pain, and has a swollen eye with laceration on eyelid and lower eyelid",802,Major trauma—blunt,Trauma,silver,
possible closed fracture to right shoulder. Lower Back pain with muscle strain. Other Eye Injury,802,Major trauma—blunt,Trauma,silver,
eval enlarged CBD and pancreatic du,263,Abdominal mass/distention,Gastrointestinal,silver,
upper right abd pain. finished abx <DATE_TIME>.,251,Abdominal pain,Gastrointestinal,silver,
known hernia. 1 small bowel movement <DATE_TIME>. usually has 2-3 a day. increased abd pain over left lower hernia and vomited.,251,Abdominal pain,Gastrointestinal,silver,
Pt BIB Medevac coming from <LOCATION> for incarcererated hernia. pt states pain vomiting began <DATE_TIME> and he was seen in <LOCATION> in <LOCATION>. pt alert and communicating well. pain controlled with morphine in flight.,256,Groin pain/mass,Gastrointestinal,silver,
FV - Incarcerated L inguinal Hernia,256,Groin pain/mass,Gastrointestinal,silver,
cough since 3rd. chest pain off and on since then. coughs up green flem,653,Cough/congestion,Respiratory,silver,
CP intermittant since <DATE_TIME> at <DATE_TIME>.,3,Chest pain—cardiac features,Cardiovascular,silver,
"F/U STEMI, discharged from PAMC <DATE_TIME>.",3,Chest pain—cardiac features,Cardiovascular,rule,STEMI_NSTEMI
VTC FV STEMI 3/<DATE_TIME>; labs,3,Chest pain—cardiac features,Cardiovascular,rule,STEMI_NSTEMI
"dull upper abd pain x <DATE_TIME> with ""black"" diarrhea",260,Blood in stool/melena,Gastrointestinal,silver,
"Abdominal pain x3 days; intermittent diarrhea, hx of gastric, colon cancer",251,Abdominal pain,Gastrointestinal,silver,
FV - venteral hernia repair <DATE_TIME>,865,Post-operative complications,General and Minor,silver,
F/U Hernia Surgery,865,Post-operative complications,General and Minor,silver,
"Snow machine accident passenger, hit snow bank complaining of LOC unknow time and took time before he could move, Anterior chest pain.",804,Isolated chest trauma—blunt,Trauma,silver,
chest injury,804,Isolated chest trauma—blunt,Trauma,silver,
<DATE_TIME>. F home visit for fatigue and not able to sleep.,7,General weakness,Cardiovascular,silver,
homevisit to reheck <DATE_TIME>. F for fatigue and labs,7,General weakness,Cardiovascular,silver,
Recheck Fatigue Improvement,7,General weakness,Cardiovascular,silver,
Other cause of mild shortness of Breath Frail Elder,651,Shortness of breath,Respiratory,silver,
Short of breath,651,Shortness of breath,Respiratory,silver,
SOB x <DATE_TIME>,651,Shortness of breath,Respiratory,silver,
<DATE_TIME>. F follow-up after discharge from inpatient at for CHF and bells palsy,999,Unknown,General and Minor,rule,CHF_UNKNOWN
"Recheck After Admission for CHF, Bells Palsy Recurrent UTI",999,Unknown,General and Minor,rule,CHF_UNKNOWN
Lab Draw,863,Abnormal lab values,General and Minor,silver,
eval urinary concerns,307,UTI complaints,Genitourinary,silver,
intermitted chest pain for <DATE_TIME>. relieved with SL nitro.,3,Chest pain—cardiac features,Cardiovascular,silver,
pt bib medivac for chest pain and elevated troponin x <DATE_TIME>,3,Chest pain—cardiac features,Cardiovascular,silver,
FV DC and from 5.13.22,866,Minor complaints NOS,General and Minor,silver,
Pt seen in ED recently for similar symptoms. Pt reports that she has constant HA and CP. <PERSON> states she was <PERSON> on <DATE_TIME> for same symptoms. Pt states headache is pounding on right side. Pt states it feels like her brain is electrocuting her.,404,Headache,Neurologic,silver,
sore throat and earache and coughing,103,Sore throat,ENT - Mouth/Throat/Neck,silver,
Eval - Choledocholithiasis S/p ERCP & stent; Discuss repeat,865,Post-operative complications,General and Minor,rule,POST_OP
"<PERSON> from <LOCATION> due to diffuse abd pain after recent gallstone procedure, due to follow up in <LOCATION> <DATE_TIME>; reports intermittent abd pain x 1 wk",251,Abdominal pain,Gastrointestinal,silver,
"<LOCATION>; sepsis of unk origin with hypotension given 3.5 <LOCATION>, zosyn; arrives on norepi @7mcg/min. recent biliary stint placed",999,Unknown,General and Minor,rule,SEPSIS_UNKNOWN
medical clearance for TKA,855,Direct referral for consultation,General and Minor,silver,
medevaced in for possible SI but pt denied presently; reportedly was drinking <DATE_TIME> and doesn't remember the events of the evening,351,Depression/suicidal/deliberate self-harm,Mental Health,silver,
"BIB Guardian from <LOCATION> for a spontaneous, 1st trimester miscarriage.",457,"Pregnancy issues, <20 weeks",OB/GYN,silver,
Fatigue,7,General weakness,Cardiovascular,silver,
F/U SAB D&C,457,"Pregnancy issues, <20 weeks",OB/GYN,silver,
F/U Labs,863,Abnormal lab values,General and Minor,silver,
Vaginal discharge,453,Vaginal discharge,OB/GYN,silver,
<DATE_TIME> female came in for other cause of vomiting was last seen on <DATE_TIME> been in and out of the clinic since the 17th,257,Nausea and/or vomiting,Gastrointestinal,silver,
Other cause of vomiting Digestive 9 Severe dehydration,7,General weakness,Cardiovascular,rule,DEHYDRATION
"N/V for <DATE_TIME>, denies abd pain, constipation",257,Nausea and/or vomiting,Gastrointestinal,silver,
"<DATE_TIME> female came in for vomiting, she has been in and out of the clinic since <DATE_TIME> was sent to <LOCATION> on <DATE_TIME> and still vomiting since than. patient has not been able to eat and has lost weight.",257,Nausea and/or vomiting,Gastrointestinal,silver,
"Authorized in from <LOCATION>, nausea and vomiting x <DATE_TIME> related to canibis use. seen in ed for same instructed to stop. just spitting into a bag during triage",257,Nausea and/or vomiting,Gastrointestinal,silver,
"Pt flown in from village for new found ovarian mass. Pt w/ abd pain x <DATE_TIME>, was seen multiple times in <LOCATION> ct was finally done <DATE_TIME> and the mass found. Pt w/ intermittene N/V relieved by anitemetics.",263,Abdominal mass/distention,Gastrointestinal,silver,
fv metastatic gastric adenocarcinoma,251,Abdominal pain,Gastrointestinal,silver,
Eval - metastatic gastric cancer,251,Abdominal pain,Gastrointestinal,silver,
"vomiting for <DATE_TIME>, since discharge from hospital for stomach CA",257,Nausea and/or vomiting,Gastrointestinal,silver,
"sent from oncologoy for low potassium, pt reports feeling weak, nausea. pt calm ambulatory.",864,Pallor/anemia,General and Minor,silver,
BIB Guardian from <LOCATION> for J-tube displacement. Has not had any nourishment or medications x <DATE_TIME>.,860,Medical device problem,General and Minor,silver,
Home visit for <DATE_TIME> female who pulled out her feeding tube,860,Medical device problem,General and Minor,silver,
other medical emergency : possible seizure,405,Seizure,Neurologic,silver,
Pt arrives via Guardian from <LOCATION> for further evaluation of new onset seizure activity. GCS 15 upon arrival.,405,Seizure,Neurologic,silver,
"medivac, seizures. responsive to pain only.",405,Seizure,Neurologic,silver,
<PERSON> was admitted and needs to see Doaty before flying home,866,Minor complaints NOS,General and Minor,silver,
"Ref: Follow-up GNR bacteremia, confirm improvement with metronidazole.",999,Unknown,General and Minor,rule,SEPSIS_UNKNOWN
labs for Rheumatology clinic,863,Abnormal lab values,General and Minor,silver,
41 y.o. F brought into the clinic for seizures,405,Seizure,Neurologic,silver,
Seizures in a Known Seizure Patient,405,Seizure,Neurologic,silver,
seizure activity <DATE_TIME>,405,Seizure,Neurologic,silver,
Blood Draw for Rheumatoid Arthritis,863,Abnormal lab values,General and Minor,silver,
pt comes in medevac. two seizures <DATE_TIME> after not being on her meds for <DATE_TIME>. pt alert and oriented on arrival,405,Seizure,Neurologic,silver,
Seizure in a Known Seizure Patient,405,Seizure,Neurologic,silver,
<DATE_TIME>. F comes in for seizures,405,Seizure,Neurologic,silver,
"Authorized in from <LOCATION> by guardian related to having three seizures lasting <DATE_TIME> apart. Was given 1 liter <LOCATION>, ativan 2mg <LOCATION>. Taking dilantin",405,Seizure,Neurologic,silver,
Authorized From <LOCATION> thia morning around 1200am fell to clinic with neuro deficts,409,Extremity weakness/symptoms of CVA,Neurologic,silver,
f/u for anemia and labs.,864,Pallor/anemia,General and Minor,silver,
"FV SOB on exertion, tobacco use, spirometry pre-post",651,Shortness of breath,Respiratory,silver,
FV +labs,866,Minor complaints NOS,General and Minor,silver,
hx pericardial effusion,866,Minor complaints NOS,General and Minor,silver,
SOB AND CP x <DATE_TIME>,651,Shortness of breath,Respiratory,silver,
"Abdomen pain, N/V, blood in stool",260,Blood in stool/melena,Gastrointestinal,silver,
"epigastric pain for <DATE_TIME>, seen in village clinic and sent to ER",251,Abdominal pain,Gastrointestinal,silver,
"sent from <LOCATION> Health Center for surgical consult for possible gallbladder removal, Appears uncomfortable, irritable, breathing unlabored, NAD noted",855,Direct referral for consultation,General and Minor,silver,
S/P Lap Chole,865,Post-operative complications,General and Minor,rule,POST_OP
FV seizures,405,Seizure,Neurologic,silver,
"PT PRESENTS TO <PERSON> VIA MEDEVAC FROM VILLAGE CLINIC WITH LOW 02 SATS WHEN SLEEPING, PT WILL NOT WEAR CPAP, PER VILLAGE CHAP PT ALSO HAD 10 SEC ""SEIZURE""",405,Seizure,Neurologic,silver,
"L foot pain x <DATE_TIME>, N/V, chills, diarrhea",555,Lower extremity pain,Orthopedic,silver,
"Pt brought in by Lifemed. Pt went into <LOCATION> ED <DATE_TIME> with <LOCATION> foot pain (dx with cellulitis). pt incidentally found with hemoglobin of 3.7, and given 3 units of PRBC and rpt was <DATE_TIME> of colon mass. Pt arrives in NAD. A&Ox4",709,Localized swelling/redness,Skin,rule,LOCALIZED_INFECTION
Other Cause of abdominal pain,251,Abdominal pain,Gastrointestinal,silver,
"<DATE_TIME> male right side flank pain, maybe ribs, started <DATE_TIME> <DATE_TIME> patient had no room on <DATE_TIME> flight, in pain and requesting pain medication since weather is down,",301,Flank pain,Genitourinary,silver,
"pt called the oncall phone stating he was authorized to go to <LOCATION> this am for evaluation of abd pain, was given 8ea t3s to take home <DATE_TIME>. He took his last one this am and flight was canceled, he states he had a had time sleeping <DATE_TIME>",251,Abdominal pain,Gastrointestinal,silver,
other abd pain not resolving. pt requesting pain medication till he can get on plane,251,Abdominal pain,Gastrointestinal,silver,
"Authorized in from <LOCATION> with Guardian, related to abdominal pain for <DATE_TIME>. ook t3 x three no relief. upon skin assesment paitent has redness/pain mid abdomen to mid back",251,Abdominal pain,Gastrointestinal,silver,
"Chest pain, arms feel heavy",3,Chest pain—cardiac features,Cardiovascular,silver,
c/o diarrhea x <DATE_TIME> with vomitting <DATE_TIME>. c/o chest pain with inspiration.,254,Diarrhea,Gastrointestinal,silver,
Rectal bleeding,260,Blood in stool/melena,Gastrointestinal,silver,
Left ankle Injury,557,Lower extremity injury,Orthopedic,silver,
"BIB Guardian for stroke ><DATE_TIME>, R side facial droop and L sed weakness, pt has Hx of hypertension, poor compliance with med lisonopril. Initial BP in <LOCATION> <PHONE_NUMBER>. Medics titrated nicartopine 5mg. Pt A+Ox4, Walking boot L leg for Fibula fx.",409,Extremity weakness/symptoms of CVA,Neurologic,rule,CVA_STROKE
laceration on fore head,704,Laceration/puncture,Skin,silver,
driver of atv rear-ended another atv. went over handle bars and has lac to left forehead arm pain right and abd pain; black eye left,802,Major trauma—blunt,Trauma,silver,
Pt states she has kidney problems came Via EMS,307,UTI complaints,Genitourinary,silver,
DC FV <LOCATION>,999,Unknown,General and Minor,silver,
"lower abd pain since <DATE_TIME>, emesis x 1 with continued nausea, diarrhea. denies urinary complaints. states feeling dehydrated after having diarrhea <DATE_TIME>. pt appears uncomfortable. no meds pta. recent admission for gi bleed, etoh w/d.",7,General weakness,Cardiovascular,rule,DEHYDRATION
FV labs,999,Unknown,General and Minor,silver,
Hx of Crohns Ds. N/V and diarrhea <DATE_TIME> per pt. Pt seen by primary care <DATE_TIME>. Pale.,257,Nausea and/or vomiting,Gastrointestinal,silver,
"Was discharged from on <DATE_TIME>, related to <NRP> states pain never went away. Shopping <DATE_TIME> developed weakness. out of pain meds. has appointment with GI doctor <DATE_TIME>, thinks thats too long",7,General weakness,Cardiovascular,silver,
pt states she was in for rectal and intestinal pain and was given fent and morphine while inpt. discharged home with percs and is now out of pain meds and still has intestinal and rectal pain and would like more pain medicine,258,Rectal/perineal pain,Gastrointestinal,silver,
Crohn's flare,251,Abdominal pain,Gastrointestinal,silver,
"pt here for scratches/abrasion on her rt buttock, also c/o rash to same area",703,Abrasion,Skin,silver,
Diarrhea,254,Diarrhea,Gastrointestinal,silver,
"BIB air pt was at <LOCATION> for <DATE_TIME>,pt has abd pain, perf diverticulitis and tachycardia HR 130's, fever on arrival 101.5",251,Abdominal pain,Gastrointestinal,silver,
"low blood sugar, dehydrated, malaise, vomiting, abdominal pain",7,General weakness,Cardiovascular,rule,DEHYDRATION
"BIB Guardian for SBO from <LOCATION>. NG and <PERSON> on arrival. Pt denies pain, N/V on arrival. Slightly pale. RR unlabored. GCS 15. 1L given en route. Rocephin given at <DATE_TIME>. Htx SBO, <PERSON>. Last H/H stable per EMS. Drinks 5th per day, last drink yest.",251,Abdominal pain,Gastrointestinal,rule,BOWEL_OBSTRUCTION
"Ref. post hospitalization f/u prior to travel to <LOCATION> for rehab or locally Referred <PERSON>, <LOCATION>",855,Direct referral for consultation,General and Minor,silver,
FV,852,Fever,General and Minor,silver,
FV with <PERSON> per Dr. <PERSON> <DATE_TIME>,852,Fever,General and Minor,silver,
c/o bilateral feet and right arm swelling that began <DATE_TIME>. States she has blood clots.,10,Bilateral leg swelling/edema,Cardiovascular,silver,
"Pt walk in. Pt with very minor cut to R hand. Pt states ""when my hands are chapped they can split sometimes and I want some bacitracin"". NAD. No other complaints. A&Ox4",703,Abrasion,Skin,silver,
"Dysuria, urinary urgency and frequency x <DATE_TIME>",307,UTI complaints,Genitourinary,silver,
arrived via EMS W/ C/O SOB,651,Shortness of breath,Respiratory,silver,
"BIB LM for sudden hematemesis beginning <DATE_TIME>. In <LOCATION> vomited 1L BRB, BP of <PHONE_NUMBER>. Norepi infusing <DATE_TIME> w systolic >100. Received 3L IVF, 3 units whole blood en route. Drinks <DATE_TIME>. <DATE_TIME> s/p assault. Given 50mcg fentanyl. Takes apixaban.",865,Post-operative complications,General and Minor,rule,POST_OP
post inpatient f/u.,855,Direct referral for consultation,General and Minor,silver,
"Fatigue, weakness",7,General weakness,Cardiovascular,silver,
"BIB GF from <PERSON>, presented to ED w/ nodules in neck, poor PO intake/dehydration/SOB. Mets found in R lung/liver. recent falls. R pleural ef, 3mm subdural, L rib fx. in flight several runs of SVT <PHONE_NUMBER>sec), asymptomatic. hx dysphagia @ baseline. on 4L",7,General weakness,Cardiovascular,rule,DEHYDRATION
<DATE_TIME>. F comes in for fever and boneaches,852,Fever,General and Minor,silver,
Fever and Boneaches,852,Fever,General and Minor,silver,
"Red, Hot, Swollen Joint",12,Unilateral reddened hot limb,Cardiovascular,silver,
"left ankle swollen, red and painful, noted this am, denies any injury",12,Unilateral reddened hot limb,Cardiovascular,silver,
"follow up visit for swelling, redness and pain of left ankle",12,Unilateral reddened hot limb,Cardiovascular,silver,
"pt here for recheck of lle cellulitis, same is worsening, more swollen and reddened than <DATE_TIME>",709,Localized swelling/redness,Skin,rule,LOCALIZED_INFECTION
"BIB Guardian from <LOCATION> for ongoing redness and swelling to left lower leg, ankle and foot. Pt reports pain is managed but has been increasing in swelling and redness since <DATE_TIME>. Received <PERSON>, transported for possible <LOCATION>.",12,Unilateral reddened hot limb,Cardiovascular,silver,
"ankle swollen, cellulitis, hard to stand on ankle throbs and hurts",709,Localized swelling/redness,Skin,rule,LOCALIZED_INFECTION
<DATE_TIME>. F comes in for left ankle pain,555,Lower extremity pain,Orthopedic,silver,
Joint Aches,558,Joint(s) swelling,Orthopedic,silver,
face and jaw injury,102,Facial trauma,ENT - Mouth/Throat/Neck,silver,
"arrived via medevac, c/o L and R jaw pain after assault on <DATE_TIME> after being intoxicated and doesn't remember all events",102,Facial trauma,ENT - Mouth/Throat/Neck,silver,
"ambulatory, came commercial from <LOCATION>. Assaulted <DATE_TIME>, unknown LOC. pt states her jaw fx in 3 places and she has a brain bleed. pt face/head swollen/bruised. L eye difficult to open. denies dizziness. resps unlabored.",102,Facial trauma,ENT - Mouth/Throat/Neck,silver,
numbness on jaw,410,Sensory loss/paresthesia,Neurologic,silver,
chest pain off and on for <DATE_TIME>.,3,Chest pain—cardiac features,Cardiovascular,silver,
"c/o CP, SOP, and HTN, take BP meds <DATE_TIME>, was cleaning when chest began to hurt worsened when tried to relax, hx of CVA, endorses headache, and wekaness, denies dizziness, vision changes, tingling. breathing unlabored. NAD noted",409,Extremity weakness/symptoms of CVA,Neurologic,rule,CVA_STROKE
Pt transfer left sided weakness with slurred speech' pt states woke up this am with altered speech; also left sided facial droop; received asa 324 as only intervention; hx of previous stroke,409,Extremity weakness/symptoms of CVA,Neurologic,rule,CVA_STROKE
pt here for eval of slurred speech and left sided weakness. pt states went to bed at <DATE_TIME> with s/s @ <DATE_TIME>,409,Extremity weakness/symptoms of CVA,Neurologic,silver,
Slipped and injured right hip,557,Lower extremity injury,Orthopedic,silver,
other cause of abdominal pain,251,Abdominal pain,Gastrointestinal,silver,
"<DATE_TIME> female, abdominal pain",251,Abdominal pain,Gastrointestinal,silver,
pt arrived by guardian abd pain that started <DATE_TIME>. last period <DATE_TIME>,251,Abdominal pain,Gastrointestinal,silver,
"left lower abdominal pain, vaginal bleeding spotting,",455,Vaginal bleed,OB/GYN,silver,
f/u,855,Direct referral for consultation,General and Minor,silver,
"Authorized in from <LOCATION> with Guardian related to chronic left foot pain/necrosis, possible amputation at",553,Amputation,Orthopedic,silver,
LEFT FOOT WITH GANGRENE TO <DATE_TIME> DIGITS. DRESSING AND GOOT IN PLACE.,709,Localized swelling/redness,Skin,rule,GANGRENE
anxiety for <DATE_TIME>. seen <DATE_TIME>. on hydroxizine but says doesnt help. request lorazapam.,352,Anxiety/situational crisis,Mental Health,rule,ANXIETY
anxiety,352,Anxiety/situational crisis,Mental Health,rule,ANXIETY
"BIB Medics, from <LOCATION>, for chest pain, <PERSON>, presents w/ new pedal edema, ECG changes, PIV in-place upon arrival.",3,Chest pain—cardiac features,Cardiovascular,silver,
"Ref. for check labs after recent acute kidney injury, NSTEMI, req. by <PERSON>, <LOCATION>",999,Unknown,General and Minor,rule,ACUTE_RENAL_FAILURE_UNKNOWN
via medivac for dizziness and low BP in clinic.. Also complain of diffuse abdominal pain,403,Vertigo,Neurologic,silver,
"PT PRESENTS TO <PERSON> WITH LEFT KIDNEY PAIN AND FEVER AT HOME WAS RECENTLY D/C FROM HOSPITAL AT , PT AUTHORIZED IN FOR RECHECK",307,UTI complaints,Genitourinary,silver,
Unresponsive. Stroke like symtoms,409,Extremity weakness/symptoms of CVA,Neurologic,rule,CVA_STROKE
"<DATE_TIME> fell down stairs, shipped to <LOCATION> related to Aneurysm, now right sided ha. Had a appointment at <DATE_TIME> in outpatient but didnt want to wait, needs keppra refilled",404,Headache,Neurologic,silver,
f/u er,855,Direct referral for consultation,General and Minor,silver,
NURSE VISIT ONLY: BP evaluation,6,Hypertension,Cardiovascular,silver,
pt fell at home now complaining of right hip pain.,555,Lower extremity pain,Orthopedic,silver,
"Sent from <PERSON> for R hip fx, fell while taking out trash <DATE_TIME>.",557,Lower extremity injury,Orthopedic,rule,FEMUR_FRACTURE
Possible catheter removal,860,Medical device problem,General and Minor,silver,
NP osteoporosis,999,Unknown,General and Minor,silver,
s/p right hip surgical f/u,865,Post-operative complications,General and Minor,rule,POST_OP
"arrived by EMS c/o R hip and low back pain x <DATE_TIME>, seen recently with xrays--denied new injury since seen",555,Lower extremity pain,Orthopedic,silver,
"back pain, hip pain",555,Lower extremity pain,Orthopedic,silver,
chronic hip pain per wife nearly fell yesterday- pain in both hips now. <PERSON> also c/o chest pain,555,Lower extremity pain,Orthopedic,silver,
Possible food poisoning-patient became ill after eating a seagull egg and a milkshake <DATE_TIME>,999,Unknown,General and Minor,silver,
bib flight team from <LOCATION> for surg consult. c/o abd pain SBO with ng in place <LOCATION>. alert calm even resps. hypotension en route,251,Abdominal pain,Gastrointestinal,rule,BOWEL_OBSTRUCTION
wound vac dressing change,856,Dressing change,General and Minor,silver,
"FV - exlap with total abd colectomy, ileostomy, wound vac change",856,Dressing change,General and Minor,silver,
adominal wound care,856,Dressing change,General and Minor,silver,
FV Wound Vac,856,Dressing change,General and Minor,silver,
<DATE_TIME> female C/O L) eye injury,510,Eye trauma,Ophthalmology,silver,
L) eye injury,510,Eye trauma,Ophthalmology,silver,
medevac in for possible orbital floor blow out,510,Eye trauma,Ophthalmology,silver,
"pt fell flat on her back, got up took 4 steps and didnt feel she could put weight on her left leg. pt moving left leg on arrival to er. hx of hip replacement on left side",557,Lower extremity injury,Orthopedic,silver,
<DATE_TIME> female possibleL) side hip,555,Lower extremity pain,Orthopedic,silver,
Musculoskeletal Pain: Closed Fracture R) hip,555,Lower extremity pain,Orthopedic,silver,
chest pain started at <DATE_TIME>,3,Chest pain—cardiac features,Cardiovascular,silver,
<LOCATION> discharge/PCI,865,Post-operative complications,General and Minor,silver,
"Pressure Injury, COVID",708,Rash,Skin,silver,
BIBA x coffee ground emesis and <PERSON>. <PERSON> noted to have dried blood around mouth and c/o being cold.,259,Vomiting blood,Gastrointestinal,silver,
"increased swelling of legs this am, more on right side, weeping of legs",10,Bilateral leg swelling/edema,Cardiovascular,silver,
arrived via Guardian VSS. Edema and deconditioning,9,"Edema, generalized",Cardiovascular,silver,
Authorized in from <LOCATION> related to bilateral lower ext. swelling/redness and pain. FSBS 21 in clinic started on D5. upon arrival FSBS 96. morphine 2mg at 1600 and zofran 4mg at 1605,12,Unilateral reddened hot limb,Cardiovascular,silver,
not urinating,306,Urinary retention,Genitourinary,silver,
"pt bib medivac for eval of a very large decubitous ulcer on her coccyx and urinary retention, pt is orientated to self only. She received 3mg of dilaudid and fentanyl 100mcg during flight.",306,Urinary retention,Genitourinary,silver,
"Pt BIB Guardian flight w/ CC of AMS for <DATE_TIME> per family. Assox sx includes weakness. <LOCATION> for decubitus ulcer and UTI. 1L <LOCATION> and 1 amp D50 due to BGL 48. EMS reports hypotension en route, given 250 ml bolus NS. Hx CKD, HTN, CHF, PVD.",999,Unknown,General and Minor,rule,CHF_UNKNOWN
Alcohol intoxication,751,Substance misuse/intoxication,Substance Misuse,silver,
arrived from <LOCATION> via air transport. pt stated he needed to use the restroom and eloped with iv intact. police called,751,Substance misuse/intoxication,Substance Misuse,silver,
bad alcohol withdrawals,753,Substance withdrawal,Substance Misuse,silver,
Eloped <DATE_TIME>. arrived with ems after being found outside new ac laying on the ground. passed out intoxicated. does follow commands upon tactile stimuli,751,Substance misuse/intoxication,Substance Misuse,silver,
"brought in by ems, passed out after drinking half bottle of rubbing alcohol",752,Overdose ingestion,Substance Misuse,silver,
Vomting and Diarrhea with Abdominal Pain,251,Abdominal pain,Gastrointestinal,silver,
Vomit and Diarrhea. Vomit 5-9 times in <DATE_TIME>. Diarrhea about 7 times in <DATE_TIME>.,254,Diarrhea,Gastrointestinal,silver,
<PERSON> pain with vomiting and diarrhea <DATE_TIME>,257,Nausea and/or vomiting,Gastrointestinal,silver,
F/U L Knee,556,Upper extremity injury,Orthopedic,silver,
Abdominal Pain/Nausea,251,Abdominal pain,Gastrointestinal,silver,
acute chest wall pain with fever,804,Isolated chest trauma—blunt,Trauma,silver,
having bad chest pain due to falling down,804,Isolated chest trauma—blunt,Trauma,silver,
"Authorized in from <LOCATION>, <DATE_TIME> slipped and fell to ground, about 4 steps. C/O left sided chest pain, sob. was hypotensive in clinic received two liters of ns. Vitals stable at present",804,Isolated chest trauma—blunt,Trauma,silver,
pt arrived via guardian air from <LOCATION>. <PERSON> experienced a fall and landed on chest. Has pulmonary contusion left side. Pt usually drink 6 bottles of ETOH daily 80hrs since last drink. RR even and unlabored. Pain 6 out 10.,804,Isolated chest trauma—blunt,Trauma,silver,
recheck pneumonia 13,866,Minor complaints NOS,General and Minor,silver,
recheck pneumonia and respiratory failure,866,Minor complaints NOS,General and Minor,silver,
"mvc, with head trauma and pos. LOC",407,Head injury,Neurologic,silver,
Pt BIB medevac coming from the village as level 1 trauma. see trauma flow sheet,802,Major trauma—blunt,Trauma,silver,
L acetabular fx,557,Lower extremity injury,Orthopedic,silver,
f/u L hip,557,Lower extremity injury,Orthopedic,silver,
Headaches related to Thrombosis Post TBI,404,Headache,Neurologic,silver,
snow machine crash,802,Major trauma—blunt,Trauma,silver,
"Snowmobile wreck, blunt trauma",802,Major trauma—blunt,Trauma,rule,MAJOR_TRAUMA_BLUNT
Fractur f/u,858,Cast check,General and Minor,silver,
pt. is here for a follow-up for fracture on right knee,858,Cast check,General and Minor,silver,
"neck pain post fall <DATE_TIME>, hit neck on metal of truck, pt reports LOC",407,Head injury,Neurologic,silver,
61 y/o male fell and his hit neck and back to bed frame,407,Head injury,Neurologic,silver,
other musculoskeletal injury,866,Minor complaints NOS,General and Minor,silver,
closed fracture: musculoskeltal 2,866,Minor complaints NOS,General and Minor,silver,
<DATE_TIME> male recheck surgery site wound and pain medication,865,Post-operative complications,General and Minor,silver,
Suture removal s/p c-spine surgery,865,Post-operative complications,General and Minor,rule,POST_OP
Respiratory 4: Sinus Infection,154,URTI complaints,ENT - Nose,silver,
<DATE_TIME> female here for think she had a sinus infection <DATE_TIME> had a fever 102,154,URTI complaints,ENT - Nose,silver,
<DATE_TIME> female here for follow up on sinus infection,154,URTI complaints,ENT - Nose,silver,
recheck sinus infection,154,URTI complaints,ENT - Nose,silver,
<DATE_TIME> female worst <DATE_TIME> with sinusitis,154,URTI complaints,ENT - Nose,silver,
HYPOGLYCEMIA & possible bronchitis and sinusitis,854,Hypoglycemia,General and Minor,silver,
low blood sugar,854,Hypoglycemia,General and Minor,silver,
"labs, f/u inpatient d/c on <DATE_TIME>",863,Abnormal lab values,General and Minor,silver,
lab draw,866,Minor complaints NOS,General and Minor,silver,
"Fall, left hip injury",557,Lower extremity injury,Orthopedic,silver,
"arrived by Guardian from <LOCATION>, family reports pt was getting off boat onto uneven gravel and fell, pt traspoerted here for left femoral neck fracture. Pt was given <PERSON> 4 mg at previous facility and Fentanyl 100mcg and Ativan 1 mg iv by Guardian",557,Lower extremity injury,Orthopedic,rule,FEMUR_FRACTURE
sent to ER by case management for staple removal,857,Removal staples/sutures,General and Minor,silver,
pain from Shingles,708,Rash,Skin,silver,
ER follow up - Chest pain,3,Chest pain—cardiac features,Cardiovascular,silver,
"pt BIB Guardian air, c/o <DATE_TIME> of abd pain, dx cholecistitis; surg accepted for ERCP. pt recieved zofran and dilauded PTA. pt ambulated from plane with steady gait per Flight RN. A&Ox4, denies current pain.",251,Abdominal pain,Gastrointestinal,silver,
FV choledocholithiasis,251,Abdominal pain,Gastrointestinal,rule,CHOLECYSTITIS
Right ankle swollen,709,Localized swelling/redness,Skin,silver,
pt unresponsive brought in by ems. seizures in ambulance. binge drinking for <DATE_TIME> per ems caller.,405,Seizure,Neurologic,silver,
Presumed Medication Overdose. Unknown quality and quantity. Possible prescribed B/P Meds.,752,Overdose ingestion,Substance Misuse,rule,OVERDOSE
f/u from <LOCATION>,866,Minor complaints NOS,General and Minor,silver,
"SOB, <LOCATION>, Orthopnea for <DATE_TIME>",651,Shortness of breath,Respiratory,silver,
"reports increased sob,still coughing",653,Cough/congestion,Respiratory,silver,
"FV COPD, Post Hospitalization",651,Shortness of breath,Respiratory,silver,
"swelling ankles, face - under care of cardiology and pulmonology",9,"Edema, generalized",Cardiovascular,silver,
"SOB/DOE x2 weeks. States she had PNA at that time as well. Productive cough. Also states ""her belly is getting big fast"" x3-4 days. C/O swelling to feet, hands & face. Full sentences when seated. Family HX of heart problems.",651,Shortness of breath,Respiratory,silver,
FV COPD,651,Shortness of breath,Respiratory,silver,
"M 22 y brought to clinic for non vomiting from camp up river fishing, intermitten of non breathing, and eyes are like glaring",660,Apneic spells in infants,Respiratory,silver,
other cause of vomiting or diarrhea,254,Diarrhea,Gastrointestinal,silver,
N/V after eating sushi.,257,Nausea and/or vomiting,Gastrointestinal,silver,
53 yo female chest painn for <DATE_TIME>,3,Chest pain—cardiac features,Cardiovascular,silver,
angina,3,Chest pain—cardiac features,Cardiovascular,silver,
"53 yo female recheck on chest pain, started bout <DATE_TIME>",3,Chest pain—cardiac features,Cardiovascular,silver,
"chest pain, hx of htn.",3,Chest pain—cardiac features,Cardiovascular,silver,
"Breast pain, Left",713,"Redness/tenderness, breast",Skin,silver,
"chest pain, back pain, tremors, sweats, no sleep for <DATE_TIME>",3,Chest pain—cardiac features,Cardiovascular,silver,
recheck kidney infection,307,UTI complaints,Genitourinary,silver,
<PERSON> since <DATE_TIME>. no bowel movement since wed or <DATE_TIME>.,253,Constipation,Gastrointestinal,silver,
Brought in by medivac with multiple stab wounds,801,Major trauma—penetrating,Trauma,rule,MAJOR_TRAUMA_PENETRATING
pucture wound,704,Laceration/puncture,Skin,silver,
<DATE_TIME> female with stab wounds,801,Major trauma—penetrating,Trauma,rule,MAJOR_TRAUMA_PENETRATING
recheck lacerations,710,Wound check,Skin,silver,
recheck stab woundshas,801,Major trauma—penetrating,Trauma,rule,MAJOR_TRAUMA_PENETRATING
<DATE_TIME> female C/O minor chest injury by partner,804,Isolated chest trauma—blunt,Trauma,silver,
no sleep in <DATE_TIME>,354,Insomnia,Mental Health,silver,
"pt tx from <LOCATION> for NSTEMI, pt c/o of <DATE_TIME> hx of heartburn as well as <DATE_TIME> of diff sleeping with right sided c/p",3,Chest pain—cardiac features,Cardiovascular,rule,STEMI_NSTEMI
Referral CAD,855,Direct referral for consultation,General and Minor,silver,
pt comes in by ems. <PERSON> positve. satting <DATE_TIME> on <LOCATION>.,651,Shortness of breath,Respiratory,silver,
<PERSON> patient at <DATE_TIME>,999,Unknown,General and Minor,silver,
<DATE_TIME> female fell at work and landed on her left side hip,557,Lower extremity injury,Orthopedic,silver,
Possible closed fracture or left hip dislocation,557,Lower extremity injury,Orthopedic,silver,
pt fell at 1500. left hip injury. <PERSON> and <LOCATION> given at <DATE_TIME>,557,Lower extremity injury,Orthopedic,silver,
"Left hip fracture from fall. Pt got ""tangled"" up in kids at the school she teaches at. <PERSON> any LOC, denies hitting head. deniesN/V",557,Lower extremity injury,Orthopedic,rule,FEMUR_FRACTURE
Wound check Left Femur/hip,710,Wound check,Skin,silver,
Patient was stabbed in RLQ with a knife.,805,Isolated abdominal trauma—penetrating,Trauma,silver,
Other severe abdominal injury,806,Isolated abdominal trauma—blunt,Trauma,silver,
Stab wound to left lower abdomen Pt states intoxicated friend got out of hand and stabbed him.,801,Major trauma—penetrating,Trauma,rule,MAJOR_TRAUMA_PENETRATING
Patient BIB EMS from the village after being stabbed with a Kitchen Knife. Was treated with <PERSON> and fentanyl Found to have an intraperitoneal hematoma on CT. Alert and oriented x4 with even respirations.,805,Isolated abdominal trauma—penetrating,Trauma,silver,
FV stab wound to abdomin,801,Major trauma—penetrating,Trauma,rule,MAJOR_TRAUMA_PENETRATING
altered level of conscienceness of unknown source,401,Altered level of consciousness,Neurologic,silver,
pt husband called on call phone around 9:30pm saying wife couldn't stand and was passing out and couldn't stay awake,8,Syncope/pre-syncope,Cardiovascular,silver,
"Syncope, unresponsive. Witnessed episode of syncope in <LOCATION> then unresponsive. Brought in by medevac. At this time eyes open to voice, follows some commands. VS WNL",8,Syncope/pre-syncope,Cardiovascular,silver,
Recheck after hospital visit,710,Wound check,Skin,silver,
Cutting wood snapped and impacted the face. Lip laceration missing/loose teeth,102,Facial trauma,ENT - Mouth/Throat/Neck,silver,
Pt was sawing ipiece of wood that kicked back and hit him in the face at approximately 1400 <DATE_TIME>. Pt last ate <DATE_TIME>. Pt flown in from <LOCATION> for facial fracture surgery accepted.,102,Facial trauma,ENT - Mouth/Throat/Neck,silver,
f/u after hospital d/c for mouth/jaw injury,865,Post-operative complications,General and Minor,silver,
f/u from jaw surgery,865,Post-operative complications,General and Minor,silver,
Said he fell off a fourwheeler when they were riding and had gotten a scrape that has gotten infected on <DATE_TIME>.,703,Abrasion,Skin,silver,
red streak,709,Localized swelling/redness,Skin,silver,
Cellulitis or Red streak skin/soft tissue 17,709,Localized swelling/redness,Skin,rule,LOCALIZED_INFECTION
"Patient came in on <DATE_TIME> then last night because he had an infection in the <LOCATION> arm came in <DATE_TIME> and got 2 gm rocephen, t3's and ibuprofen red streak was above the elbow and is slowly going down",709,Localized swelling/redness,Skin,silver,
Village vitals,999,Unknown,General and Minor,silver,
BIB EMS from <PERSON> for abscess to L forearm. ATV accident <DATE_TIME> with increasing swelling and puss to wound to L arm.,709,Localized swelling/redness,Skin,rule,LOCALIZED_INFECTION
Pt need new dressing on surgical site. Pt states dressing got wet and needs new dressing for travel <DATE_TIME>.,856,Dressing change,General and Minor,silver,
Follow-up care for L forearm abcess,865,Post-operative complications,General and Minor,silver,
<DATE_TIME> male came in for a recheck visit after surgery on his left arm.,865,Post-operative complications,General and Minor,silver,
vitals,999,Unknown,General and Minor,silver,
pt brought in by medevac. increased heart rate. pt had sx <DATE_TIME> on left arm.,999,Unknown,General and Minor,silver,
<DATE_TIME> male here for tooth ache patient is drinking aunty and girl friend tried to pull his tooth out with pliers and triggering more pain I have <PERSON> here with me,101,Dental/gum problem,ENT - Mouth/Throat/Neck,silver,
suture removal from left forearm,857,Removal staples/sutures,General and Minor,silver,
puncture wound,704,Laceration/puncture,Skin,silver,
"34 y/o male bumped the corner of a couch <DATE_TIME> or <DATE_TIME> and <DATE_TIME> it started swelling up and pain started getting worse, cannot sleep good during the night due to pain",709,Localized swelling/redness,Skin,silver,
skin/soft tissue 12 severe infection,711,Other skin conditions,Skin,silver,
"<DATE_TIME> male seen <DATE_TIME> for right leg infection, given antibiotic and took the dose <DATE_TIME> and <DATE_TIME> and <DATE_TIME>, feel better slept better, but the right leg still painful, and swollen, bruised, and painfulhurts bad.",709,Localized swelling/redness,Skin,silver,
"Authorized in from <LOCATION> with Guardian. <DATE_TIME> bumped right ankle/foot. Now pain, redness and swelling has increased. R/O cellulitis vs DVTwas given antibiotics in clinic",709,Localized swelling/redness,Skin,rule,LOCALIZED_INFECTION
"cut on his R leg, feels like its not getting better and he needs more supplies to take care of it at home",856,Dressing change,General and Minor,silver,
swelling from other cause,709,Localized swelling/redness,Skin,silver,
"66yo M ccSevere swelling in legs, swelling in face and wife said his stomach is real hard, and weight gain wife called about his eyes being real big like he is scared and his SOB and very hard to walk",9,"Edema, generalized",Cardiovascular,silver,
syncopy episode that lasted <DATE_TIME>,8,Syncope/pre-syncope,Cardiovascular,silver,
BIBA for fall <DATE_TIME> at <DATE_TIME> while cutting caribou with LOC; after awake having intratable n/v with headache. Received IV Zofran en route. COVID positive.,405,Seizure,Neurologic,silver,
<DATE_TIME> male C/O abdominal pain,251,Abdominal pain,Gastrointestinal,silver,
Abdominal Pain; Acute abdomen pain,251,Abdominal pain,Gastrointestinal,silver,
"LLQ pain started <DATE_TIME>, ""I was eating caribou that was frozen and raw and walrus (cooked)' Pt states Clinic gave him <PERSON> and ""It helped my pain"" unsure dose. Pt A&Ox4 Last BM <DATE_TIME>, described as watery. No abnormality or deformitiy noted.",251,Abdominal pain,Gastrointestinal,silver,
From <LOCATION> for further evaluation of perforated sigmoid colon. Given zosyn pta. Hem 7.5 pta.,251,Abdominal pain,Gastrointestinal,silver,
"f/u perforated sigmoid colitis, labs drawn prior",865,Post-operative complications,General and Minor,silver,
"weakness,low blood count",7,General weakness,Cardiovascular,silver,
"BIB guardian flight from <LOCATION>. Pt w/ hx of GI bleed, presenting today w/ c/o weakness and lethargy x <DATE_TIME>. Abnormal h/h, received 2U PRBC pta. Pt reports symptom improvement.",260,Blood in stool/melena,Gastrointestinal,rule,GI_BLEED
anemia,864,Pallor/anemia,General and Minor,silver,
Sent commerical from <LOCATION> for eval for a GI bleed. States they are feelign ok right now and has had recent normal stool.,260,Blood in stool/melena,Gastrointestinal,rule,GI_BLEED
"pt in town from village for GI appt. dark tarry stools, dizziness, weakness. denies abd pain or vomiting.",260,Blood in stool/melena,Gastrointestinal,silver,
lab testing,863,Abnormal lab values,General and Minor,silver,
"In town since <DATE_TIME>, since in town drinking heavy, developed headache, dizziness feels as though going to pass out",8,Syncope/pre-syncope,Cardiovascular,silver,
"4 d weakness and dark stools. near syncopal episode at home. HGB 3.5, given 3 total units PRBCs and 1 L fluids. VSS en route.",8,Syncope/pre-syncope,Cardiovascular,silver,
"fv hiatal hernia, patient discharged <DATE_TIME>",866,Minor complaints NOS,General and Minor,silver,
BIB Guardian from <LOCATION> due to abd pain and vomiting <DATE_TIME> (food bolus). hgb 6.4- history of esophageal ulcer and hgb 3.5. Pt denies hemoptysis or bloody stools. aox4. ambulatory.,257,Nausea and/or vomiting,Gastrointestinal,silver,
"medevac for stroke-like symptoms, L UE defecit noted",409,Extremity weakness/symptoms of CVA,Neurologic,rule,CVA_STROKE
<DATE_TIME> having lower abdominal pressure,251,Abdominal pain,Gastrointestinal,silver,
new eval kidney stones mild abdominal pain,251,Abdominal pain,Gastrointestinal,silver,
fu Left kidney stone,999,Unknown,General and Minor,silver,
MVA <DATE_TIME>,802,Major trauma—blunt,Trauma,rule,MAJOR_TRAUMA_BLUNT
abdomen pain (no Trauma),251,Abdominal pain,Gastrointestinal,silver,
"53ye male HAS SEVERE abdomen pain pain level 10.huge bulging on abdomen 15x13 cm , only diarreah <DATE_TIME> nothing solid, poopiong blood",263,Abdominal mass/distention,Gastrointestinal,silver,
bloody diarrhea for <DATE_TIME>,260,Blood in stool/melena,Gastrointestinal,silver,
55 yo male here for recheck after getting discharged from <LOCATION> for Acute Colitis,866,Minor complaints NOS,General and Minor,silver,
Hospital Follow Up,855,Direct referral for consultation,General and Minor,silver,
medevac for Low back pain x <DATE_TIME>,551,Back pain,Orthopedic,silver,
chronic back pain,551,Back pain,Orthopedic,silver,
pain in both legs & right hand,555,Lower extremity pain,Orthopedic,silver,
heart pain,3,Chest pain—cardiac features,Cardiovascular,silver,
"Arrived with <PERSON> team. Alert, tachypneic rate of 40. Oxygen per nasal cannula at 2 liters. Sinus tachycardia.",651,Shortness of breath,Respiratory,silver,
Transferred in. Was a direct admit but coded in flight. In flight worked him for <DATE_TIME> giving 10 rounds of epi. Pt arrived with CPR in progress.,1,Cardiac arrest (non-traumatic),Cardiovascular,silver,
pt overdose on pills.,752,Overdose ingestion,Substance Misuse,rule,OVERDOSE
"Took over 10 pills of 20 mg <NRP> around 9:20PM trying to harm self Patient was loopy at first, once son came over she started walking and talking more. Is talkign fine at 12:05AM while talking to boyfriend without stuttering and walks fine.",351,Depression/suicidal/deliberate self-harm,Mental Health,silver,
Poisoning or overdose by mouth with drugs or medicine,752,Overdose ingestion,Substance Misuse,rule,OVERDOSE
rectal bleed,259,Vomiting blood,Gastrointestinal,silver,
<DATE_TIME> male with seizures after drinking for <DATE_TIME> and going through withdrawal,753,Substance withdrawal,Substance Misuse,rule,SUBSTANCE_WITHDRAWAL
Severe Alcohol Withdrawal,753,Substance withdrawal,Substance Misuse,rule,SUBSTANCE_WITHDRAWAL
ETOH withdrawal with seizure,753,Substance withdrawal,Substance Misuse,rule,SUBSTANCE_WITHDRAWAL
Recheck visit from <DATE_TIME>,710,Wound check,Skin,silver,
<DATE_TIME> male here for recheck visit for seizures/ alcohol withdrawls,751,Substance misuse/intoxication,Substance Misuse,silver,
"pt smoked concentrated weed and got dizzy and light headed. lower bp in clinic, better bp here.",751,Substance misuse/intoxication,Substance Misuse,silver,
Common Cold with Marijuana/Other Hallucinogen Intoxication,353,Hallucinations/delusions,Mental Health,rule,PSYCHOSIS
55F called crying said she feel sick and threw up earlier and said her hands getting numb. Did not try anything to help.,257,Nausea and/or vomiting,Gastrointestinal,silver,
"55yo F recheck UTI, last seen for this <PHONE_NUMBER>, given macrobid",307,UTI complaints,Genitourinary,silver,
urinary 6: other urinary problem,306,Urinary retention,Genitourinary,silver,
"<PERSON> <DATE_TIME>, no v,, has not taken blood pressure meds in <DATE_TIME>.",6,Hypertension,Cardiovascular,silver,
"N/V, Cellulitis",709,Localized swelling/redness,Skin,rule,LOCALIZED_INFECTION
"ref - <PERSON>, FNP NP - referral for eczema - recently hospitalized in <LOCATION> for cellulitis lower extremity",709,Localized swelling/redness,Skin,rule,LOCALIZED_INFECTION
fever and sore throat,154,URTI complaints,ENT - Nose,silver,
"<PERSON> side tonsillar swelling, pt is able to control secretions but has voice changes noted, no airway compromise noted",104,Neck swelling/pain,ENT - Mouth/Throat/Neck,silver,
"BIB ALS from <LOCATION> for peritonsillar abscess. pt started having throat pain amd fever <DATE_TIME>. pt able to swallow, talk, and has 0/10pain.",709,Localized swelling/redness,Skin,rule,LOCALIZED_INFECTION
Follow up R peritonsillar abscess,709,Localized swelling/redness,Skin,rule,LOCALIZED_INFECTION
FV Right PTA,710,Wound check,Skin,silver,
"arrived by Medevac after hit by snow machine on <DATE_TIME> pm, c/o R calf pain, no obvious deformity noted and pt reports pain has decreased since <DATE_TIME>, ambulatory without distress",555,Lower extremity pain,Orthopedic,silver,
RUQ abd pain since <DATE_TIME>,251,Abdominal pain,Gastrointestinal,silver,
Right Upper abdominal pain,251,Abdominal pain,Gastrointestinal,silver,
Pt arrives from <LOCATION> with c/o RUQ Abdominal Pain starting <DATE_TIME>. Sent for surgical consult related to hepatic duct dilation and possible obstructing calculus.,251,Abdominal pain,Gastrointestinal,silver,
S/P lap chole,865,Post-operative complications,General and Minor,rule,POST_OP
Bilat leg edema started <DATE_TIME>,10,Bilateral leg swelling/edema,Cardiovascular,silver,
"Dizzyness, weakness",7,General weakness,Cardiovascular,silver,
Level 2 trauma from <LOCATION>. MVA on snow machine at approx. 50 mph. Pt was wearing helmet. Open right mandible fracture. LOC for <DATE_TIME>.,802,Major trauma—blunt,Trauma,rule,MAJOR_TRAUMA_BLUNT
<PERSON> in,999,Unknown,General and Minor,silver,
RPNV 38 <DATE_TIME>,999,Unknown,General and Minor,silver,
nausea and vomiting,257,Nausea and/or vomiting,Gastrointestinal,silver,
<DATE_TIME> Follow Up,999,Unknown,General and Minor,silver,
Cholestasis pf Pregnancy98,457,"Pregnancy issues, <20 weeks",OB/GYN,silver,
Severe epistaxis,151,Epistaxis,ENT - Nose,silver,
Pt BIB air medevac coming from <PERSON>. pt experiencing nose bleeds x <DATE_TIME> @ <LOCATION> mine. pt states bleeding got worse <DATE_TIME>. pt arrives with <PERSON> to right nare and Rhino rocket to left. pt communicating without difficulty in triage. no active bleed,151,Epistaxis,ENT - Nose,silver,
Minor Head Injury,407,Head injury,Neurologic,silver,
Got jumped by 3 guys in his home,802,Major trauma—blunt,Trauma,silver,
assault. head face and hand trauma.,802,Major trauma—blunt,Trauma,silver,
"Had hand surgery <DATE_TIME>, woke up <DATE_TIME> and felt like ""my left hand is on fire"". Took hydrocodone, but did not help. <PERSON> refill <DATE_TIME>. Sense of touch intact. Follow up scheduled for <DATE_TIME>.",865,Post-operative complications,General and Minor,silver,
F/u bilat tendon laceration repair,865,Post-operative complications,General and Minor,silver,
Allergice rhinitis,152,Nasal congestion/hay fever,ENT - Nose,silver,
<DATE_TIME> female came in for swollen uvula from allergies,104,Neck swelling/pain,ENT - Mouth/Throat/Neck,silver,
<DATE_TIME> female came in for shortness of breath this time.,651,Shortness of breath,Respiratory,silver,
"Illness with wheezing: Asthma attack, Respiratory 15",659,Wheezing—no other complaints,Respiratory,silver,
"recheck SOB, now SOB and Albuterol neb treatment didn't help at home, also took Prednisone 10mg 2 tablets at <DATE_TIME>, SPO2 level was 91% while ago.",651,Shortness of breath,Respiratory,silver,
lerecheck Illness with wheeze: asthma attack now has rales and SOB no help with albuterol neb tx and prednisone,651,Shortness of breath,Respiratory,silver,
short of breath. brought in by guardian. asthma hx.,651,Shortness of breath,Respiratory,silver,
"Follow up, <PERSON> states she was discharged from <DATE_TIME> and was to ""follow up in the ER"" before going back to village. Pt states she has non productive cough and ""left lung was the problem in in patient"" Pt in no distress, airway clear.",653,Cough/congestion,Respiratory,silver,
see trauma flowsheet,802,Major trauma—blunt,Trauma,silver,
pneumothorax w/ chest tube placed in field,802,Major trauma—blunt,Trauma,silver,
severe SOB (chf),999,Unknown,General and Minor,rule,CHF_UNKNOWN
severe sob.02 dropped with oxygen to 89 when using the bathroom,651,Shortness of breath,Respiratory,silver,
severe shjort opf breath/ HX of CHF,999,Unknown,General and Minor,rule,CHF_UNKNOWN
"medivac'd in for sob, no other s/s, denies any cp, some loud bilateral insp wheezes noted, left upper crackles noted",651,Shortness of breath,Respiratory,silver,
Assault victim,802,Major trauma—blunt,Trauma,silver,
self ref: pt looking for social services and to speak about options for assault,356,Social problem,Mental Health,silver,
"36 YO Female CC: Chest Pain and Tightness, was exposed to covid positive person",3,Chest pain—cardiac features,Cardiovascular,silver,
"Other Cause of Chest Pain, Positive Covid-19 Rapid Test",851,Exposure to communicable disease,General and Minor,rule,COVID_EXPOSURE
pt comes in by medevac . 190 plus heartrate in village. 108 here. <PERSON> of same.,5,Palpitations/irregular heart beat,Cardiovascular,silver,
hx of SVT intermittant for <DATE_TIME>,5,Palpitations/irregular heart beat,Cardiovascular,silver,
f/u after inpatient d/c,866,Minor complaints NOS,General and Minor,silver,
abnormal heart rate or rhythm with no chest pain,5,Palpitations/irregular heart beat,Cardiovascular,silver,
<DATE_TIME> female CC heart pounding started stating that pulse is at 180 around 9 this morning,5,Palpitations/irregular heart beat,Cardiovascular,silver,
"Authorized in from <LOCATION> with Guardian. <DATE_TIME> at <DATE_TIME> after drinking a energy drink and smoking an energy drink developed palpiyations, left sided chest preasure and dizziness. hx of the same",5,Palpitations/irregular heart beat,Cardiovascular,silver,
"STD check - pt states vag.odor, discharge",453,Vaginal discharge,OB/GYN,silver,
"F/U, XR prior, wound check & suture removal, s/p lumbar decompression & fusion <DATE_TIME> Rokosz",865,Post-operative complications,General and Minor,rule,POST_OP
"on intake c/o chest pains radiating across upper back,sob provider informed",3,Chest pain—cardiac features,Cardiovascular,silver,
Intermittent chest pain x <DATE_TIME>,3,Chest pain—cardiac features,Cardiovascular,silver,
"""<PERSON> hernia gave me pneumonia"" Report of confusion.",402,Confusion,Neurologic,silver,
SOB x <DATE_TIME>; started <DATE_TIME> at <DATE_TIME>.,651,Shortness of breath,Respiratory,silver,
lle edema,10,Bilateral leg swelling/edema,Cardiovascular,silver,
"pt was called and told to return to <PERSON> for abnormal labs, c/o Headache x2 days, pain with eating and drinking x ""<DATE_TIME>""; tearful",404,Headache,Neurologic,silver,
"Pt from <LOCATION> via flight crew , per crew pt co GI bleed , <PERSON>. She is reported to be here for scope and possible banding.",260,Blood in stool/melena,Gastrointestinal,rule,GI_BLEED
"Ref. decompensated liver disease (of unknown etiology ? AIH), hospital follow up, needs close monitoring of labs Referring Provider: <PERSON>, <PERSON>, <LOCATION>",863,Abnormal lab values,General and Minor,silver,
"Presents from pt housing for confusion, weakness, N/V, fatigue, jaundiced, HA, abdominal pain. involuntary movement. PT with hx of decompensated liver disease, anemia, hepatic encephalopathy. <LOCATION> <DATE_TIME> <PERSON>. calm, complinat, appears uncomfortable. .",402,Confusion,Neurologic,silver,
"Pregnant, ruptured",458,"Pregnancy issues, >20 weeks",OB/GYN,silver,
<DATE_TIME> post op,865,Post-operative complications,General and Minor,rule,POST_OP
stomach pain like knife cutting and went to back,251,Abdominal pain,Gastrointestinal,silver,
"abdominal pain, possible acute abd",251,Abdominal pain,Gastrointestinal,silver,
"Recheck acute abd pain, doing better",251,Abdominal pain,Gastrointestinal,silver,
recheck acute abd pain,251,Abdominal pain,Gastrointestinal,silver,
"bad cold, coughing, spitting up green mucus",653,Cough/congestion,Respiratory,silver,
recheck stomach pain; requesting pain meds,251,Abdominal pain,Gastrointestinal,silver,
"PT PRESENTS TO <PERSON> WITH RLQ ABD PAIN X 5 DAYS WITH NAUSEA AND VOMITING, LAST EMESIS YESTERDAY X 2, NORMAL BM <DATE_TIME>",251,Abdominal pain,Gastrointestinal,silver,
"BIB by Air Care Alaska for pelvic abscess, alert and ambulatory, accepted by surgery.",999,Unknown,General and Minor,rule,PELVIC_ABSCESS_UNKNOWN
"cerv ca, possible prechemo",866,Minor complaints NOS,General and Minor,silver,
"FV: s/p ileocecectomy, complicated appendicitis",865,Post-operative complications,General and Minor,rule,POST_OP
prechemo,866,Minor complaints NOS,General and Minor,silver,
"Pt reports low abd pain & back pain onset <DATE_TIME>. Assoc fever. Denies N/V/D. Appendectomy <DATE_TIME>. Ran out of oxy <DATE_TIME>. Current chemo for cervical cancer. <DATE_TIME>. L side port. Appears pale, uncomfortable, dry mucous membranes.",251,Abdominal pain,Gastrointestinal,silver,
"<DATE_TIME> bouts of Emesis- chemo sickness, diarrhea, denies fevers, last round of chemo on <DATE_TIME>, clammy, appears uncomfortable , wretching in triage @ 0705, last emesisi in lobby restroom, pt staying in pt housing ,",257,Nausea and/or vomiting,Gastrointestinal,silver,
Skin concers,711,Other skin conditions,Skin,silver,
"Pt experiencing body aches since <DATE_TIME> and has had a headache since <DATE_TIME>. Pt reports she hit her head in an MVC <DATE_TIME>. Pts car was struck at around 20mph. Pt self extricated, no airbags, pt was restrained, No LOC, no intrusion in to pt compartment.",407,Head injury,Neurologic,silver,
"Just not feeling well. Having body aches, <PERSON> x <DATE_TIME>",866,Minor complaints NOS,General and Minor,silver,
"BIBA, tx from <LOCATION> with concern for sepsis, elevated WBC in <LOCATION>. pt CC generalized body aches for <DATE_TIME>, +chills, pt came in vomiting, emesis during entire flight despite med admin, hx of cervical cancer, last chemo <DATE_TIME>, colostomy present",999,Unknown,General and Minor,rule,SEPSIS_UNKNOWN
medivac turned around and brought patient back due to malfunction with door.,860,Medical device problem,General and Minor,silver,
"""Recheck kidneys""",863,Abnormal lab values,General and Minor,silver,
"pt sent from opd by <PERSON> for <PERSON> pain, bs in all quads, normal bowel and bladder habits, tender to all quads",251,Abdominal pain,Gastrointestinal,silver,
pancreatisis medivac from Kozebue,251,Abdominal pain,Gastrointestinal,silver,
FV - Recurrent Pancreatitis,251,Abdominal pain,Gastrointestinal,silver,
Pain management,866,Minor complaints NOS,General and Minor,silver,
"At <DATE_TIME> while cooking at home developed sharp <PHONE_NUMBER> pain upper abdominal area with bloating. same happened <DATE_TIME>. Hx of pancreatitis, stents placed <DATE_TIME>",251,Abdominal pain,Gastrointestinal,silver,
"Seen in ed <DATE_TIME> related to upper andominal pain, DX with pancreatitis. Instructed to return <DATE_TIME> for a follow-up. <DATE_TIME> after drinking three cups of water, developed upper abdominal pain with nausea and belching",251,Abdominal pain,Gastrointestinal,silver,
Sent from <PERSON> for pancreatitis and pancreatic duct stones.,251,Abdominal pain,Gastrointestinal,silver,
"<DATE_TIME> female came in because she said she had food poisoning, said she ate chicken and rice on <DATE_TIME> and has been vomiting since.",257,Nausea and/or vomiting,Gastrointestinal,silver,
Other casue of vomiting or diarrhea,254,Diarrhea,Gastrointestinal,silver,
red streak skin/soft tissue 17,709,Localized swelling/redness,Skin,silver,
"Patient came into the clinic <DATE_TIME> for vomiting after her visit she got up to walk and then noticed a lot of pain in the <LOCATION> leg, patient didnt have this problem when she first came in, cellulitis, from ankle to the midfoot <DATE_TIME> it has formed a redstre",709,Localized swelling/redness,Skin,rule,LOCALIZED_INFECTION
BIB Guardian flight for left leg cellulitis,709,Localized swelling/redness,Skin,rule,LOCALIZED_INFECTION
F/U cellulitis,709,Localized swelling/redness,Skin,rule,LOCALIZED_INFECTION
abdom. pain,251,Abdominal pain,Gastrointestinal,silver,
pt here by air from outside facility. transfered from obs unit for possible worsening cholescyctitis. pt reports <DATE_TIME> RUQ pain at this time/ pt received percocet right before transfer. AOx4. calm and appropriate.,251,Abdominal pain,Gastrointestinal,silver,
FV - acute cholecystitis,251,Abdominal pain,Gastrointestinal,rule,CHOLECYSTITIS
"pain, out of pain meds",866,Minor complaints NOS,General and Minor,silver,
"having acute back pain, and hemorrhoid pain, phone conversation started <PERSON> and ended at 11:26am",551,Back pain,Orthopedic,silver,
severe mental health problem,351,Depression/suicidal/deliberate self-harm,Mental Health,silver,
"Authorized in from <LOCATION> with Guardian. has lower back pain <PERSON> and hemorrhoid area pain for <DATE_TIME>, unable to sleep. <DATE_TIME> in clinic was threating self and others with a gun. patient denies SI/HI",351,Depression/suicidal/deliberate self-harm,Mental Health,silver,
Lower back pain after removing lidoderm patch <DATE_TIME>,551,Back pain,Orthopedic,silver,
"""back pain"" inside (meaning hemmeroids)",551,Back pain,Orthopedic,silver,
"Rectal pain follow up, neck pain, SI joints pain",258,Rectal/perineal pain,Gastrointestinal,silver,
Nosebleed:Bleeding has Stopped,151,Epistaxis,ENT - Nose,silver,
57 y/o female with nosebleed that started <DATE_TIME>. had a nosebleed <DATE_TIME> that lasted <DATE_TIME> but was to stop it. it started again <DATE_TIME> at <DATE_TIME> and would not top,151,Epistaxis,ENT - Nose,silver,
57 y/o female was seen <DATE_TIME> for a nosebleed that we were able to stop. pt is back because the nosebleed started again and wouldnt stop. pt is now stating she knows it is from being hit <DATE_TIME>,151,Epistaxis,ENT - Nose,silver,
CHI,407,Head injury,Neurologic,silver,
pt arrived to er with a nose bleed. was seen <DATE_TIME>.,151,Epistaxis,ENT - Nose,silver,
Chest discomfort vs upper abdomen discomfort,251,Abdominal pain,Gastrointestinal,silver,
"Male <DATE_TIME>, chest discomfortness since <DATE_TIME>",3,Chest pain—cardiac features,Cardiovascular,silver,
Vitals,866,Minor complaints NOS,General and Minor,silver,
"Authorized in from Shungak with Guardian, Over <DATE_TIME> developed chest pain with sob, some EKG changes. exposure to diesel fumes",651,Shortness of breath,Respiratory,silver,
"cough, SOB x <DATE_TIME>",653,Cough/congestion,Respiratory,silver,
"medevac in for possible pneumonia, + Covid on <DATE_TIME>",651,Shortness of breath,Respiratory,rule,COVID_RESPIRATORY
"Weakness, SOB, <PERSON> pain",7,General weakness,Cardiovascular,silver,
arrived ambulatory with right sided chest pain and shortness of breath. started just prior to arrival.,3,Chest pain—cardiac features,Cardiovascular,silver,
"BIB Gf from <PERSON>. Tried lifting a box, felt a crack and pop followed by sob. DX mod/large pnemo at <LOCATION>. Pig tail chest tube placed 20 cm of suction enroute. Pt on suboxone.",802,Major trauma—blunt,Trauma,silver,
FV: Pneumothorax,802,Major trauma—blunt,Trauma,silver,
Right flank pain <DATE_TIME>,301,Flank pain,Genitourinary,silver,
pt states generalized abd pain that started <DATE_TIME>. did not take anything for pain.,251,Abdominal pain,Gastrointestinal,silver,
BIB Guardian for cholecystectomy from <LOCATION>. CC abd pain <DATE_TIME>. Surgery expecting.,251,Abdominal pain,Gastrointestinal,silver,
recheck incision spots,710,Wound check,Skin,silver,
f/u gallbladder surgery,865,Post-operative complications,General and Minor,silver,
"37yr female mom,whose 200 pounds landed on her inner thigh femer bone extremly painful, not sure if she heard a crack or got dizzy, shes drinking and seemded prery drunk when she first came in",751,Substance misuse/intoxication,Substance Misuse,silver,
possible fx fener to her right lower femer,557,Lower extremity injury,Orthopedic,silver,
"authorized in with <PERSON> for <PERSON> knee pain after her mom fell on her last night, medial aspect took the blow, + pulses and sensation distally, refuses to move her foot",555,Lower extremity pain,Orthopedic,silver,
"Here for a follow-up, related to right knee",858,Cast check,General and Minor,silver,
suicidal ideations,351,Depression/suicidal/deliberate self-harm,Mental Health,rule,SUICIDAL
recheck headaches,404,Headache,Neurologic,silver,
headache for <DATE_TIME>,404,Headache,Neurologic,silver,
"Pt c/o ""chronic migraines and a mass on my head"" Sent from <LOCATION>, given meds <DATE_TIME>. Flew commercially. A+Ox4, ambulatory",404,Headache,Neurologic,silver,
"Ref: Headache for <DATE_TIME> assisted with dizziness and nausea vomiting. I have referred the patient to neurology but would like her seen by internal medicine for follow up as well. Referred by: <PERSON>, <PERSON>, <LOCATION>",404,Headache,Neurologic,silver,
New: Consult-<DATE_TIME> - Pt requested NSGY F/U; Worsening headaches,404,Headache,Neurologic,silver,
NP eval for <DATE_TIME> for <DATE_TIME> with abnormal white matter findings on her MRI. Patient has episodes of dizziness and nausea with her headaches,404,Headache,Neurologic,silver,
vomiting <DATE_TIME> pregnant,457,"Pregnancy issues, <20 weeks",OB/GYN,silver,
Nausea,257,Nausea and/or vomiting,Gastrointestinal,silver,
"Fall, lower leg deformity",557,Lower extremity injury,Orthopedic,silver,
"BIB guardian, fell <DATE_TIME>. <PERSON> of the lower right tib fib. pt able to transfer with assistance of leg support. CMS intact. ortho made aware.",557,Lower extremity injury,Orthopedic,silver,
follow up leg fracture,858,Cast check,General and Minor,silver,
Seizure new onset <DATE_TIME> reported at clinic x2 seizures. BIB Guardian flight. Pt had another <LOCATION> witnessed by Guardian. Given 2mg Ativan and 25 promethazine for vomiting. Confused at triage. Pads on bed.,405,Seizure,Neurologic,silver,
Seizure: <DATE_TIME> ver,405,Seizure,Neurologic,silver,
<DATE_TIME> male C/O seizure,405,Seizure,Neurologic,silver,
"Authorized in from <LOCATION> with Guardian related tp possible GI bleed (black stools) pale in color, hypotensive and AMS. HGB 7.1 in clinic. was given 1 liter of <LOCATION>",260,Blood in stool/melena,Gastrointestinal,rule,GI_BLEED
"pt brought in from <LOCATION> for GIB, malaise and black tarry stool for <DATE_TIME>, according to transfer team pt was altered, now mentating well. hx of a fib, on eliquis. pt reports new onset R sided weakness",260,Blood in stool/melena,Gastrointestinal,rule,GI_BLEED
<DATE_TIME> here for hard time breathing and hardly eating <DATE_TIME>,651,Shortness of breath,Respiratory,silver,
pt medvac in with sob x <DATE_TIME>,651,Shortness of breath,Respiratory,silver,
follow-up hospital discharge/PPM insertion; device check,860,Medical device problem,General and Minor,silver,
Eval Rectal prolapse,258,Rectal/perineal pain,Gastrointestinal,silver,
symptomatic bradycardia starting <DATE_TIME>,5,Palpitations/irregular heart beat,Cardiovascular,silver,
"Abnormal Heart Rate, slow(bradycardia). • Abnormal Heart Rhythm(arrhythmia).",5,Palpitations/irregular heart beat,Cardiovascular,silver,
pt called the OnCall phone describing her heart was fluttering or like it was leaving her she denied chest pain but says she was not feeling well <DATE_TIME>.,5,Palpitations/irregular heart beat,Cardiovascular,silver,
"Pt arrives <PERSON> flight from <LOCATION>. C/o palpitations. 3rd degree heart block. A&Ox4, VSS.",5,Palpitations/irregular heart beat,Cardiovascular,silver,
"""stabbed""",801,Major trauma—penetrating,Trauma,silver,
Pt flown in from <LOCATION> via lifemed. Pt reports being stabbed by girlfriend during altercation <DATE_TIME>. Single stab wound to L medial chest and abrasions to face. 2L NC during flight. Vitals stable in transport.,801,Major trauma—penetrating,Trauma,rule,MAJOR_TRAUMA_PENETRATING
s/p KSW to L chest,865,Post-operative complications,General and Minor,rule,POST_OP
shortness ob breath. c/o left rib pain,651,Shortness of breath,Respiratory,silver,
pt. is here for left side pain and SOB,651,Shortness of breath,Respiratory,silver,
"<DATE_TIME> after drinking heavy, developed sob that increased with exertion, wheezing with a fever. Hx of heart surgery",651,Shortness of breath,Respiratory,silver,
F/U from Hospital,855,Direct referral for consultation,General and Minor,silver,
Possible UTI,307,UTI complaints,Genitourinary,silver,
"Authorized in from <LOCATION>, has been depressed as of late, under increased stress. Took 4g of neurontin and 300mg of another drug, states just trying to feel better. Hx of same in <DATE_TIME>. wants treatment",351,Depression/suicidal/deliberate self-harm,Mental Health,silver,
Anxiety,352,Anxiety/situational crisis,Mental Health,rule,ANXIETY
"Abdominal Pain, Possible acute abdomen",251,Abdominal pain,Gastrointestinal,silver,
<DATE_TIME> female came in with stomach pain,251,Abdominal pain,Gastrointestinal,silver,
"unresolving llq pain radiating to back now,",251,Abdominal pain,Gastrointestinal,silver,
unresolved lower abdomen pain,251,Abdominal pain,Gastrointestinal,silver,
"LLQ pain, <DATE_TIME> pregnant, denies urinary pain",251,Abdominal pain,Gastrointestinal,silver,
1st PNV,457,"Pregnancy issues, <20 weeks",OB/GYN,silver,
"F 31 here for toothache x <DATE_TIME>, trying to waiting for dentist but never come per pt, has medicade",101,Dental/gum problem,ENT - Mouth/Throat/Neck,silver,
tooth ache,101,Dental/gum problem,ENT - Mouth/Throat/Neck,silver,
abdomen pain at 9weeks,457,"Pregnancy issues, <20 weeks",OB/GYN,silver,
nad but slightly uncomforatble,866,Minor complaints NOS,General and Minor,silver,
"31yr female is experiencing same abdomen pain to middle left quadrant pain,like she had before <DATE_TIME>,feel like it's gonnA BURST OR explode.started <DATE_TIME> at <DATE_TIME>,took tylonal <DATE_TIME>, not residing, sharp pain,",251,Abdominal pain,Gastrointestinal,silver,
"LUQ abd pain, <DATE_TIME>, returned <DATE_TIME>",251,Abdominal pain,Gastrointestinal,silver,
Shortness of breathe,651,Shortness of breath,Respiratory,silver,
pt medevac in. went to clinic with fever and sob. tested covid pos while there. rec breathing treatment and steroids in clinic.,651,Shortness of breath,Respiratory,rule,COVID_RESPIRATORY
f/u after been discharged from inpatient ward,855,Direct referral for consultation,General and Minor,silver,
Pain and tenderness on the right side of his right testicle.,305,Scrotal pain and/or swelling,Genitourinary,silver,
Follow-up hospital discharge/SOB,651,Shortness of breath,Respiratory,silver,
F/up S/p PCI,865,Post-operative complications,General and Minor,rule,POST_OP
VTC S/P PCI,865,Post-operative complications,General and Minor,rule,POST_OP
"cough, SOB increasing over <DATE_TIME>",651,Shortness of breath,Respiratory,silver,
"wound of LLE, dog bite <DATE_TIME>",701,Bite,Skin,silver,
<DATE_TIME>. covid + <DATE_TIME>. hx of copd,154,URTI complaints,ENT - Nose,silver,
injury to left hip <DATE_TIME> in village,557,Lower extremity injury,Orthopedic,silver,
left hip fx,557,Lower extremity injury,Orthopedic,rule,FEMUR_FRACTURE
"CC: L hip fracture. Pt tripped on a bucket <DATE_TIME>, +ETOH 200mcg of fentanyl and 2mg of Ativan given by air EMS.",557,Lower extremity injury,Orthopedic,rule,FEMUR_FRACTURE
<DATE_TIME> f/u L pertrochanteric fracture,866,Minor complaints NOS,General and Minor,silver,
arrived to er being carried by 3 individuals; semi-responsive. bleeding from multiple stab wounds.,801,Major trauma—penetrating,Trauma,rule,MAJOR_TRAUMA_PENETRATING
"Level 1 stabbing, see trauma flow sheet.",802,Major trauma—blunt,Trauma,silver,
dressing coming off,856,Dressing change,General and Minor,silver,
"Pt with c/o generalized abd pain with nausea and vomiting. Pt recently admitted on <DATE_TIME> for stab wounds to the abd and d/c on <DATE_TIME>. Pt denies fever, chills, or drainage from wounds. Midline incision steri stripped, well aproximated, not drainage.",801,Major trauma—penetrating,Trauma,rule,MAJOR_TRAUMA_PENETRATING
wound dressing change,856,Dressing change,General and Minor,silver,
Sore throat aggrevated by cough since waking this AM. Productive cough w/ yellow sputum as well. Father has been ill w/ similar S/S. Full sentences.Afebrile.,103,Sore throat,ENT - Mouth/Throat/Neck,silver,
"BIBA for Abdominal pain. HX of sbo. HX of abdominal surgery. Pt complains of <DATE_TIME> abdominal pain. AO4 GCS 15, ambulatory.",251,Abdominal pain,Gastrointestinal,rule,BOWEL_OBSTRUCTION
"FV: <PERSON> stab wound, SBO",251,Abdominal pain,Gastrointestinal,rule,BOWEL_OBSTRUCTION
"ATV accident with + LOC reported, c/o L hip/back pain; arrived by medevac",802,Major trauma—blunt,Trauma,silver,
Inpt D/C Pelvic Fx,865,Post-operative complications,General and Minor,silver,
"<DATE_TIME> approx. syncope at X-mas party. At clinic noted to have chestpain. in jaw, left arm, and back",3,Chest pain—cardiac features,Cardiovascular,silver,
lower back and abdominal pain,251,Abdominal pain,Gastrointestinal,silver,
Needs something for breathing. was medvac to <LOCATION> <DATE_TIME> and caught a bad cold in the hospital,651,Shortness of breath,Respiratory,silver,
resp 4 sinus infection,154,URTI complaints,ENT - Nose,silver,
sinus,154,URTI complaints,ENT - Nose,silver,
"SOB, Says he maybe having side effects from Amoxicllin. After taking it he get's headaches and SOB is getting worse since he started taking Amoxicillin <DATE_TIME>.",651,Shortness of breath,Respiratory,silver,
Pneumonia not resolving: Having side effects,154,URTI complaints,ENT - Nose,silver,
"Chest pain, nausea, epigastric pain, chills, lack of appetite, gassy",251,Abdominal pain,Gastrointestinal,silver,
FV CKD3b-4,999,Unknown,General and Minor,silver,
<PERSON> <DATE_TIME>.,999,Unknown,General and Minor,silver,
F/u- pain contract,999,Unknown,General and Minor,silver,
other cause of abdomen pain,251,Abdominal pain,Gastrointestinal,silver,
21F here for upper abdomen pain,251,Abdominal pain,Gastrointestinal,silver,
"Authorized in from <LOCATION>,has been having on/off upper abdominal pain ""contractions"" for some time now. pain increases at <DATE_TIME>. denies pain at present",251,Abdominal pain,Gastrointestinal,silver,
"From <PERSON> with RO Cholelithiasis, upper right abdominal pain x <DATE_TIME>, vomited x 1 clear fluid, denies pain at this time and no nausea",251,Abdominal pain,Gastrointestinal,silver,
FV cholecystectomy,865,Post-operative complications,General and Minor,silver,
Authorized in from <LOCATION>. kicked out of home by family and covid positive.,356,Social problem,Mental Health,silver,
70yr old male here for follow-up after inpatient,855,Direct referral for consultation,General and Minor,silver,
Follow Care after in-patient Doing well,855,Direct referral for consultation,General and Minor,silver,
"Failure to thrive, frostbite",205,Hypothermia,Environmental,rule,HYPOTHERMIA
medivac in from <LOCATION> with tachicardia,5,Palpitations/irregular heart beat,Cardiovascular,silver,
chest pain moving to left arm,3,Chest pain—cardiac features,Cardiovascular,silver,
"heart beating too fast, didn't take heart medication <DATE_TIME>",5,Palpitations/irregular heart beat,Cardiovascular,silver,
a-fib,5,Palpitations/irregular heart beat,Cardiovascular,silver,
Blood draw and EKG,859,Imaging tests,General and Minor,silver,
here for EKG and blood draws,859,Imaging tests,General and Minor,silver,
VTC for Cardiology,855,Direct referral for consultation,General and Minor,silver,
heart problem chronic care,5,Palpitations/irregular heart beat,Cardiovascular,silver,
"Authorized in from <PERSON>. <DATE_TIME> DX with covid, has had fatigue,weakness and some sob on exertion",651,Shortness of breath,Respiratory,rule,COVID_RESPIRATORY
"Patient's granddaughter says, ""She was flown in dor SOB and is here now for a follow up. She also had COVID on <DATE_TIME>"".",651,Shortness of breath,Respiratory,rule,COVID_RESPIRATORY
heart palpations pneumonia,5,Palpitations/irregular heart beat,Cardiovascular,silver,
<DATE_TIME> here with heart fluttering and SOB,5,Palpitations/irregular heart beat,Cardiovascular,silver,
"Authorized in from <LOCATION>, awoke <DATE_TIME> at <DATE_TIME> with geberalized chest tightness and weaknness with palpitations, lasting <DATE_TIME>. has resolved since",3,Chest pain—cardiac features,Cardiovascular,silver,
88yoF presents to the clinic with SOB,651,Shortness of breath,Respiratory,silver,
Revisit: Shortness of breath,651,Shortness of breath,Respiratory,silver,
"Authorized in from <PERSON> with Guardian, increasing sob for over one week now.seen in the er <DATE_TIME> for the same. States just not getting any better",651,Shortness of breath,Respiratory,silver,
follow-up for SOB,651,Shortness of breath,Respiratory,silver,
"<PERSON> is 88 whose son called because <PERSON> has been short of breath <DATE_TIME>, but has been sick for <DATE_TIME> with a cold, her emergency at this time is she appears to be in AFIB, she has a pacemaker",5,Palpitations/irregular heart beat,Cardiovascular,rule,AFIB_RVR
Abnormal Heatbeat with pacemaker <PHONE_NUMBER> Moderate/ severe shortness of breath with adequate SP02 Frail Elder,651,Shortness of breath,Respiratory,silver,
elder with heart problems and bad cold,154,URTI complaints,ENT - Nose,silver,
Home Visit,866,Minor complaints NOS,General and Minor,silver,
pre term contraction,457,"Pregnancy issues, <20 weeks",OB/GYN,silver,
labor contractins,458,"Pregnancy issues, >20 weeks",OB/GYN,silver,
Possible Preterm Labor,458,"Pregnancy issues, >20 weeks",OB/GYN,silver,
21 yo F calls back for contractions that started <DATE_TIME> and getting worse and <DATE_TIME> apart now and feeling like she need to have a bowel movement,458,"Pregnancy issues, >20 weeks",OB/GYN,silver,
"Wants covid test, going back home.",851,Exposure to communicable disease,General and Minor,rule,COVID_EXPOSURE
"fall off cliff, injured shoulders, sternum, hips chipped tooth",802,Major trauma—blunt,Trauma,silver,
Fall off <PHONE_NUMBER> foot cliff when riding snow machine,802,Major trauma—blunt,Trauma,silver,
Trauma alert lv 2 BIB flight from <LOCATION> for snowmachine accident. pt was driving approx 5-10 pmh and went off a 20 ft cliff. pt denies loc. pt c/c right rib pain right leg pain.,802,Major trauma—blunt,Trauma,silver,
s/p snow machine accident with R hemoptx,865,Post-operative complications,General and Minor,rule,POST_OP
"Fever, weakness",852,Fever,General and Minor,silver,
"Rash, <PERSON>",708,Rash,Skin,silver,
"PT PRESENTS TO <PERSON> VIA MEDEVAC FROM <LOCATION> AFTER BEING ASSAULTED, PT COMPLAINS OF HEADACHE, NECK PAIN, AND RIGHT HAND PAIN SPECIFICALLY 4TH AND 5TH DIGIT, PT ADMITS TO DRINKING, PT IS AMBULATORY INDEPENDENTLY UPON ARRIVAL TO <PERSON>",802,Major trauma—blunt,Trauma,silver,
"SOB, fever, illness for <DATE_TIME>",651,Shortness of breath,Respiratory,silver,
"Minor Head Injury, Possible Closed Fracture both Wrists",407,Head injury,Neurologic,silver,
"<DATE_TIME>. M fell off roof hitting head and was knocked unconscious, happened <DATE_TIME>",407,Head injury,Neurologic,silver,
"pt fell off roof, 30 mins loc, bil wrist injury",407,Head injury,Neurologic,silver,
see trauma sheet,802,Major trauma—blunt,Trauma,silver,
f/u hospital d/c - s/p 10 foot fall w/3-11 rib fractures,865,Post-operative complications,General and Minor,rule,POST_OP
post-discharge follow-up,865,Post-operative complications,General and Minor,silver,
f/u bilat ORIF distal radius,865,Post-operative complications,General and Minor,silver,
"c/o right side trunk pain, ran out of pain meds. trauma with pneumo over <DATE_TIME>. alert calm even resps to triage in wc/",865,Post-operative complications,General and Minor,silver,
"pt has two broken wrists and broken ribs after falling, has surgery on hands at <DATE_TIME>, has now run out of pain medicine and is having increased pain, vss unsure when next apt is.",865,Post-operative complications,General and Minor,silver,
"SOB, productive cough",653,Cough/congestion,Respiratory,silver,
"Chest Pain, substance abuse",3,Chest pain—cardiac features,Cardiovascular,silver,
Right ankle injury,557,Lower extremity injury,Orthopedic,silver,
<DATE_TIME> f/u R medial malleolus fixation,865,Post-operative complications,General and Minor,silver,
medivac SI,999,Unknown,General and Minor,silver,
psych. episode medivac,351,Depression/suicidal/deliberate self-harm,Mental Health,silver,
FV discharged API R) ft injury,865,Post-operative complications,General and Minor,silver,
FV discharged API R) ft injury,556,Upper extremity injury,Orthopedic,silver,
New pt/resident arrival to CHA,866,Minor complaints NOS,General and Minor,silver,
"Pt reported sore throat. Rated 6-8 out of 10 for pain. Claimed that the pain level is constant throughout <DATE_TIME>. Noted that she has taken Tylenol for it, but it does not help.",103,Sore throat,ENT - Mouth/Throat/Neck,silver,
having thoughts of SI and auditory hal. stopped taking meds in <DATE_TIME>,353,Hallucinations/delusions,Mental Health,silver,
"denies SI, not taking medications for psych problems, Pt calm, taking PO fluids without difficulty.",866,Minor complaints NOS,General and Minor,silver,
"broken right fore arm/wrist, injured right leg, back injury",802,Major trauma—blunt,Trauma,silver,
"4 wheeler accident up the road, bumped a 4 wheeler in front of them all fell off and it flipped and rolled, hurt her back and right wrist",802,Major trauma—blunt,Trauma,silver,
from <LOCATION>. trauma,802,Major trauma—blunt,Trauma,silver,
C5 - C6 tiny Avulsion fracture,552,Traumatic back/spine injury,Orthopedic,silver,
pt and mom are traveling <DATE_TIME> back home and need a covid test to fly,851,Exposure to communicable disease,General and Minor,rule,COVID_EXPOSURE
Eval - Biliary Colic,251,Abdominal pain,Gastrointestinal,silver,
PID F/U,866,Minor complaints NOS,General and Minor,silver,
was raped by 2 guys,454,Sexual assault,OB/GYN,silver,
possible sexual assault,454,Sexual assault,OB/GYN,rule,SEXUAL_ASSAULT
SUICIDAL THOUGHTS.,351,Depression/suicidal/deliberate self-harm,Mental Health,rule,SUICIDAL
"<DATE_TIME> developed a generalized rash, then again <DATE_TIME> redness to left neck/right brow area",708,Rash,Skin,silver,
"Female <DATE_TIME>, not talking and acting normal.",401,Altered level of consciousness,Neurologic,silver,
Severe Mental Health Problem,351,Depression/suicidal/deliberate self-harm,Mental Health,silver,
"Authorized in from <LOCATION> with Guardian. Has been having psychosis at home with her 5 yo son, was taken by OCS. Patient has been feeling dizzy and off balance. Doesn't feel safe at home",353,Hallucinations/delusions,Mental Health,rule,PSYCHOSIS
General check up/Pap,866,Minor complaints NOS,General and Minor,silver,
C/O dizzyness & blurred vission following taking <PERSON>. Reports hives <DATE_TIME>. Facial swelling noted. Speaking & breathing easily. Clear breath sounds. <PERSON> known allergies.,657,Allergic reaction,Respiratory,silver,
"BIB Medevac. Reported <PERSON> x <DATE_TIME> with <NRP> twice. Reported weakness, fatigue, and dizziness resolved enroute with 2 units PRBC.",864,Pallor/anemia,General and Minor,silver,
"Melena, hematoemesis",260,Blood in stool/melena,Gastrointestinal,rule,GI_BLEED
"Pt ambulated into <LOCATION>, states he was just d/c from hospital after receiving 3-4 units of blood after gastric ulcer bleeding. Had been medevac'd from <PERSON>. C/o ST, fatigue, sweats. Feels like he was d/c'd too soon. Appears pale. Denies black stools.",864,Pallor/anemia,General and Minor,silver,
Ref: f/u after inpt for GIB,260,Blood in stool/melena,Gastrointestinal,rule,GI_BLEED
Pt complaining dark stool and bloody vomit,259,Vomiting blood,Gastrointestinal,silver,
"Sent from <PERSON> for cont of care to have EGD. <PERSON> endorses <PERSON> pain, denies N/V, endorses drinking coffee during flight. Appears comfortable. Breathing unlabored. NAD noted",865,Post-operative complications,General and Minor,silver,
Alcohol with drawal,753,Substance withdrawal,Substance Misuse,silver,
"medevac from PH for ETOH, auditory hallucinations",353,Hallucinations/delusions,Mental Health,rule,PSYCHOSIS
chest pain x <DATE_TIME>,3,Chest pain—cardiac features,Cardiovascular,silver,
possible labor,458,"Pregnancy issues, >20 weeks",OB/GYN,silver,
contractions in <DATE_TIME> gestation 18 yo female. that began <DATE_TIME>.,458,"Pregnancy issues, >20 weeks",OB/GYN,silver,
Contractions in <DATE_TIME> pregnant 18 yo.,458,"Pregnancy issues, >20 weeks",OB/GYN,silver,
TRPN EDD: <DATE_TIME>,999,Unknown,General and Minor,silver,
IOL,999,Unknown,General and Minor,silver,
BIB Lifemed for ruptured appendix. 2 L NS and antibiotics PTA. Pt states pain is <DATE_TIME>. Pt c/o increased pain with walking. covid + <DATE_TIME>.,251,Abdominal pain,Gastrointestinal,silver,
hosipital discharge,865,Post-operative complications,General and Minor,silver,
"cardiopulmonary arrest, arrived by medivac",1,Cardiac arrest (non-traumatic),Cardiovascular,silver,
"SOB, generalized pain",651,Shortness of breath,Respiratory,silver,
Discharged from inpatient <DATE_TIME> related to pneumonia/weakness. States the weakness hasn't resolved per mother. patient claims to be hungry. missed evening flight to return home,7,General weakness,Cardiovascular,silver,
pt. is here c/o body pain x1 year,866,Minor complaints NOS,General and Minor,silver,
medical eval,866,Minor complaints NOS,General and Minor,silver,
"Commercial flight from <LOCATION> for admit-pt had low WBC and RBC counts, reports she is ""on blood thinners"" but doesn't recall why. Reports history of autoimmune disease. Alert, appears pale, +dizzy. VSS. also reports intermittent SI, no plan",864,Pallor/anemia,General and Minor,silver,
Ref: hospital DC FV,865,Post-operative complications,General and Minor,silver,
feeling poorly for <DATE_TIME> or two. elevated fever and weakness.,852,Fever,General and Minor,silver,
"BIBA from <PERSON> for fever, malaise, pneumonia, sent for lung ""tap"" mild cardiac effusion. c/o L flank pain, Arrives calm, complinat, reg. unlabored resp, pale. NAD noted.",852,Fever,General and Minor,silver,
Hospital d/c,866,Minor complaints NOS,General and Minor,silver,
"NP MCTD, persistent pneumonia, pleural effusion, PFTs <DATE_TIME>",651,Shortness of breath,Respiratory,silver,
FV MSSA Pneumonia with Loculated Parapneumonic Effusion,651,Shortness of breath,Respiratory,silver,
FV and labs prior,866,Minor complaints NOS,General and Minor,silver,
Rash,708,Rash,Skin,silver,
"brought in by ems. left jaw pain after a fight at home. ""i dont know who did this""",102,Facial trauma,ENT - Mouth/Throat/Neck,silver,
here for follow up for broken jaw,865,Post-operative complications,General and Minor,silver,
"Pt sent from <LOCATION> for left mandible fracture. Was in a fight <DATE_TIME>, positive LOC. No other injuries. Pain controlled",102,Facial trauma,ENT - Mouth/Throat/Neck,silver,
"Pt to triage for scheduled jaw sx. pt has no acute medical complaint and vs are WNL. Pt w/o complaint, nad.",865,Post-operative complications,General and Minor,silver,
"pt rpts having outpt jaw surgery on <DATE_TIME>, pt c/o bilateral jaw pain that is burning in nature. He has been taking medications as scheduled for the pain but it continues to hurt.",107,Facial pain (non-traumatic/non-dental),ENT - Mouth/Throat/Neck,silver,
emesis. jaw wired shut from surg,257,Nausea and/or vomiting,Gastrointestinal,silver,
"musculoskeletal pain, possible closed fracture",552,Traumatic back/spine injury,Orthopedic,silver,
61yo F ccFell and hurt her arm and hip couple nights ago,557,Lower extremity injury,Orthopedic,silver,
"Fall, left hip and left wrist",557,Lower extremity injury,Orthopedic,silver,
"BIB Guardian from <LOCATION> with left wrist and hip fx, fall at home from standing position. denies loc, a&o x4. splint in place to left wrist. Left dp pulsies intact, cap refill wnl. denies pain at this time.",557,Lower extremity injury,Orthopedic,rule,FEMUR_FRACTURE
"61year female for recheck on surgery wound and send pictures to provider, unsure if the bandage needs to be removed on left arm or not,",710,Wound check,Skin,silver,
"follow up care for wound check after surgery, doing well",710,Wound check,Skin,silver,
left short arm cast,858,Cast check,General and Minor,silver,
Migraine/ seizures,405,Seizure,Neurologic,silver,
Left knee injury,557,Lower extremity injury,Orthopedic,silver,
PT PRESENTS TO <PERSON> VIA MEDEVAC FROM <LOCATION> FOR FACIAL PAIN AND SWELLING AFTER TOOTH EXTRACTION <DATE_TIME>,107,Facial pain (non-traumatic/non-dental),ENT - Mouth/Throat/Neck,silver,
pt OD and was hung himself.,752,Overdose ingestion,Substance Misuse,rule,OVERDOSE
received a call saying he took about 14 tablets motrin at 12: 45am,752,Overdose ingestion,Substance Misuse,silver,
overdose with motrin attempted to strangle himself with a wire cord,752,Overdose ingestion,Substance Misuse,rule,OVERDOSE
<DATE_TIME> male says his caps came off from his front teeth,101,Dental/gum problem,ENT - Mouth/Throat/Neck,silver,
Deeply decayed tooth,101,Dental/gum problem,ENT - Mouth/Throat/Neck,silver,
"89yo F with possible UTI, tired, weak, doesnt want to eat much",307,UTI complaints,Genitourinary,silver,
bladder infection,307,UTI complaints,Genitourinary,silver,
"medivac from <LOCATION>, possible urosepsis",307,UTI complaints,Genitourinary,silver,
"follow up care for UTI,",307,UTI complaints,Genitourinary,silver,
"<DATE_TIME> female, follow up: after hospital visit, UTI",307,UTI complaints,Genitourinary,silver,
"Decreased fetal movement, N/V, recurrent UTI",457,"Pregnancy issues, <20 weeks",OB/GYN,silver,
fetal demise,457,"Pregnancy issues, <20 weeks",OB/GYN,silver,
PP BP and Incision Check,865,Post-operative complications,General and Minor,silver,
FV Asthma,651,Shortness of breath,Respiratory,silver,
"states r side abd pain <DATE_TIME> with some emesis <DATE_TIME>, but none <DATE_TIME>. Reports no stools x <DATE_TIME>",251,Abdominal pain,Gastrointestinal,silver,
"pt BIB EMS from <LOCATION> with <DATE_TIME> RLQ abdominal pain. Pt. states she was vominitng <DATE_TIME>. Pt VSS. Per EMS has a UTI. pt A&Ox4, pt denies pain at this time.",251,Abdominal pain,Gastrointestinal,silver,
"had Lap appie this moring, no difficulties other than pain. Want to be checked before flying out <DATE_TIME> morning.",865,Post-operative complications,General and Minor,silver,
Infected finger,711,Other skin conditions,Skin,silver,
motor vehicle accident: was unconcious: possible closed fracture.,802,Major trauma—blunt,Trauma,rule,MAJOR_TRAUMA_BLUNT
"<DATE_TIME> female was on the front rack of a four wheeler, they flipped and the four wheeler landed on alley, she got knocked out, unconcious. rode down unconscious.",802,Major trauma—blunt,Trauma,silver,
F/U concussion,407,Head injury,Neurologic,silver,
pt authorized in for si after threatening to kill herself <DATE_TIME> while she was intoxicated. calm and cooperative here states she thinks of suicide but no plan as of now,351,Depression/suicidal/deliberate self-harm,Mental Health,rule,SUICIDAL
Authorized in from <LOCATION> with guardian related to right sided facial droop/slurred speach and right sided weakness was resolved then <DATE_TIME> x two. last event upon landed developed same symptoms. MI in <DATE_TIME>,409,Extremity weakness/symptoms of CVA,Neurologic,silver,
"BIB guardian flight w/ c/o rrt sided weakness, numbness/tingling. Pt is A&O x4, no neuro deficits, non contrast CT neg, NAD noted.",409,Extremity weakness/symptoms of CVA,Neurologic,silver,
Sz,405,Seizure,Neurologic,silver,
to tirage in wheelchair - sent from neuro clinic - TIA - R sided weakness since <DATE_TIME>. last knkown wellness <DATE_TIME> with waking already with slurred speech/ right side/ facial droop right side - here for MRI / admission,409,Extremity weakness/symptoms of CVA,Neurologic,silver,
Stroke f/u,409,Extremity weakness/symptoms of CVA,Neurologic,rule,CVA_STROKE
<DATE_TIME> male with toothache,101,Dental/gum problem,ENT - Mouth/Throat/Neck,silver,
deeply decayed teeth,101,Dental/gum problem,ENT - Mouth/Throat/Neck,silver,
c/o testicular pain x <DATE_TIME>.,305,Scrotal pain and/or swelling,Genitourinary,silver,
pt attempted to hang himself. marks on neck. c collar in place on arrival.,351,Depression/suicidal/deliberate self-harm,Mental Health,silver,
<DATE_TIME> female with toothache,101,Dental/gum problem,ENT - Mouth/Throat/Neck,silver,
<DATE_TIME> female was on back of snowmobile and got right lower leg caught in the track of snowmobile. Pt has hurt lower right leg with large gaping wounds and some scrapes bruising and swelling on right lower leg and thigh.,557,Lower extremity injury,Orthopedic,silver,
Gaping deep wounds on right leg Likely fracture of left lower leg,557,Lower extremity injury,Orthopedic,silver,
pt fell off snow machine and injured right leg,557,Lower extremity injury,Orthopedic,silver,
F/U wound right leg,710,Wound check,Skin,silver,
"Female <DATE_TIME>,F/U right leg wound, said its throbbing and stinging since she got back from hospital <DATE_TIME>, has stitches front and back of leg, is swollen, hurts to touch. taking antibotic and motrin,",710,Wound check,Skin,silver,
Sore throat x few days.,103,Sore throat,ENT - Mouth/Throat/Neck,silver,
<PERSON>.,999,Unknown,General and Minor,silver,
pt <PERSON> announced on VHF that her mother needed help. upon arriving at the house pt was exccited and upset with the daughter who called for help. c/o chest pain. upon checking pulse found pt to have very irregular beat and rythem which did not agree.,5,Palpitations/irregular heart beat,Cardiovascular,silver,
Abnormal Heart Rhythm(arrhythmia). pt at clinic,5,Palpitations/irregular heart beat,Cardiovascular,silver,
CP after verbal aurgument with daughter this am. Denies any <LOCATION> or SOB upon arrival,4,Chest pain—non-cardiac features,Cardiovascular,silver,
pt seen <DATE_TIME> at clinic for diarrhea and given pedidalyt to take home was not given anything else. family was told to get Lopermid but they didn't give it to her so she continued to have loose BM. Called the clinic <DATE_TIME> and family say she can't g,254,Diarrhea,Gastrointestinal,silver,
1.Diarrhea not resolving 2. AFib,5,Palpitations/irregular heart beat,Cardiovascular,rule,AFIB_RVR
"A-fib, low BP, dehydration",7,General weakness,Cardiovascular,rule,DEHYDRATION
<DATE_TIME> female was in a 4 wheeler accident. a box got stuck to a throttle and pt flew off the 4 wheeler.,802,Major trauma—blunt,Trauma,silver,
Abdominal Injury Musculoskeletal Injury,806,Isolated abdominal trauma—blunt,Trauma,silver,
<PERSON>. vomited several times in <DATE_TIME>,257,Nausea and/or vomiting,Gastrointestinal,silver,
BIB GAURDIAN . <DATE_TIME> PAIN LRQ <LOCATION>. app. enlarged. pt npo since 2am . denies N/v,251,Abdominal pain,Gastrointestinal,silver,
"FV - acute appendicitis, lap appy",865,Post-operative complications,General and Minor,silver,
possible antibiotic therapy,999,Unknown,General and Minor,silver,
Inpatient Psychiatric Consult Via Phone:attempted suicide via hanging,351,Depression/suicidal/deliberate self-harm,Mental Health,rule,SUICIDAL
23 yo male CC: Severe SOB,651,Shortness of breath,Respiratory,silver,
"23 yo male: unresponsive, SOB",651,Shortness of breath,Respiratory,silver,
Laceration 2cm to <PERSON>,704,Laceration/puncture,Skin,silver,
"23 yo male CC: woke up with a cut on his chin, he does not rememebr how long or what happened, pt was intoxicated <DATE_TIME>",704,Laceration/puncture,Skin,silver,
other cause of vomiting,257,Nausea and/or vomiting,Gastrointestinal,silver,
<DATE_TIME> male vomiting with stomach pain,251,Abdominal pain,Gastrointestinal,silver,
mild dehydration other cause of vomiting or diarrhea,7,General weakness,Cardiovascular,rule,DEHYDRATION
<DATE_TIME> male here for vomiting he said it started in <LOCATION> at the hotel was told to go back to hotel but he was afraid to go back to ER CHA <PERSON> here helping,257,Nausea and/or vomiting,Gastrointestinal,silver,
VTC visit with <PERSON> <PERSON> he was too weak to get his ht,7,General weakness,Cardiovascular,silver,
Suicidal Ideations,351,Depression/suicidal/deliberate self-harm,Mental Health,rule,SUICIDAL
transport for PTL,458,"Pregnancy issues, >20 weeks",OB/GYN,silver,
PRETERM LABOR,458,"Pregnancy issues, >20 weeks",OB/GYN,silver,
N/V and PTL,257,Nausea and/or vomiting,Gastrointestinal,silver,
PNV 38 <DATE_TIME>,869,Newly Born,General and Minor,silver,
Labor. Contractions 5min apart,458,"Pregnancy issues, >20 weeks",OB/GYN,silver,
"Lives in the dorm here in <LOCATION>, after lunch <DATE_TIME> develped abdominal pain (sharp,constant) with nausea",251,Abdominal pain,Gastrointestinal,silver,
"Flown in from <LOCATION> for surgical consult, free air in abdoment, NG tube placed, HX twisted stomach.",855,Direct referral for consultation,General and Minor,silver,
fv hospital discharge,865,Post-operative complications,General and Minor,silver,
left hip injury while playing basketball.,557,Lower extremity injury,Orthopedic,silver,
"Pt was playing b-ball <DATE_TIME> , went up for a rebound and came down on his left hip. Pt transported to <LOCATION> and found to have fxd his femur/trocanter. Pt alert after having recieved ketamine and dilaudid for flight. CMS intact. Ortho contacted",557,Lower extremity injury,Orthopedic,silver,
F/U with Hip Surgery,865,Post-operative complications,General and Minor,silver,
"BIB ALS Air, from village , pt here for a testicular torsion. pt received inflight 250 FEN. IV @ 9am, <PERSON> mg IM for a total of 6mg. pt pain uncontrolled,",305,Scrotal pain and/or swelling,Genitourinary,silver,
SI. Hanging MedEvac in from <LOCATION>. Calm relaxed. Denies SI. Guardian at bedside. NAD VSS,351,Depression/suicidal/deliberate self-harm,Mental Health,silver,
<PERSON> follow up - SAB,865,Post-operative complications,General and Minor,silver,
SAB Follow up,865,Post-operative complications,General and Minor,silver,
f/u appt,865,Post-operative complications,General and Minor,silver,
"BIBA from <PERSON>. SOB, decreased SpO2, Covid +, pneumonia, CHF, mottled, chilled extremities, 14K troponin, heparin drip, hx throat CA, CHF. appears uncomfortable. AOx4.",999,Unknown,General and Minor,rule,CHF_UNKNOWN
"SOB, pos covid, decreased O2 sats",651,Shortness of breath,Respiratory,rule,COVID_RESPIRATORY
"vomiting, very weak",257,Nausea and/or vomiting,Gastrointestinal,silver,
"Pt BIB Guardian from Novak D/T ABD pain since <DATE_TIME>. PT admitsto N/V. Pt has PIV x2, Pt received fentanyl 200mcg during flight. PT A/Ox4, pain <DATE_TIME>.",251,Abdominal pain,Gastrointestinal,silver,
FV - Acute perforated appy s/p lap appy,865,Post-operative complications,General and Minor,rule,POST_OP
4 wheeler accident - head on collision,802,Major trauma—blunt,Trauma,silver,
had a stroke around <DATE_TIME>,409,Extremity weakness/symptoms of CVA,Neurologic,rule,CVA_STROKE
"brought in by guardian for left sided weakness, flaccid",409,Extremity weakness/symptoms of CVA,Neurologic,silver,
"Deferred patient DC from <LOCATION>, needs FV before going home. Deferred patient DC from <LOCATION>, needs FV before going home.",999,Unknown,General and Minor,silver,
<DATE_TIME> male is here check on his denture process,101,Dental/gum problem,ENT - Mouth/Throat/Neck,silver,
Other tooth,101,Dental/gum problem,ENT - Mouth/Throat/Neck,silver,
N/V started <DATE_TIME> after eating chicken,257,Nausea and/or vomiting,Gastrointestinal,silver,
"c/o continuing n/v/weakness, was seen in ER <DATE_TIME>",257,Nausea and/or vomiting,Gastrointestinal,silver,
"BIB Flight for Small bowel obstruction, with N/Vx3 days. given <LOCATION> and 1 L NS in flight. Left sided weakness past CVA",251,Abdominal pain,Gastrointestinal,rule,BOWEL_OBSTRUCTION
fv tumor board recommendations,999,Unknown,General and Minor,silver,
"abdominal mass, sent in from village for evaluation, denied any pain or complaint at this time",263,Abdominal mass/distention,Gastrointestinal,silver,
Lower back spasms or pinched nerve,551,Back pain,Orthopedic,silver,
Eval - colon cancer,999,Unknown,General and Minor,silver,
"Pt to <PERSON> with c/o diarrhea, vomiting and dehydration. Pt in town for port placement for CA. Pt wants to make sure he is hydrated and well enough for port placement on <DATE_TIME>. Pt thinks illness is related to food eaten <DATE_TIME>.",7,General weakness,Cardiovascular,rule,DEHYDRATION
"Pregnancy 12: Bleeding from Vagina, in <DATE_TIME> of Pregnancy",455,Vaginal bleed,OB/GYN,silver,
spoting since <DATE_TIME> and started feeling contractions which she likened to labor,457,"Pregnancy issues, <20 weeks",OB/GYN,silver,
was spotting <DATE_TIME> and leaking pink fluid <DATE_TIME>. not leaking right now. but her underware was really wet this am.,457,"Pregnancy issues, <20 weeks",OB/GYN,silver,
alert sober NAD looks tired a little worried,866,Minor complaints NOS,General and Minor,silver,
"Bleeding from Vagina, in <DATE_TIME> of Pregnancy",458,"Pregnancy issues, >20 weeks",OB/GYN,silver,
"pt returns to the clinic with continued bleeding, she states when she got home <DATE_TIME> at <DATE_TIME> she noticed a large clump of blood about the size of her fist. She was able to sleep as there wass little pain. but woke up to pain and contractions that h",457,"Pregnancy issues, <20 weeks",OB/GYN,silver,
"Pregnancy 12: Bleeding from Vagina, in <DATE_TIME> of Pregnancy Abdominal Pain in Woman <DATE_TIME> Pregnant Woman",458,"Pregnancy issues, >20 weeks",OB/GYN,silver,
Spotting since <DATE_TIME>,455,Vaginal bleed,OB/GYN,silver,
blood draw,866,Minor complaints NOS,General and Minor,silver,
anemia rom other cuase,864,Pallor/anemia,General and Minor,silver,
<DATE_TIME> female with low iron,864,Pallor/anemia,General and Minor,silver,
Blood draw,866,Minor complaints NOS,General and Minor,silver,
RPNV 33 <DATE_TIME>,999,Unknown,General and Minor,silver,
"brought in from clinic by midwife, c/o <PERSON> for <DATE_TIME>, 33.6, G7P5",457,"Pregnancy issues, <20 weeks",OB/GYN,silver,
Transfer Prenatal visit,457,"Pregnancy issues, <20 weeks",OB/GYN,silver,
Contractions,457,"Pregnancy issues, <20 weeks",OB/GYN,silver,
RPVN 34 <DATE_TIME> F/U ED,999,Unknown,General and Minor,silver,
pruritus of pregnancy,867,Inconsolable crying,General and Minor,silver,
Direct Admission,855,Direct referral for consultation,General and Minor,silver,
ROPTL,999,Unknown,General and Minor,silver,
<DATE_TIME> female C/o Possible labor,458,"Pregnancy issues, >20 weeks",OB/GYN,silver,
"Contraction in Woman <DATE_TIME> pregnant, possible preterm labor",457,"Pregnancy issues, <20 weeks",OB/GYN,silver,
RO preterm labor,457,"Pregnancy issues, <20 weeks",OB/GYN,silver,
Came from the clinic .Here for PEC evaluation.,457,"Pregnancy issues, <20 weeks",OB/GYN,silver,
MD 1,999,Unknown,General and Minor,silver,
Labor pain,458,"Pregnancy issues, >20 weeks",OB/GYN,silver,
RPNV 32 <DATE_TIME>,999,Unknown,General and Minor,silver,
contraction,458,"Pregnancy issues, >20 weeks",OB/GYN,silver,
ER F/U 33 <DATE_TIME>,999,Unknown,General and Minor,silver,
"pt arrived to OBT ""to see if I'm in active labor"". <PERSON> reports her CX started <DATE_TIME> and in <DATE_TIME> she has had 3-4 cx. Pt <PERSON>, VB and reports +FM.",458,"Pregnancy issues, >20 weeks",OB/GYN,silver,
Beta #2,999,Unknown,General and Minor,silver,
MD1,999,Unknown,General and Minor,silver,
"pt called OBT reporting she has been cx since she was d/c from OBT for her MD1. Reports cx became regular ""a little while ago"". Denies LOF, VB and reports +Fm",457,"Pregnancy issues, <20 weeks",OB/GYN,silver,
bleeding and abdominal cramps in pregnany,457,"Pregnancy issues, <20 weeks",OB/GYN,silver,
"Patient endorses vaginal bleeding in pregnancy at <DATE_TIME> gestation; ""10 maxi pads soaked <DATE_TIME> with clots""",457,"Pregnancy issues, <20 weeks",OB/GYN,silver,
F/U SAB,457,"Pregnancy issues, <20 weeks",OB/GYN,silver,
"Snow machine accident, injury to right lower leg. Obvious deformity and swelling",557,Lower extremity injury,Orthopedic,silver,
"BIB Guardian from <LOCATION> on <DATE_TIME>. Passenger on snowmachine, no helmet. Low speed rolled onto side. Right leg pinned. Here for right tib/fib fxr. Reduced and splinted PTA. CMS x4.",557,Lower extremity injury,Orthopedic,silver,
Casting To Right Tibial Fx,858,Cast check,General and Minor,silver,
Stomach pain/constipation,251,Abdominal pain,Gastrointestinal,silver,
"BIB Air ambulance from <PERSON>, dx w/intraabdominal abcess and risk of perforation at <LOCATION>. VSS, pain reports nausea and constipation lasting <DATE_TIME>, currently free of pain and nausea, however.",251,Abdominal pain,Gastrointestinal,silver,
ABdominal pain,251,Abdominal pain,Gastrointestinal,silver,
"FV - ex lap <PERSON>'s for large BO, staple removal/postop",865,Post-operative complications,General and Minor,rule,POST_OP
: FV - ex lap <PERSON>'s for large BO,865,Post-operative complications,General and Minor,silver,
"FV - ex lap <PERSON>'s for large BO,",865,Post-operative complications,General and Minor,silver,
facial trauma after 4 wheeler accident <PERSON> elbow pain,102,Facial trauma,ENT - Mouth/Throat/Neck,silver,
16 yo female chief complaint of toothache on the back tooth on the bottom left,101,Dental/gum problem,ENT - Mouth/Throat/Neck,silver,
Deeply <PERSON>,999,Unknown,General and Minor,silver,
Bad Toothache. Diagnosed with Deeply <PERSON> <DATE_TIME>. Taking Tylenol with Codiene from grandfather at night- which is the only thing helping. Tried the Tylenol with ibuprofen once and says that made it worse.,101,Dental/gum problem,ENT - Mouth/Throat/Neck,silver,
Rewcheck- Deeply Decayed/Chipped Tooth #31- About the Same,101,Dental/gum problem,ENT - Mouth/Throat/Neck,silver,
respiratory illness,154,URTI complaints,ENT - Nose,silver,
"Female <DATE_TIME> sick, 34 <DATE_TIME> <DATE_TIME> gestation, EDD <DATE_TIME>",458,"Pregnancy issues, >20 weeks",OB/GYN,silver,
contractions in woman <DATE_TIME> gestation,458,"Pregnancy issues, >20 weeks",OB/GYN,silver,
"<DATE_TIME> contractions started <DATE_TIME>, was every 9 min, then every <DATE_TIME>, then started to have severe lower back pain, has to stand up every time she has contraction, <DATE_TIME> been feeing pressure to hips and vagina area,",458,"Pregnancy issues, >20 weeks",OB/GYN,silver,
TRPN,999,Unknown,General and Minor,silver,
GHTN,6,Hypertension,Cardiovascular,silver,
PP B/P check,6,Hypertension,Cardiovascular,silver,
patient crashed on motorcycle by hitting another,802,Major trauma—blunt,Trauma,silver,
fractured right wrist,556,Upper extremity injury,Orthopedic,silver,
R arm injury,556,Upper extremity injury,Orthopedic,silver,
pt comes to the clinic with damaged cast. has no other problems and is doing fine no pain smiling.,858,Cast check,General and Minor,silver,
damaged cast,858,Cast check,General and Minor,silver,
"vomiting, coughing, runny nose",154,URTI complaints,ENT - Nose,silver,
"arrived via fixed wing / als. with multiple injuries from motor vehicle crash. c/o HA, rib pain, and right leg pain.",802,Major trauma—blunt,Trauma,rule,MAJOR_TRAUMA_BLUNT
suture and staple removal,857,Removal staples/sutures,General and Minor,silver,
15 yof here for stomach pain,251,Abdominal pain,Gastrointestinal,silver,
minor abdonimal injury,806,Isolated abdominal trauma—blunt,Trauma,silver,
"pt medivac'd in for abd pain after being hit in lower abd with a bb during a game, denies any pain on arrival after 100 mcg fentanyl, zofran 4mg given iv",806,Isolated abdominal trauma—blunt,Trauma,silver,
BIB airmed from the village with c/o possible bowel obstruction - hit in abd by a basketball <DATE_TIME> - presented with abd pain to <PERSON>. pt has <PERSON> in place pt states no pain @ present - medicated in route - fentanyl,251,Abdominal pain,Gastrointestinal,rule,BOWEL_OBSTRUCTION
fv small bowel obstruction,251,Abdominal pain,Gastrointestinal,rule,BOWEL_OBSTRUCTION
Pt. had <PERSON> surgery to release adheasion that caused a bowel obstruction. Pt. presents with concernes for infection to upper abd surgical sites. NAD. Ambulated to triage w/o difficulty.,251,Abdominal pain,Gastrointestinal,rule,BOWEL_OBSTRUCTION
"ATV accident, right temple, right knee and left wrist injury",802,Major trauma—blunt,Trauma,silver,
Possible Close Fracture of Left Wrist,557,Lower extremity injury,Orthopedic,silver,
"911 call 17 yo male here for four wheeler accident, hurt left wrist/hand, right knee, and right chest",802,Major trauma—blunt,Trauma,silver,
F/u left wrist and right knee injury. Doing better. Says last took ibuprofen <DATE_TIME> for the pain.,556,Upper extremity injury,Orthopedic,silver,
F/U atv accident <DATE_TIME>- Doing better,866,Minor complaints NOS,General and Minor,silver,
"BIBair for right vertebral occlusion, from <LOCATION>. Ambulates to bed, ataxia present, denies ETOH use x3wks, no facial droop on arrival, mildly slurred speech. Given 81mg ASA PTA. AAOx4. NAD. says felt unsteady walkng <DATE_TIME> and became concerned.",406,Gait disturbance/ataxia,Neurologic,silver,
musculoskeletal 10: other musculoskeletal injury,866,Minor complaints NOS,General and Minor,silver,
"18 fell down a flight of stairs <DATE_TIME>, her L leg is bruise, woke up to it swelling. no broken bones, was able to get up and walk. hurts to walk on. 3 to 4 pain scale, when i walk it throbs and hurts. (its ok when not walking on it)",555,Lower extremity pain,Orthopedic,silver,
<DATE_TIME> female overdose,752,Overdose ingestion,Substance Misuse,rule,OVERDOSE
Overdose by mouth with medicine,752,Overdose ingestion,Substance Misuse,rule,OVERDOSE
pt took two bottles of unknow pills. pt not cooperative on medavac or er upon arrival.,752,Overdose ingestion,Substance Misuse,silver,
possible nexplanon insertion,866,Minor complaints NOS,General and Minor,silver,
"arrived by Medevac due to decreased responsiveness, reported ETOH ingestion",752,Overdose ingestion,Substance Misuse,rule,OVERDOSE
F/Up HOSP DC,855,Direct referral for consultation,General and Minor,silver,
pt brought in due to low bp. vomiting and fever.,257,Nausea and/or vomiting,Gastrointestinal,silver,
"vomiting,fever",257,Nausea and/or vomiting,Gastrointestinal,silver,
Homevisit-patient in quarantine at home <DATE_TIME> female vomiting started <DATE_TIME>,257,Nausea and/or vomiting,Gastrointestinal,silver,
"bib als/air from <LOCATION> for urosepsis, pt covid negative pta. pt hypotensive in <LOCATION> and endoute. pt able to ambulate",307,UTI complaints,Genitourinary,silver,
pt with onset of possible stroke at <DATE_TIME>. medevac in and gone straight to ct.,409,Extremity weakness/symptoms of CVA,Neurologic,rule,CVA_STROKE
chest pain started <DATE_TIME>. hx of stroke with slight residual right side. stating right side droop worse <DATE_TIME>.,409,Extremity weakness/symptoms of CVA,Neurologic,rule,CVA_STROKE
"Pt air EMs from <LOCATION>. Pt NSTEMI transfer. Pt with chest pain started <DATE_TIME>. <PERSON> given nito paste and on heparin on arrival at 24.6 ml/hr or 12 u/kg/hr concentration 20,000 U/500 ml. Pt a/o on arrival <PERSON> with no pain. Heparin continued",3,Chest pain—cardiac features,Cardiovascular,rule,STEMI_NSTEMI
Bilat chest pain worse w walking. Hx of stroke. Walking w walker. Old right facial droop. Feeling weaker than usual.,409,Extremity weakness/symptoms of CVA,Neurologic,rule,CVA_STROKE
"FV Hospital discharge, stents",855,Direct referral for consultation,General and Minor,silver,
"BIB EMS from Sprighill Suires c/o chest pain, HTN. pt took own NTG x 2 with no relief. pt currently denies pain. Hx CVA, HTH, stents.",409,Extremity weakness/symptoms of CVA,Neurologic,rule,CVA_STROKE
"<PERSON> attack earlier during vasovagal, woke up on bathroom floor. Third episode in <DATE_TIME>. Hx CA. Reg. unlabored resp. calm, compliant.",8,Syncope/pre-syncope,Cardiovascular,silver,
HTN; worsening droop of right side of face.,409,Extremity weakness/symptoms of CVA,Neurologic,silver,
See trauma flow sheet. Level 1 trauma,802,Major trauma—blunt,Trauma,silver,
"s/p assault, penetrating chest wounds",865,Post-operative complications,General and Minor,rule,POST_OP
"c/c <DATE_TIME> burning R-sided posterior rib pain. Pt states he was stabbed on <DATE_TIME>, recently hospitalized with a chest tube and discharged <DATE_TIME>. Pt states he missed a pain management appt and wasn't sent home with enough pain meds,",803,Isolated chest trauma—penetrating,Trauma,silver,
Suicidal ideation,351,Depression/suicidal/deliberate self-harm,Mental Health,rule,SUICIDAL
Facial trauma,102,Facial trauma,ENT - Mouth/Throat/Neck,silver,
"Alert, amblatory. Here with aunt. <PERSON> had facial trauma, face vs door, <DATE_TIME>. No LOC. Was seen for teeth at the time. Head had not been addressed. GCS 15",102,Facial trauma,ENT - Mouth/Throat/Neck,silver,
"pt here per ems after falling off of the tailgate of a moving truck, hitting the back of his head, has a large hematoma to same, + loc, altered when he first woke up, now a and o x2, large abrasion to lower back also c/o lumbar pain, neuro intact",407,Head injury,Neurologic,silver,
BIB GF for fall out of truck bed. pt struck head. NAD even respirations.,407,Head injury,Neurologic,silver,
Hosp D/C F/u bib Sister <PERSON> <PHONE_NUMBER>,855,Direct referral for consultation,General and Minor,silver,
f/u concussion,865,Post-operative complications,General and Minor,silver,
f/u comcussion,865,Post-operative complications,General and Minor,silver,
<DATE_TIME> female came in for an infection in the L foot pinky toe. Patient said she had an ingrown nail that she removed <DATE_TIME> days ago and pus started coming out <DATE_TIME> and started a red streak.,709,Localized swelling/redness,Skin,silver,
Red streak,709,Localized swelling/redness,Skin,silver,
other mental health problem,352,Anxiety/situational crisis,Mental Health,silver,
took 20 capsules of Clindamycin 150mg at about 10:15pm because she wanted to die.,752,Overdose ingestion,Substance Misuse,silver,
pt has been having si thoughts for some time now. took <PHONE_NUMBER> mg clindamycin tabs that had been prescribed to her for infection.,351,Depression/suicidal/deliberate self-harm,Mental Health,silver,
BIB air for report of assault. Pt has subQ wmphasime and wide spread brusing,802,Major trauma—blunt,Trauma,silver,
"alleged assault <DATE_TIME>, AK HP involved",999,Unknown,General and Minor,rule,ACUTE_RENAL_FAILURE_UNKNOWN
s/p assault,865,Post-operative complications,General and Minor,rule,POST_OP
"pt BIB guardian c/o R abd pain x <DATE_TIME>; imaging shows R ovarian abcess. ABX given in <LOCATION>. pt is A&Ox4, amulates with steady gait.",256,Groin pain/mass,Gastrointestinal,silver,
"ABD pain . Recent surgery on <DATE_TIME>. pt has increased pain with movement. Denies N/V/D, normal intake and output pt taking Doxycycline for infection, pt A&OX4, ambulated into the ED, <LOCATION> Village",865,Post-operative complications,General and Minor,silver,
Close Interval FV/Vaginal Laceration,455,Vaginal bleed,OB/GYN,silver,
"Outside for <DATE_TIME>, frostbite to extermities. Hypothermic",205,Hypothermia,Environmental,rule,HYPOTHERMIA
"possible seizures, altered mental status",405,Seizure,Neurologic,silver,
"BIBLM from <LOCATION> for further evaluation of AKI diagnosis, AMS post witnessed seizure <DATE_TIME>. Pt transfer d/t limited capabilities of previous facility. Pt A/O to self, responds to commands. Hx of BKA, bilat left wrsit ambupations.",405,Seizure,Neurologic,silver,
Fv after hospital discharge. Does report <DATE_TIME> backpain thats been ongoing X <DATE_TIME>.,852,Fever,General and Minor,silver,
"Upper abdominal pain, N/V",251,Abdominal pain,Gastrointestinal,silver,
Lower abdominal pain,251,Abdominal pain,Gastrointestinal,silver,
"BIBA Guardian flight from <LOCATION> for adbominal pain. Pt given 0.5 of dilaudid, 4mg zofran and 25mg promethazine. Pt states she has no pain as of now. Pt is A&Ox4.",251,Abdominal pain,Gastrointestinal,silver,
s/p peritoneal carcinomatosis,865,Post-operative complications,General and Minor,rule,POST_OP
Ref: ongoing ascites evaluation for reaccumulation and possible paracentesis,263,Abdominal mass/distention,Gastrointestinal,silver,
"Pt c/o ""N/V/D x2 days. diarrhea >10 times <DATE_TIME>, not able to keep pills down, I just puked back up. Dry heaving noted in triage. RR even unlabored. Skin PWD.",254,Diarrhea,Gastrointestinal,silver,
<PERSON> swelling,709,Localized swelling/redness,Skin,silver,
"Flown in from <LOCATION> for swelling to R chest, shoulder secondary to cellulitis. Flight team also reports possible necrotizing fasciatis. Pt arrives alert, oriented, ambulatory. NAD.",709,Localized swelling/redness,Skin,rule,LOCALIZED_INFECTION
D/c Follow up bib mom <PERSON> <PHONE_NUMBER>,866,Minor complaints NOS,General and Minor,silver,
"agitation, hyperthermia, possible OD",752,Overdose ingestion,Substance Misuse,rule,OVERDOSE
MVA with head lacerations,802,Major trauma—blunt,Trauma,rule,MAJOR_TRAUMA_BLUNT
thoughts of suicide,351,Depression/suicidal/deliberate self-harm,Mental Health,rule,SUICIDAL
Suicidal ideations,351,Depression/suicidal/deliberate self-harm,Mental Health,rule,SUICIDAL
RLQ abd pain,251,Abdominal pain,Gastrointestinal,silver,
F/u ER,866,Minor complaints NOS,General and Minor,silver,
possible heart attack.,3,Chest pain—cardiac features,Cardiovascular,silver,
<DATE_TIME> male caled on-call stating lip and face start swelling up <DATE_TIME>.,657,Allergic reaction,Respiratory,silver,
Authorized in from <LOCATION> for chest pain. Had nitro this am 0400 and benadryl 50mg for lip swelling. Denies any cp at this time.,3,Chest pain—cardiac features,Cardiovascular,silver,
states l side pain-,251,Abdominal pain,Gastrointestinal,silver,
Follow up for recent discharge on <DATE_TIME> from inpatient for angina. No increased pain. Took asa 81mg this am 0600.,3,Chest pain—cardiac features,Cardiovascular,silver,
"<DATE_TIME> male came in for bump on head, pt was cutting wood in <DATE_TIME> and a log hit him in the head, he got knocked down but didn't come in to clinic. Patient came in c/o lump and pain on his right eye brow still.",407,Head injury,Neurologic,silver,
"Minor head injury: <DATE_TIME>, injury happened in <DATE_TIME>",407,Head injury,Neurologic,silver,
brought in by guardian after snow mobile accident <DATE_TIME> with concern for open right elbow fx.denies hitting head or other complaints. given 100mcg fentanyl in route and rocephin PTA.,557,Lower extremity injury,Orthopedic,silver,
F/u ORIF of R humerus fracture <DATE_OF_SERVICE> (Needs x-rays),859,Imaging tests,General and Minor,silver,
left elbow follow up,859,Imaging tests,General and Minor,silver,
"water bag broke at 7:30pm <DATE_TIME>, she is <DATE_TIME> and <DATE_TIME> gestation, more water came out <DATE_TIME>",458,"Pregnancy issues, >20 weeks",OB/GYN,silver,
fluid leaking from vagina <DATE_TIME> gestation,458,"Pregnancy issues, >20 weeks",OB/GYN,silver,
Day 3 PP BP check,6,Hypertension,Cardiovascular,silver,
Postpartum b/p check,6,Hypertension,Cardiovascular,silver,
Patient was playing basketball at <DATE_TIME> and came down on right leg with deformity to right hip. Patient tearful and uncooperative with questioning. Mother at bedside.,802,Major trauma—blunt,Trauma,silver,
"f/u R hip hematoma , need repeat CBC, CMP, and INR draw",863,Abnormal lab values,General and Minor,silver,
"increased bp, dizziness.",6,Hypertension,Cardiovascular,silver,
will discuss w/ provider,866,Minor complaints NOS,General and Minor,silver,
"Authorized in from <LOCATION>, ATV accident <DATE_TIME>, head injury, headache (Resolved) abrasions to bridge of nose. some confusion still",407,Head injury,Neurologic,silver,
"1) possible closed left fracture left clavicle, 2) minor head injury",407,Head injury,Neurologic,silver,
"crash with ATV 4 wheeler, don't know how she fly, don't know how she crash. had <DATE_TIME> sister with her. She cannot move left arm due to painful shoulder",407,Head injury,Neurologic,silver,
atv accident with some confusion after and left shoulder pain. pt alert and ortiented on arrival with left arm in sling with obvious deformity to left collar bone area,407,Head injury,Neurologic,silver,
"follow up post MVC, fx left clavicle",407,Head injury,Neurologic,silver,
follow up left clavicle injury,407,Head injury,Neurologic,silver,
Mother brings in <DATE_TIME> female for sore throat and fever.,154,URTI complaints,ENT - Nose,silver,
viral pharyngitis,154,URTI complaints,ENT - Nose,silver,
sore throat and right ear ache,103,Sore throat,ENT - Mouth/Throat/Neck,silver,
"having vomiting, fast heartbeat, dizziness",257,Nausea and/or vomiting,Gastrointestinal,silver,
vomiting mild dehydration,7,General weakness,Cardiovascular,rule,DEHYDRATION
pt brought in by ems. pt was in SVT in village. converted by medevac team with 6mg adenosine.,5,Palpitations/irregular heart beat,Cardiovascular,silver,
Sore throat/earache,103,Sore throat,ENT - Mouth/Throat/Neck,silver,
attempted to hang self,351,Depression/suicidal/deliberate self-harm,Mental Health,silver,
Musculoskeletal Pain: Closed Fracture,866,Minor complaints NOS,General and Minor,silver,
<DATE_TIME> male C/O snow machine accident,802,Major trauma—blunt,Trauma,silver,
"auth from <LOCATION> c/o L Leg pain, upon arrival, pt had seizure & became unresponsive",405,Seizure,Neurologic,silver,
mom <PERSON><PHONE_NUMBER> CO here for Hosp D/C F/U,855,Direct referral for consultation,General and Minor,silver,
Splint ck L tibia,858,Cast check,General and Minor,silver,
"fx left lower leg, pt's mom requesting extension of pain meds.",861,Prescription/medication request,General and Minor,silver,
recheck broken left leg. snow go,858,Cast check,General and Minor,silver,
body aches and fever.,852,Fever,General and Minor,silver,
Medivac to <LOCATION> for blood pressure loss,401,Altered level of consciousness,Neurologic,silver,
"Authorized in from <LOCATION>, for <DATE_TIME> now n/v/d, then <DATE_TIME> weakness and hypotension. Was given 4 liters of <LOCATION>, still complaints of weakness/fatigue and hypotensive",7,General weakness,Cardiovascular,silver,
Snowmobile accident,802,Major trauma—blunt,Trauma,silver,
Sno-go accident,802,Major trauma—blunt,Trauma,silver,
Bleeding,151,Epistaxis,ENT - Nose,silver,
Pt tranfered from <LOCATION> for SBO. NG tube in R nare,251,Abdominal pain,Gastrointestinal,rule,BOWEL_OBSTRUCTION
fv s/p diagnostic lap,865,Post-operative complications,General and Minor,rule,POST_OP
confirmed IUP with vaginal bleeding and reported SA,455,Vaginal bleed,OB/GYN,silver,
"atv accident. leg, <PERSON>, arm and rib pain. LOC",802,Major trauma—blunt,Trauma,silver,
Pt endorses UQ pain and vomiting x <DATE_TIME>,257,Nausea and/or vomiting,Gastrointestinal,silver,
BIB Lifemed from <LOCATION> for possible appy. Pt c/o right lower abdominal pain since <DATE_TIME> with n/v. Pt ambulated well to restroom and back. Mother with pt. Pain controlled at this time,251,Abdominal pain,Gastrointestinal,silver,
Sports physical,866,Minor complaints NOS,General and Minor,silver,
"Arrives via medevac with c/o SOB, weakness. Pt with hx CHF and is non-compliant with medications",999,Unknown,General and Minor,rule,CHF_UNKNOWN
no sleeping,354,Insomnia,Mental Health,silver,
right side abdominal pain,251,Abdominal pain,Gastrointestinal,silver,
S/p lap appy,865,Post-operative complications,General and Minor,rule,POST_OP
having abdominal pain,251,Abdominal pain,Gastrointestinal,silver,
other cause of Abdominal pain,251,Abdominal pain,Gastrointestinal,silver,
pt with right <PERSON> pain earlier. <DATE_TIME> pain now at this time.,555,Lower extremity pain,Orthopedic,silver,
Ab pain follow up. Pt seen <DATE_TIME> for right side ab pain. pt denies pain <DATE_TIME>. pt and mother denies NVD.,251,Abdominal pain,Gastrointestinal,silver,
brought in by medevac. left leg injury.,557,Lower extremity injury,Orthopedic,silver,
musculoskeletal pain possible closed fracture,555,Lower extremity pain,Orthopedic,silver,
<DATE_TIME> male here for left lower lef injury I have <PERSON> here with me,557,Lower extremity injury,Orthopedic,silver,
Bilateral arm pain s/p motor vehicle accident,865,Post-operative complications,General and Minor,rule,POST_OP
"Pediatric trauma level 2 activation, <NRP> vehicle vs ATV. see trauma flowsheet",802,Major trauma—blunt,Trauma,silver,
"F/U RUE, LUE, RLE",556,Upper extremity injury,Orthopedic,silver,
"XR - F/U RUE, LUE, RLE per <PERSON>",556,Upper extremity injury,Orthopedic,silver,
FV: <LOCATION>,999,Unknown,General and Minor,silver,
"Fell off ATV, denies LOC, right arm injury.",556,Upper extremity injury,Orthopedic,silver,
"Sent from <LOCATION>, pt has break in <LOCATION> arm. stable, appears in pain, wearing a sling, splint applied , pt appears uncomfortable, pt going to take PO Apap 975 and IBU 400. last ate @ 4 am. Steady gait, A&OX4.",556,Upper extremity injury,Orthopedic,silver,
Follow up left wrist fracture,556,Upper extremity injury,Orthopedic,silver,
sore throat and fever,103,Sore throat,ENT - Mouth/Throat/Neck,silver,
"R shoulder pain/swelling, R knee pain/swelling, closed head injury with LOC s/p ATV accident",865,Post-operative complications,General and Minor,rule,POST_OP
<PERSON> and follow up xray,999,Unknown,General and Minor,silver,
"passed out at home <DATE_TIME>, reports being very tired, not sleeping with new born. reports being very exhausted.",401,Altered level of consciousness,Neurologic,silver,
became unconscience and vomited. still altered level of conscience. now responding to questions,401,Altered level of consciousness,Neurologic,silver,
other cause of decreased lever or consciousness,401,Altered level of consciousness,Neurologic,silver,
"sore throat, very bad, can't eat or drink, barely can talk",106,Difficulty swallowing/dysphagia,ENT - Mouth/Throat/Neck,silver,
bilateral abscess in throat,709,Localized swelling/redness,Skin,rule,LOCALIZED_INFECTION
"pt with c/o ""anxiety"", and feeling as if she ""isn't going to make it"". <PERSON> states her last drink was <DATE_TIME>, and she smoked marijuana. Pt is alert and oriented, but does report seeing ""snakes"".",352,Anxiety/situational crisis,Mental Health,rule,ANXIETY
R BBFA fracture,556,Upper extremity injury,Orthopedic,silver,
Right arm pain,554,Upper extremity pain,Orthopedic,silver,
Pt to <PERSON> with c/o post op color changes to fingers/hand. +CMS intact,865,Post-operative complications,General and Minor,rule,POST_OP
pt. is here for F/U for right forearm fracture,556,Upper extremity injury,Orthopedic,rule,FOREARM_FRACTURE
"sob, low sats in village",651,Shortness of breath,Respiratory,silver,
SOB in village,651,Shortness of breath,Respiratory,silver,
"having pain in upper and lower back started <DATE_TIME>, and had spotting of blood light color in liner, just a tinge on it",455,Vaginal bleed,OB/GYN,silver,
"Pre-term Labor,",457,"Pregnancy issues, <20 weeks",OB/GYN,silver,
"alert looks uncomfrotable, laying on exam table and contracting every <DATE_TIME> now",458,"Pregnancy issues, >20 weeks",OB/GYN,silver,
spotting since <DATE_TIME>,455,Vaginal bleed,OB/GYN,silver,
Pt reports getting shot in the thigh,801,Major trauma—penetrating,Trauma,silver,
R leg pain s/p GSW,865,Post-operative complications,General and Minor,rule,POST_OP
"pt BIB Guardian for evaluation of GSW w/22. Femoral , pain worse <DATE_TIME>. pt being evaluated for compartment syndrome.",801,Major trauma—penetrating,Trauma,rule,MAJOR_TRAUMA_PENETRATING
"Pt reports <PERSON> to posterior right thigh, seen here for this. And now feeling less sensation and unable to bend leg. Bullet still in leg.",801,Major trauma—penetrating,Trauma,silver,
s/p gunshot wound R thigh,865,Post-operative complications,General and Minor,rule,POST_OP
Follow up GSW,801,Major trauma—penetrating,Trauma,rule,MAJOR_TRAUMA_PENETRATING
recheck abd pain,251,Abdominal pain,Gastrointestinal,silver,
Authorized in from <LOCATION> for <DATE_TIME> abd pain with N/V and bleeding,251,Abdominal pain,Gastrointestinal,silver,
"BIB Air Fligt for RLQ pain, and N/V for <DATE_TIME>, pt is <DATE_TIME> pregnant. r/o ectopic/appy. has STD, 4L bolus LR, 1 dose of Flagyl, 1grof Rocephin, 750mg tylenol, 4mg and 2mg of morphine given in local hospital, <PERSON> in place. pt AOx4.",251,Abdominal pain,Gastrointestinal,silver,
ER follow up.,866,Minor complaints NOS,General and Minor,silver,
possible miscarriage,457,"Pregnancy issues, <20 weeks",OB/GYN,silver,
F/U SAB from ER,457,"Pregnancy issues, <20 weeks",OB/GYN,silver,
"pt here with c/o lower abd pain , n/v x1 after eating sardines and crackers",251,Abdominal pain,Gastrointestinal,silver,
Pt BIB Medivac from <LOCATION> for hernia and possible surgery. Surgical admit. <PHONE_NUMBER> abdominal pain.,251,Abdominal pain,Gastrointestinal,silver,
FV - Ex Lap with small bowel resection,865,Post-operative complications,General and Minor,silver,
"f/u HTN; no c/o CP, occ SOB on home <DATE_TIME> now, no dizziness or palps, no edema in <LOCATION>",6,Hypertension,Cardiovascular,silver,
f/u abdominal,251,Abdominal pain,Gastrointestinal,silver,
"healing surgical incision below the umbilicus, warm to touch pt is afebrile, small amt of yeloow drainage, no foul odor, some redness at edges, concerned about infxn, bs in all quads",865,Post-operative complications,General and Minor,silver,
"sob with increased swelling, 85% on RA",651,Shortness of breath,Respiratory,silver,
"Arrives via guardian from <LOCATION> with report of increased WOB, generalized weakness, CHF",999,Unknown,General and Minor,rule,CHF_UNKNOWN
"Pt arrives via medevac with c/o Afib, Onset at <DATE_TIME>. Pt feels SOB and is tachypneic.",5,Palpitations/irregular heart beat,Cardiovascular,rule,AFIB_RVR
<PERSON> while on blood thinner,999,Unknown,General and Minor,silver,
"BIB LM for fall. pt was home when fell. Takes <PERSON>. Was c/o of HA. Presents <PERSON>, Appears comfortable. Breathing unlabored NAD noted",407,Head injury,Neurologic,silver,
"Ref: Medevac for fall, has UTI, should have f/u before returning to village Referred by: <PERSON>, <PERSON> A, <LOCATION>",307,UTI complaints,Genitourinary,silver,
FV <PERSON> (Medivac In) /Labs,999,Unknown,General and Minor,silver,
Fall at home,557,Lower extremity injury,Orthopedic,silver,
"<PERSON> episode, fall, left hip pain",555,Lower extremity pain,Orthopedic,silver,
<DATE_TIME> olf female fell and hurt her right hip (patient is at home ),555,Lower extremity pain,Orthopedic,silver,
Right hip injury- Possible closed fx or dislocation,557,Lower extremity injury,Orthopedic,silver,
"<DATE_TIME> female from <LOCATION> BIB Guardian. fell around 2100 <DATE_TIME> while attempting to use the bathroom, son found her on floor, was taken to hospital in <LOCATION>, dx R femoral head fx, was given morphine 4 mg at hosp and Fentanyl 75 mcg in route.",557,Lower extremity injury,Orthopedic,silver,
right hip pain after fall. brought in by medivac,555,Lower extremity pain,Orthopedic,silver,
"<DATE_TIME> female with SOB, in pain and no appitite",651,Shortness of breath,Respiratory,silver,
other caues of mild shortness of breath,651,Shortness of breath,Respiratory,silver,
"recheck, other cause of Shortness of breath",651,Shortness of breath,Respiratory,silver,
<DATE_TIME> female recheck for other cause of mild shortness of breath,651,Shortness of breath,Respiratory,silver,
recheck mild shortness of breath,651,Shortness of breath,Respiratory,silver,
87F recheck her SOB and tried to <PERSON> out <DATE_TIME>,651,Shortness of breath,Respiratory,silver,
87F recheck SOB and pain. She ate <DATE_TIME>. Couple bites caribou meat with seal oil and couple bites mush. Is having her water with the thickener.,651,Shortness of breath,Respiratory,silver,
recheck mild shortness of breath and pain,651,Shortness of breath,Respiratory,silver,
"87F recheck sob and pain. pain from her tailbone from laying. has 2 bed sores about the size of a penny but they put cbd salve on it and it close and got better a little.she never poop since <DATE_TIME>, wanted to wash hair and eat while I was there.",651,Shortness of breath,Respiratory,silver,
<DATE_TIME> female recheck lung sounds and pain-,651,Shortness of breath,Respiratory,silver,
Recheck lung sounds Pain Assessment,651,Shortness of breath,Respiratory,silver,
Right Arm injury S/P Fall on <DATE_TIME>,865,Post-operative complications,General and Minor,rule,POST_OP
pt BIB Guardian flight from <LOCATION>. Pt fell on <DATE_TIME> & dislocated her shoulder. Reduction attempted 3x at <LOCATION> w/o success. Pt has hx of dementia. Daughter at bedside.,556,Upper extremity injury,Orthopedic,silver,
f/v ABN EKG,863,Abnormal lab values,General and Minor,silver,
"BIB Guardian from <LOCATION> for NSTEMI. CP <DATE_TIME>, <DATE_TIME> started to have pain in neck and arms",3,Chest pain—cardiac features,Cardiovascular,rule,STEMI_NSTEMI
"chest pain, radiation down both arms, restless for <DATE_TIME> intermittantly",3,Chest pain—cardiac features,Cardiovascular,silver,
F/u PTCI,855,Direct referral for consultation,General and Minor,silver,
F/U Heart Surgery,865,Post-operative complications,General and Minor,silver,
"Authorized from <LOCATION>, sob/cough over <DATE_TIME>. Tested positive for covid <DATE_TIME>. hx copd/lung cancer",651,Shortness of breath,Respiratory,rule,COVID_RESPIRATORY
potential stroke,409,Extremity weakness/symptoms of CVA,Neurologic,rule,CVA_STROKE
BIB Lifemed from <LOCATION> for stoke symptoms. Last known well <DATE_TIME> at <DATE_TIME>. Pt w/ aphasia and right sided defecits.,409,Extremity weakness/symptoms of CVA,Neurologic,silver,
ER fv visit,852,Fever,General and Minor,silver,
Pt using bathroom tonight & fell @2200. Pt denies hitting head. Unsure if LOC. Pt d/c'd from regional <DATE_TIME>. Stroke <DATE_TIME> per pt's family member. No deficits noted. Pt endorses marijuana use <DATE_TIME>. Pt on blood thinners. Pt denies pain. Resp e/u,409,Extremity weakness/symptoms of CVA,Neurologic,rule,CVA_STROKE
Medication refills,861,Prescription/medication request,General and Minor,silver,
pt had someone fall on him causing right abd pain.,806,Isolated abdominal trauma—blunt,Trauma,silver,
"minor chest injury lower right ribs minor to severe abd injury, possible bruised liver",806,Isolated abdominal trauma—blunt,Trauma,silver,
"pt is a police officer who got in a fight with intoxicated man he was arresting, during arrest pt fell hard on top of man and knocked the wind out of him. He called oncall because he has # 10 pain in the lower rib cage and it hurts to cough or move",804,Isolated chest trauma—blunt,Trauma,silver,
"<DATE_TIME> male here for recheck on <DATE_TIME> E R visit with chap and medivaced at the time for further evaluation, patient in village quarentine for <DATE_TIME> now because of travel to , <DATE_TIME> pain is at left side and feeling worst, pain, tookall meds.",866,Minor complaints NOS,General and Minor,silver,
musculoskeletal 10 other musculoskeletal problem,866,Minor complaints NOS,General and Minor,silver,
Lower Right Abdominal Pain- Possible Acute Abdomen,251,Abdominal pain,Gastrointestinal,silver,
"R abdomen pain- sharp and dull, almost radiance to right lower back. Started anout <DATE_TIME>. Stomach feels swollen. Took <PERSON> with antiacid around 10 than 2 gas-x's, mylanta. Pain's getting worse since started. Feels weak and hurts to talk, cough.",251,Abdominal pain,Gastrointestinal,silver,
I have nausea and no vomiting. I have right ided abdominal pain and it worsens with movement. I have bloating in my abdomen as well,251,Abdominal pain,Gastrointestinal,silver,
"Pt from <LOCATION>, pt flown in from <PERSON>. CT performed showed air in small bowel. Pt is here for consult with general surgery.",855,Direct referral for consultation,General and Minor,silver,
FV pneumatosis at the ileocolonic anastomosis,251,Abdominal pain,Gastrointestinal,rule,INTESTINAL_PNEUMATOSIS
"pt medivac'd in for <PERSON> deformity, + pulses and sensation distally, full rom of digits, brisk cap refill",802,Major trauma—blunt,Trauma,silver,
trouble breathing,651,Shortness of breath,Respiratory,silver,
"follow up after hospital dc'd for Pneumonia/COPD, pt denied any present complaints, no visible distress",855,Direct referral for consultation,General and Minor,silver,
"medevac for dizziness and generalized weakness, currently o Levaquin for UTI x <DATE_TIME>",402,Confusion,Neurologic,silver,
"Dizzy, n/v",403,Vertigo,Neurologic,silver,
"BIB guardian flt from <LOCATION>, persistant vertigo, vomiting new onset of diplopia. Sent to <LOCATION> for MRI. calm, compliant, reg. unlabored resp. calm, compliant.",403,Vertigo,Neurologic,silver,
"lower abdominal pain and back, with trouble pooping and R thigh pain for <DATE_TIME> now.",251,Abdominal pain,Gastrointestinal,silver,
"EMS states, ""She has had fatigue, chills and RLQ abdominal pain for <DATE_TIME> with pain that radiates to R leg. She has a history of liver problems. She was given <PERSON> for pain"". Patient states that she feels like <PERSON> is wearing off.",251,Abdominal pain,Gastrointestinal,silver,
"Patient has been having bone aches and body aches for <DATE_TIME>. was given a laxative <DATE_TIME> OTC. she pooped, went to bed, woke up in even more pain in belly.",251,Abdominal pain,Gastrointestinal,silver,
Other Digestive system problem,866,Minor complaints NOS,General and Minor,silver,
PPD,866,Minor complaints NOS,General and Minor,silver,
"<DATE_TIME> during text and conversation with daughter <DATE_TIME> patient appeared altered. <DATE_TIME> confused not acting herself, states just doesnt feel the same. FSBS 87",402,Confusion,Neurologic,silver,
"pt bib medevac from <LOCATION> for stroke, symptomts started <DATE_TIME> , pt had AMS, weakness, dysartheria. pt has hx parkinsons, tremor noted. pt A&0 x4 upon arrival",409,Extremity weakness/symptoms of CVA,Neurologic,rule,DYSARTHRIA_CVA
"FV AIH, Discharge 5-E <DATE_TIME>, last seen <DATE_TIME> Field Clinic",866,Minor complaints NOS,General and Minor,silver,
74yoF Ref for Eval s/p VA <DATE_TIME>. Pt sts VA OD seems more cloudy now. No gtts,752,Overdose ingestion,Substance Misuse,rule,OVERDOSE
Establish care / stroke F/V,409,Extremity weakness/symptoms of CVA,Neurologic,rule,CVA_STROKE
wellness exam,866,Minor complaints NOS,General and Minor,silver,
right knee swelling & pain,558,Joint(s) swelling,Orthopedic,silver,
right hip pain,555,Lower extremity pain,Orthopedic,silver,
"BIB Guardian Flight from <LOCATION> for right hip dislocation approx 2345 <DATE_TIME>. States pushed and fell down 3 flights of stairs while intoxicated. Denies LOC. C/o pain in lumbar spine, hx spondylosis. Denies other injury. Good pedal pulses, + numbness",802,Major trauma—blunt,Trauma,silver,
f/u orif right hip @ <DATE_TIME>,865,Post-operative complications,General and Minor,silver,
fever and mental status changes in the village this am.,852,Fever,General and Minor,silver,
BIB air COVID for <LOCATION>,851,Exposure to communicable disease,General and Minor,silver,
chest pain and stomach pain,251,Abdominal pain,Gastrointestinal,silver,
"<DATE_TIME> male with weakness, more to legs",7,General weakness,Cardiovascular,silver,
"right sided weakness, confusion, last seen WNL at bed time <DATE_TIME>",409,Extremity weakness/symptoms of CVA,Neurologic,silver,
"GLF; RIGHT FEMUR FX, see trauma flow sheet",557,Lower extremity injury,Orthopedic,rule,FEMUR_FRACTURE
Fall,802,Major trauma—blunt,Trauma,silver,
"Had a seizure that lasted <DATE_TIME> at <DATE_TIME>. Has been disoriented and repeating same things. took <DATE_TIME> to get him from his house to the clinic due to disorientation, woudnt answer straight questions",402,Confusion,Neurologic,silver,
"Seizure, BIB Guardian flight, pt Hx Seizures. Wife states pt had seizure (witnessed) lasted <DATE_TIME>. resolved after <DATE_TIME>. Pt A&O x4, airway intact, ambulated steady gait.",405,Seizure,Neurologic,silver,
"BIB EMS from <LOCATION> for seizures and shortness of breath. Arrrives on <PERSON>. History of Afib, intermittently compliant with all meds.",5,Palpitations/irregular heart beat,Cardiovascular,rule,AFIB_RVR
Ref: post-discharge follow up,865,Post-operative complications,General and Minor,silver,
Card clearance knee surgery,855,Direct referral for consultation,General and Minor,silver,
FV from <DATE_TIME>,999,Unknown,General and Minor,silver,
"59 yo male here for recheck of covid, tested positive <DATE_TIME>",851,Exposure to communicable disease,General and Minor,rule,COVID_EXPOSURE
Recheck Confirmed Covid Patient,851,Exposure to communicable disease,General and Minor,rule,COVID_EXPOSURE
"COVID (+), SOB, decreased oxygen saturation, cough with sputum production",651,Shortness of breath,Respiratory,rule,COVID_RESPIRATORY
<PERSON> work and wound check,710,Wound check,Skin,silver,
recheck wound,710,Wound check,Skin,silver,
"CHF, SOB with exertion",999,Unknown,General and Minor,rule,CHF_UNKNOWN
swollen left hand,709,Localized swelling/redness,Skin,silver,
"BIB Guardian from <LOCATION>, commercial from <LOCATION> to <LOCATION>.",999,Unknown,General and Minor,silver,
Hospital discharge,865,Post-operative complications,General and Minor,silver,
"Brought from Q house for severe SOB beginning at 700 and worsening despite use of personal C-pap. Cardiac event <DATE_TIME> pta. Hx CHF. +3 pitting edema BLE. Denies CP. On arrival pt w marked increased WOB, 1 word sentences, clammy. Saturating 70% RA.",999,Unknown,General and Minor,rule,CHF_UNKNOWN
"CP @ 4am, rcvd asp. and nitro x1 at clinic, resolved, unremarkable EKG from EMS, VSS NAD on arrival.",3,Chest pain—cardiac features,Cardiovascular,silver,
88 y/o female came in unresponsive. family states pt was very weak at home,401,Altered level of consciousness,Neurologic,silver,
Low Blood Sugar,854,Hypoglycemia,General and Minor,silver,
pt brought in from <LOCATION>. unresponsive in clinic. pt was given dextrose and responded after second amp. pt wake and alert arriving to .,854,Hypoglycemia,General and Minor,silver,
"PT bib Guardian for respiratory distress. Pt agitated, confused, dyspneic requiring NRB.",651,Shortness of breath,Respiratory,silver,
pt transfer from <LOCATION> for NSTEMI. pt arrived via EMS. pt a/o and ambulatory upon arrival. pt denies pain at this time. pt has heparin and nitro paste upon arrival.,3,Chest pain—cardiac features,Cardiovascular,rule,STEMI_NSTEMI
ER D/C,866,Minor complaints NOS,General and Minor,silver,
f/u NSTEMI.,3,Chest pain—cardiac features,Cardiovascular,rule,STEMI_NSTEMI
Follow Up Care for Back Pain,551,Back pain,Orthopedic,silver,
49 yo female here for a recheck of back pain after being authorized to <LOCATION> from a four wheeler crash,552,Traumatic back/spine injury,Orthopedic,silver,
"Chronic pain, chronic care. requesting med refill",861,Prescription/medication request,General and Minor,silver,
"Intentional drug overdose, propranolol",752,Overdose ingestion,Substance Misuse,rule,OVERDOSE
49 yo F here after taking 50 tablets of propranolol,752,Overdose ingestion,Substance Misuse,silver,
poisoning or overdose by mouh with drug or medicine,752,Overdose ingestion,Substance Misuse,rule,OVERDOSE
49 yo F here for recheck after getting taken off of clonazepam,753,Substance withdrawal,Substance Misuse,silver,
Panic Attack,352,Anxiety/situational crisis,Mental Health,rule,ANXIETY
"Patient is shaking, light headed, dizzy, unable to eat since being taken off clonazepam suddenly not <DATE_TIME> but the <DATE_TIME> before. Has not been able to sleep in <DATE_TIME>. Has been withdrawing <DATE_TIME>, cant sleep, muscle spasms. dry heeving",753,Substance withdrawal,Substance Misuse,silver,
"Pt states that she needs her clonazepam to live life, she cant stop shaking and her thoughts are restless.",753,Substance withdrawal,Substance Misuse,silver,
Other nervous system problem (shakes from medicine withdrawal/chemical dependancy),753,Substance withdrawal,Substance Misuse,rule,SUBSTANCE_WITHDRAWAL
Mental Health problem: Chronic Care,866,Minor complaints NOS,General and Minor,silver,
"Patient came in <DATE_TIME> having tremors in hands, anxious feeling. Needs her anti-anxiety medicine. clonazepam and clonidine.",352,Anxiety/situational crisis,Mental Health,rule,ANXIETY
fever and body aches with abdominal bloating,852,Fever,General and Minor,silver,
nausea and fever since he ate take out food <DATE_TIME>,257,Nausea and/or vomiting,Gastrointestinal,silver,
"right lower leg redness, swelling and pain.",12,Unilateral reddened hot limb,Cardiovascular,silver,
high fever other rash of leg,708,Rash,Skin,silver,
fever chills body aches and now has a red painful rash on leg,709,Localized swelling/redness,Skin,silver,
vtc,999,Unknown,General and Minor,silver,
chest and back pain,3,Chest pain—cardiac features,Cardiovascular,silver,
chest pain and sob,3,Chest pain—cardiac features,Cardiovascular,silver,
Follow up after hospital,855,Direct referral for consultation,General and Minor,silver,
"At <DATE_TIME> while watching tv developed left sided chest pain (sharo,constant) with sob, weakness and fatigue. x of MI",3,Chest pain—cardiac features,Cardiovascular,silver,
Post op wound care.,865,Post-operative complications,General and Minor,rule,POST_OP
VTC FV FMH D/C,999,Unknown,General and Minor,silver,
"CP, started at <DATE_TIME> with SOB started at <DATE_TIME>",3,Chest pain—cardiac features,Cardiovascular,silver,
F/U ER visit,855,Direct referral for consultation,General and Minor,silver,
76yoM Pre Op CE IOL OS for decreased vision.,504,Visual disturbance,Ophthalmology,silver,
"Pre Op Ce/IOL OD, POD 1 Ce/IOL OS. Vision is ""a little bit better"" OS, using Moxi and Pf TID OS.",752,Overdose ingestion,Substance Misuse,rule,OVERDOSE
"76M POD1 CEIOL OD, POD3 CEIOL OS. Pt sts vision has been well, denies new floaters/flashes. ""I'm using both of the drops 3 times sometimes 4 times a day""",752,Overdose ingestion,Substance Misuse,rule,OVERDOSE
"Chest pain, emesis",3,Chest pain—cardiac features,Cardiovascular,silver,
F/u inpatient d/C,866,Minor complaints NOS,General and Minor,silver,
"<PERSON> pain, loss of appetite since in recently",252,Anorexia,Gastrointestinal,silver,
"sob, chest injury",804,Isolated chest trauma—blunt,Trauma,silver,
pt intoxicated and woke up with chest pain. doesn't remember trauma,3,Chest pain—cardiac features,Cardiovascular,silver,
61 yo male follow up pneumonia,866,Minor complaints NOS,General and Minor,silver,
recheck on pneumonia: doing better,866,Minor complaints NOS,General and Minor,silver,
covid pos,851,Exposure to communicable disease,General and Minor,silver,
hospital dc follow up,866,Minor complaints NOS,General and Minor,silver,
right hip pain and right wrist fracture,555,Lower extremity pain,Orthopedic,silver,
"chest heaviness since 1100 with radiation lt left shoulder, arm and neck, diff to take deep breathe",3,Chest pain—cardiac features,Cardiovascular,silver,
"Pt BIB Flight Crew from <LOCATION>, Dx with NSTEMI, Pt received nitro paste, aspirin, lovenox, and metoprolol PTA. Pt arrives without CP, NSR on monitor. No cardiac Hx.",3,Chest pain—cardiac features,Cardiovascular,rule,STEMI_NSTEMI
f/u after d/c for cardiac surgery,866,Minor complaints NOS,General and Minor,silver,
"F 76 yo here for draining ear for <DATE_TIME>, and sore on top of head, great grand son <PERSON> was seen and reported for impetigo and was given med",55,"Discharge, ear",ENT - Ears,silver,
contact impetigo,851,Exposure to communicable disease,General and Minor,silver,
"F 76 yo here for headache since <DATE_TIME>, and stay home til she can't take the headache anymore",404,Headache,Neurologic,silver,
muscle tension headache other headache,404,Headache,Neurologic,silver,
"F 76 yo here for stroke at the store phone call at <DATE_TIME> stating Patient is having stroke,",409,Extremity weakness/symptoms of CVA,Neurologic,rule,CVA_STROKE
stroke : chronic care visit,409,Extremity weakness/symptoms of CVA,Neurologic,rule,CVA_STROKE
pt states got to hot <DATE_TIME>,205,Hypothermia,Environmental,silver,
"76 yo female CC: here for Follow up for <LOCATION>, and eye swelling evaluated at Hospital on <DATE_TIME> for possible stroke",409,Extremity weakness/symptoms of CVA,Neurologic,rule,CVA_STROKE
"Follow-up After Hospital or regional clinic for synascope,",8,Syncope/pre-syncope,Cardiovascular,silver,
"Authorized in from <LOCATION>, with Guardian. At 1200 while doing laundry developed substernal chest pain, non radiating (dull) that was on/off with some sob, broke out in a sweat. received nitro x ytwo with relief",3,Chest pain—cardiac features,Cardiovascular,silver,
77 yo female CC: VTC appointment with PCP for L breast lump/pain,712,"Lumps, bumps, calluses",Skin,silver,
pt flown in for cp and sob.,3,Chest pain—cardiac features,Cardiovascular,silver,
78 YO Female CC: Recheck Visit for Pneumonia,154,URTI complaints,ENT - Nose,silver,
Recheck Pneumonia post discharge from Hospital,154,URTI complaints,ENT - Nose,silver,
Hip pain,555,Lower extremity pain,Orthopedic,silver,
"BIB Guardian Flight from <LOCATION>, right femur fx fall from standing. at ALF",557,Lower extremity injury,Orthopedic,rule,FEMUR_FRACTURE
"74 yo F here for swelling of ankles,legs and face",10,Bilateral leg swelling/edema,Cardiovascular,silver,
Swelling possible heart failure,9,"Edema, generalized",Cardiovascular,silver,
"CHF, respiratory distress",999,Unknown,General and Minor,rule,CHF_UNKNOWN
"BIB Guardian for shortness of breath, COPD, PNA, new onset CHF. pt on BiPAP on arrival. lasix and ativan given PTA. AOx3, resp even and unlabored.",999,Unknown,General and Minor,rule,CHF_UNKNOWN
follow-up hospital discharge/heart failure,865,Post-operative complications,General and Minor,silver,
NP Cor pulmonale; Post hospital discharge for COPD exacerbation,651,Shortness of breath,Respiratory,silver,
"(Ref) Cirrhosis, <PERSON>, <LOCATION>",866,Minor complaints NOS,General and Minor,silver,
c/o of not feeling well and tired.,7,General weakness,Cardiovascular,silver,
pt transferred from for bilateral pulmonary embolisms and pneumonia,651,Shortness of breath,Respiratory,silver,
"pt comes in by ems. hypoxia, dypsnea. wet sounding cough afebrile",651,Shortness of breath,Respiratory,silver,
open fracture laceraton/scrap other tooth injury,704,Laceration/puncture,Skin,silver,
"atv accident with head, L elbow and L knee injury",802,Major trauma—blunt,Trauma,silver,
see trauma downtime charting,802,Major trauma—blunt,Trauma,silver,
"s/p L olecranon skin graft and muscle flap, <DATE_OF_SERVICE> w/ Dr. <PROVIDER>",865,Post-operative complications,General and Minor,rule,POST_OP
"Came from patient housing, discharged <DATE_TIME> due to ATV accident, complaining of left foot swelling and left wrist swelling. Patient denies pain but states she is concerned about swelling.",558,Joint(s) swelling,Orthopedic,silver,
F/u L elbow,856,Dressing change,General and Minor,silver,
running out of losartan and atenolol,861,Prescription/medication request,General and Minor,silver,
"72 yo fever states its a chronic fever, lack of appetite, dehydrated.",7,General weakness,Cardiovascular,rule,DEHYDRATION
severe dehydration other cause of vomiting,7,General weakness,Cardiovascular,rule,DEHYDRATION
N/V for <DATE_TIME> with chemo,257,Nausea and/or vomiting,Gastrointestinal,silver,
"C/O emesis & anarexia. Gastric cancer Pt on chemo. Ambulatory, speaking & breathing easily. Skin hot, dry, appropriate color.",252,Anorexia,Gastrointestinal,silver,
PerOp colonoscopy,866,Minor complaints NOS,General and Minor,silver,
"NP-palpitations, preop clearance, labs, echo, 24HM, ekg",5,Palpitations/irregular heart beat,Cardiovascular,silver,
Heart pain <DATE_TIME>,3,Chest pain—cardiac features,Cardiovascular,silver,
"Male <DATE_TIME>, came in with heart problem started all of sudden <DATE_TIME> at home.",3,Chest pain—cardiac features,Cardiovascular,silver,
chest pain once <DATE_TIME>,3,Chest pain—cardiac features,Cardiovascular,silver,
"cp, weakness",3,Chest pain—cardiac features,Cardiovascular,silver,
Vitals for vidyo <PERSON>,866,Minor complaints NOS,General and Minor,silver,
"Here for Labs, Vital Signs",866,Minor complaints NOS,General and Minor,silver,
f/u bil leg inf,10,Bilateral leg swelling/edema,Cardiovascular,silver,
"Abdominal pain, n/v",251,Abdominal pain,Gastrointestinal,silver,
"Pt transfer for pancreatitis; hx chronic pain, afib, aflutter, htn and pre; pt moaning in pain but able to answer questions; received 150 mcg fentanyl in flight",5,Palpitations/irregular heart beat,Cardiovascular,rule,AFIB_RVR
"s/p dilated bile ducts, FV ER",865,Post-operative complications,General and Minor,rule,POST_OP
"VTC for Chronic <PERSON>,",866,Minor complaints NOS,General and Minor,silver,
VTC with Internal Med provider at,866,Minor complaints NOS,General and Minor,silver,
pain in lower back and left arm,554,Upper extremity pain,Orthopedic,silver,
f/u chronic back pain,551,Back pain,Orthopedic,silver,
PT PRESENTS TO <PERSON> WITH CHEST PAIN AND SOB THAT WAS SUDDEN ONSET JUST PRIOR TO ARRIVAL,3,Chest pain—cardiac features,Cardiovascular,silver,
ESTABLISH CARE,866,Minor complaints NOS,General and Minor,silver,
"76 yo male CC: slurred speech, not oriented. Dr. <PERSON> called <DATE_TIME> and asked if we can get vitals from home, vitals were 62% spo2 room air, b/p<PHONE_NUMBER>, pulse- <DATE_TIME>, brought to clinic.",409,Extremity weakness/symptoms of CVA,Neurologic,silver,
"76 yo male CC: altered mental status, low spo2% possible stroke",409,Extremity weakness/symptoms of CVA,Neurologic,rule,CVA_STROKE
"SOB, Confusion,",409,Extremity weakness/symptoms of CVA,Neurologic,silver,
75YF must have fell on the floor sometimes <DATE_TIME>. said her hip hurts and her R arm. She doesn't remember falling but mentioned she may be ill or has a bad cold.,802,Major trauma—blunt,Trauma,silver,
musculoskeletal 2: possible hip fx,557,Lower extremity injury,Orthopedic,rule,FEMUR_FRACTURE
"Found down at home <DATE_TIME>, last seen <DATE_TIME> around 1500.",409,Extremity weakness/symptoms of CVA,Neurologic,silver,
"Pt transferred from <LOCATION> after being found down approx 7am by dtr. Last known well 1500 <DATE_TIME>. <PERSON> presents with left side paralysis, left side neglect, and expressive aphasia",409,Extremity weakness/symptoms of CVA,Neurologic,silver,
establish care/hospital discharge,866,Minor complaints NOS,General and Minor,silver,
confusion,402,Confusion,Neurologic,silver,
"BIB Guardian from <LOCATION> for CVA. Pt arrives anxious and restless. PRN sedation meds given in flight after episodes of sundowning. Pt not answering questions, willl open eyes to look at staff. VS stable upon arrival. <LOCATION> doc notified.",409,Extremity weakness/symptoms of CVA,Neurologic,rule,CVA_STROKE
FV ED,866,Minor complaints NOS,General and Minor,silver,
FV Stroke /Hospital discharge,409,Extremity weakness/symptoms of CVA,Neurologic,rule,CVA_STROKE
awoke at <DATE_TIME> with left facial droop weakness to left side FSBS 117,409,Extremity weakness/symptoms of CVA,Neurologic,silver,
BIB EMS for possible stroke. New left sided weakness. Last known normal <DATE_TIME>. History of stroke. Required suctioning en route. Arrives asking for water. Not answering questions. English is not primary language.,409,Extremity weakness/symptoms of CVA,Neurologic,rule,CVA_STROKE
Follow up Hospital Rehab - <DATE_TIME> possible date,866,Minor complaints NOS,General and Minor,silver,
Hospital f/u- stroke,409,Extremity weakness/symptoms of CVA,Neurologic,rule,CVA_STROKE
F/U hospitalization,855,Direct referral for consultation,General and Minor,silver,
"unresponsive, vomiting, hypotension",401,Altered level of consciousness,Neurologic,silver,
"BIBGF fr <LOCATION> for acute pancreatitis. pt found unresponsive at home initial BP was 80-. when awake pt c/o severe abd pain. given MS. lipase <PHONE_NUMBER> amylase 1200. pt curretnly responsive to pain-given phenrgan, ativan, fent in flight. had zosyn at 0330",251,Abdominal pain,Gastrointestinal,silver,
chest pain 2 hrs center of chest nonradiating pain with slight shortness of breath. took nitro before coming with some relief. <DATE_TIME> pain now.,3,Chest pain—cardiac features,Cardiovascular,silver,
hospital <LOCATION> follow up,855,Direct referral for consultation,General and Minor,silver,
bib gaurdain c/c cholelithiasis surgery consult from <PERSON>. pt <DATE_TIME> <PERSON> pain for <DATE_TIME>. tachy pulse. ambulatory nad,251,Abdominal pain,Gastrointestinal,silver,
s/p EUS,865,Post-operative complications,General and Minor,rule,POST_OP
ambulatory w/walker. requesting refill on Diclofenac topical 1% for rash on LLE. has had same rash for <DATE_TIME>. staying in pt housing. denies other complaints,861,Prescription/medication request,General and Minor,silver,
Dehydration/Diarrhea,7,General weakness,Cardiovascular,rule,DEHYDRATION
"Nausea, vomiting, diarrhea",257,Nausea and/or vomiting,Gastrointestinal,silver,
GI Follow Up,855,Direct referral for consultation,General and Minor,silver,
"Arrived to ER room #01 with Medevac from <LOCATION>. The patient was lightheaded <DATE_TIME>, fell 4 times just <DATE_TIME>, he said.",8,Syncope/pre-syncope,Cardiovascular,silver,
follow up abdominal pain,251,Abdominal pain,Gastrointestinal,silver,
left arm weakness x <DATE_TIME>. states no previous hx of stroke,409,Extremity weakness/symptoms of CVA,Neurologic,rule,CVA_STROKE
"Pt BIB GF from <LOCATION> w/ c/o L-side weakness for <DATE_TIME>. Pt came in to health center for same reason but resolved. Possible TIA. Mg 2g and clopidogrel, atorvastatin, & ASA given PTA. CTA shows 90% blockage on carotid artery. AOx4. Hx of COPD, GERD.",409,Extremity weakness/symptoms of CVA,Neurologic,silver,
Sent by <LOCATION> for worsening left leg cellulitis. Recently discharged from hospital <DATE_TIME> and not taking PO antibiotics appropiately.,709,Localized swelling/redness,Skin,rule,LOCALIZED_INFECTION
Here for a folow up related to RLE cellulitis,709,Localized swelling/redness,Skin,rule,LOCALIZED_INFECTION
F/U Left Arm Pain/ Monitor Pain and Gabapentin use,554,Upper extremity pain,Orthopedic,silver,
hx of uterine ca,866,Minor complaints NOS,General and Minor,silver,
Lower Abdominal Pain,251,Abdominal pain,Gastrointestinal,silver,
Lower Abdominal Pain / Discomfort,251,Abdominal pain,Gastrointestinal,silver,
bil upper abd pain x <DATE_TIME>. worsening <DATE_TIME>. vomiting off and on. pain <DATE_TIME>,251,Abdominal pain,Gastrointestinal,silver,
"abdominal pain, nausea nd vomiting for <DATE_TIME>, worse <DATE_TIME>",251,Abdominal pain,Gastrointestinal,silver,
pt brought in after having 3 seizures. no hx of seizures,405,Seizure,Neurologic,silver,
PP visit/nexplanon removal and insert,457,"Pregnancy issues, <20 weeks",OB/GYN,silver,
2 wk PP BP check,6,Hypertension,Cardiovascular,silver,
"<DATE_TIME> male here for recheck, had seizures <DATE_TIME> and <DATE_TIME>, family took care of him at home, he said he had one in while staying with his neice and ambulance took him to hospitial, seizures just come not aware of it it just comes,",405,Seizure,Neurologic,silver,
nervous 11 seizure other cause,405,Seizure,Neurologic,silver,
"Seizure <DATE_TIME> in village, states ""My pacer was beeping when I was having a seizure"" pt states no memory of seizure.",405,Seizure,Neurologic,silver,
f/v lo back pain,551,Back pain,Orthopedic,silver,
pacemaker shocking patient.,860,Medical device problem,General and Minor,silver,
follow-up hospital discharge/<LOCATION>; device check,860,Medical device problem,General and Minor,silver,
Alcohol intox and PNA. pauses in breathing resulting in decresed paO2.,751,Substance misuse/intoxication,Substance Misuse,silver,
sob,651,Shortness of breath,Respiratory,silver,
Follow up CT scan for confusion and prior falls while anticoagulated.,402,Confusion,Neurologic,silver,
"Authorized in from <LOCATION> related to syncope and multiple falls. feels worse lying down gets dizzy and lightheaded with left sided chest pain, with sob. FSBS 142",8,Syncope/pre-syncope,Cardiovascular,silver,
Brought in by Guardian flight for reports of 3 episodes of Vtach- shocked by interal AICD/ defib. Pt currently paced at a rate of 60 by interal device. Pt fell and hit head during episode. Bilateral eye bruising w/ laceration to forehead. Negative CT head,5,Palpitations/irregular heart beat,Cardiovascular,silver,
"F/up palps, Hosp d/c, device check",5,Palpitations/irregular heart beat,Cardiovascular,silver,
"F/u AS, echo",863,Abnormal lab values,General and Minor,silver,
"F/u CHF, labs",999,Unknown,General and Minor,rule,CHF_UNKNOWN
"F/u AS, labs",863,Abnormal lab values,General and Minor,silver,
Chest/Sternal Pain,3,Chest pain—cardiac features,Cardiovascular,silver,
"Pt arrives via Guardian Flight for NSTEMI from <LOCATION> and elevated troponins and ASA, Lovenox and Nitro sublingual given. Pt denies CP upon arrival.",3,Chest pain—cardiac features,Cardiovascular,rule,STEMI_NSTEMI
follow-up hospital discharge/CAD,3,Chest pain—cardiac features,Cardiovascular,silver,
STEMI f/u,3,Chest pain—cardiac features,Cardiovascular,rule,STEMI_NSTEMI
c/o n/v after eating lunch <DATE_TIME>. Denies abd pain.,257,Nausea and/or vomiting,Gastrointestinal,silver,
"<DATE_TIME> female here for heart palpatations started at <DATE_TIME>, fast heart beats, strong beats patient tearing, left worst just discomfort, feels like something is there, sat a while to try get better but heart still racing,",5,Palpitations/irregular heart beat,Cardiovascular,silver,
circulatory 1 abnormal heart rate with no chest pains,5,Palpitations/irregular heart beat,Cardiovascular,silver,
f/u from medivac,866,Minor complaints NOS,General and Minor,silver,
pt complains of abd pain with nause and vomiting.,251,Abdominal pain,Gastrointestinal,silver,
Mild Dehydration Gastroenteritis,7,General weakness,Cardiovascular,rule,DEHYDRATION
30 y/o male with vomiting,257,Nausea and/or vomiting,Gastrointestinal,silver,
follow up visit,855,Direct referral for consultation,General and Minor,silver,
Patient here for <PERSON>. pain,866,Minor complaints NOS,General and Minor,silver,
Headache,404,Headache,Neurologic,silver,
"30yo F ccCramping since <DATE_TIME>, <DATE_TIME> <DATE_TIME>",451,Menstrual problems,OB/GYN,silver,
"contractions in woman 34w1d pregnant, possible preterm labor, delivery not about to happen",458,"Pregnancy issues, >20 weeks",OB/GYN,silver,
RPNV 35 <DATE_TIME>,999,Unknown,General and Minor,silver,
Motor vehicle accident,802,Major trauma—blunt,Trauma,rule,MAJOR_TRAUMA_BLUNT
"See Trauma flow sheet. Snowmachine accident, hip dislocation",802,Major trauma—blunt,Trauma,silver,
"blunt trauma to left eye <DATE_TIME>, worsening of eye, increased redness and corneal <PERSON>",802,Major trauma—blunt,Trauma,rule,MAJOR_TRAUMA_BLUNT
"pt BIB GF from <LOCATION> for L eye injury. pt was punched in L eye on <DATE_TIME>, pt developed pain and swelling yest morning and trouble open/closing L eye. denies vision changes. eyrthro/patch given PTA. bruising noted to L side of face. +anxiety. no other injuries",352,Anxiety/situational crisis,Mental Health,rule,ANXIETY
"Blunt Force Trauma OS. ""Had a fight with my other half on the 8th, since then I've had pain/swelling OS orbital area. <DATE_TIME> noticed a 'lump inside my eyelid poking out. I've been using oint since <DATE_TIME>.""",510,Eye trauma,Ophthalmology,silver,
f/u chronic condition,866,Minor complaints NOS,General and Minor,silver,
BP check,861,Prescription/medication request,General and Minor,silver,
POSITIVE PREGNANCY TEST,457,"Pregnancy issues, <20 weeks",OB/GYN,silver,
CHECK TO SEE IF PREGNANT,457,"Pregnancy issues, <20 weeks",OB/GYN,silver,
"bleeding from vagina, after her daughter knee her in her abdomen, she is <DATE_TIME> pregnant, EDD <DATE_TIME>",455,Vaginal bleed,OB/GYN,silver,
bleeding from vagina in pregnancy <DATE_TIME> minor abdominal injury,455,Vaginal bleed,OB/GYN,silver,
"medevac from <LOCATION>, lives in <LOCATION>, <DATE_TIME> preg, bleeding <DATE_TIME>, G3P2",455,Vaginal bleed,OB/GYN,silver,
pt was seen in er <DATE_TIME> having had a miscarriage. pt was discharged. states she is bleeding about the same as she was and has not changed her pad nor taken her meds. went to snack bar and had syncopy episode and hit her head.,455,Vaginal bleed,OB/GYN,silver,
"Other post partum problems, post partum 6",865,Post-operative complications,General and Minor,silver,
<DATE_TIME> female came in for recheck on miscarriage a,457,"Pregnancy issues, <20 weeks",OB/GYN,silver,
Left upper quad pain (thightness) x <DATE_TIME> since stopped drinking alcohol with nausea and vomiting. Constipation since <DATE_TIME> and small amount of urine in the evenings,251,Abdominal pain,Gastrointestinal,silver,
"Patient BIB Gaurdian from <LOCATION> for concerns of Chloycytitis and UTI. Has already recieved Flagyl, <PERSON>, and LR prior to arrirral. Alert and oriented x4 with even respirations.",307,UTI complaints,Genitourinary,silver,
": (Ref) ""F/U alcoholic hepatitis"" Hospitalized <DATE_TIME>- <DATE_TIME> An, <PERSON>, ANP",866,Minor complaints NOS,General and Minor,silver,
"Pt reports seeing PCP and told to come to ER for WBC count. Pt with obvious abd ascities. Pt reports <PERSON> pain, no other symptoms. Recent <PERSON> surgery.",263,Abdominal mass/distention,Gastrointestinal,silver,
pt c/o ejected off snowmachine at approximately 30 mph at 1 hr before arrival; c/o L hip pain,557,Lower extremity injury,Orthopedic,silver,
Pelvic/sacral fx Trauma 2 from <PERSON> See trauma flowsheet,802,Major trauma—blunt,Trauma,silver,
S/P Level II Trauma Activation s/p snow machine crash,865,Post-operative complications,General and Minor,rule,POST_OP
"Follow up left side pelvis fx, spine, rib fx.",865,Post-operative complications,General and Minor,silver,
FV xrays,859,Imaging tests,General and Minor,silver,
top right abdomen,251,Abdominal pain,Gastrointestinal,silver,
PT PRESENTS TO <PERSON> WITH RUQ ABD PAIN WITH NAUSEA AND DIARRHEA FOR <DATE_TIME>,257,Nausea and/or vomiting,Gastrointestinal,silver,
"PT PRESENTS TO <PERSON> FOR RECHECK OF RUQ ABD PAIN, NO NAUSEA OR DIARRHEA <DATE_TIME>",251,Abdominal pain,Gastrointestinal,silver,
pt brought in by medevac. hypotensive in village. pain <DATE_TIME>. no fevers.,999,Unknown,General and Minor,silver,
left ankle pain,555,Lower extremity pain,Orthopedic,silver,
Patient BIB Gaurdian from <LOCATION>/<LOCATION> after having a fall from his bed (approx2 feet) onto the floor and having a L Ankle Fx. Patient is non verbal with developmenal delay.,557,Lower extremity injury,Orthopedic,silver,
F/U ORIF L Ankle,865,Post-operative complications,General and Minor,silver,
: Follow up LLE,866,Minor complaints NOS,General and Minor,silver,
f/u LLE cast check,858,Cast check,General and Minor,silver,
fell out / off plane; bering-air after returning from <LOCATION> / having been released from rehab for right hip surgery. pain in limited to right hip.,555,Lower extremity pain,Orthopedic,silver,
Possible left hip fracture- pain after fall at home,557,Lower extremity injury,Orthopedic,rule,FEMUR_FRACTURE
"BIB guardian from <LOCATION>. ground level fall <DATE_TIME> of ther 13, left hip, extern rotation and shortening. 50 mg fent given in last 15 min",555,Lower extremity pain,Orthopedic,silver,
F/u L Hip <DATE_OF_SERVICE> w/ Dr Moore,866,Minor complaints NOS,General and Minor,silver,
See trauma flow,802,Major trauma—blunt,Trauma,silver,
"snow machine accident rolled over injuring the left lower leg, abrasion to right elbow. No LOC",557,Lower extremity injury,Orthopedic,silver,
<PERSON> ck. <DATE_OF_SERVICE>,866,Minor complaints NOS,General and Minor,silver,
NP Referred by Dr.<PERSON> for patient needs 3rd dose of iron sucrose infusion. please check labs and order 3rd dose,863,Abnormal lab values,General and Minor,silver,
ED Iron Defiency FV,864,Pallor/anemia,General and Minor,silver,
Med adjustment,861,Prescription/medication request,General and Minor,silver,
"pt here by ems intoxicated with c/o fall , has a small 1.5cm lac to back of head, no loc reported, fall witnessed by friends, c/o low lumbar pain also, removed from backboard by md, pt stated he could not get up on scene",751,Substance misuse/intoxication,Substance Misuse,silver,
"trauma 1 activation. hx fall, fracture to L1, scalp laceration. see trauma flowsheet for full triage and assessment.",802,Major trauma—blunt,Trauma,silver,
Severe Head injury,407,Head injury,Neurologic,silver,
45 yo male CC: pt fell off boat on rocks down beach,802,Major trauma—blunt,Trauma,silver,
pt brought in by ems. multiple lacs to forehead and scalp.,802,Major trauma—blunt,Trauma,silver,
"stictched reopened, wound on forehead",710,Wound check,Skin,silver,
fv wound forehead,710,Wound check,Skin,silver,
follow up of stitches on head/medivac'd <DATE_TIME> ref by <PERSON>,710,Wound check,Skin,silver,
f/u bilat ankle pain,555,Lower extremity pain,Orthopedic,silver,
<DATE_TIME> male with seizures,405,Seizure,Neurologic,silver,
seizure form a known seizure patient,405,Seizure,Neurologic,silver,
seizures <DATE_TIME> x 2. arrived to clinic and received 2 mg ativan. aox3,405,Seizure,Neurologic,silver,
FV,866,Minor complaints NOS,General and Minor,silver,
FV prolo,866,Minor complaints NOS,General and Minor,silver,
"home visit, unknown patient is fine",999,Unknown,General and Minor,silver,
red eye,506,"Red eye, discharge",Ophthalmology,silver,
"Pt here for medical care from <LOCATION>,. He and wife were trying to fly home and they were arrested before boarding the flight. He has frequent seizures and all his medications are in <LOCATION>. <PERSON> has profound memory loss. Seems confused, blank stare.",402,Confusion,Neurologic,silver,
"Went shopping, became confused, started having body cramps and fighting with wife, became much more confused then normal. Pt was sitting in front of the car and became unresponsive and didn't take abreath for approx 30 secs.",401,Altered level of consciousness,Neurologic,silver,
"Lumbar Radiculopathy with bilateral; Lower extremity weakness, pain, numbness, tingling and cramping",409,Extremity weakness/symptoms of CVA,Neurologic,silver,
"Pt c/o chronic bilateral ankle pain, ""I was supposed to have shot, but we got stormy wheere I live"", usually gets steroid injections <DATE_TIME>. Pt alert, ambulatory, wearing mask.",555,Lower extremity pain,Orthopedic,silver,
Left rib pain,555,Lower extremity pain,Orthopedic,silver,
"Trauma transfer from <LOCATION>; pt fell x approx. <DATE_TIME>, presented with <LOCATION> <PERSON>, pt found to have hemopneumo on R side & bilateral rib fx",802,Major trauma—blunt,Trauma,silver,
"arrived by Medevac, elevated HR with Afib RVR reported, Given Diltiazem IVP x 2 by Guardian with improvement in Rate noted",5,Palpitations/irregular heart beat,Cardiovascular,rule,AFIB_RVR
"Authorized in from <LOCATION> with Guardian. Usually not a heavy drinker, but heavy alcohol <DATE_TIME>, became unresponsive with seizure like activity and incontinent. FSBS 120. 1 liter ns and zofran 4mg given",405,Seizure,Neurologic,silver,
Other medical emergency and care of patient while waiting for medevac,999,Unknown,General and Minor,silver,
Cops called on call health for unconscious <DATE_TIME> male on the floor at his father in laws,401,Altered level of consciousness,Neurologic,silver,
recheck alcohol coma from ER PATIENT ALSO SAID HE HAS 3 HOLES IN HIS LUNGS AND WOULD LIKE TO KNOW WHAT KIND OF FOLLOW UP NEEDED TO BE DONE.,751,Substance misuse/intoxication,Substance Misuse,silver,
"recheck after medivac to for alcohol coma, pt says not doing good.back of head sure always hurt, Right eye see double vision, nose burning, sleeping real lots, always hear whistles in head, only way to pee is to put cold objects on both groin",751,Substance misuse/intoxication,Substance Misuse,silver,
village vitals for provider,999,Unknown,General and Minor,silver,
Chronic care,999,Unknown,General and Minor,silver,
Chronic care,866,Minor complaints NOS,General and Minor,silver,
"syncopal episode, HTN",8,Syncope/pre-syncope,Cardiovascular,silver,
increased work of breathing. decreased O2 sats sats in the mid to lower 80s,651,Shortness of breath,Respiratory,silver,
fup for ICU admit for septic shock,999,Unknown,General and Minor,rule,SEPSIS_UNKNOWN
hospital d/c - pneumonia,865,Post-operative complications,General and Minor,silver,
follow up,866,Minor complaints NOS,General and Minor,silver,
Here for wound check and suture removal,710,Wound check,Skin,silver,
"Pt climbing on roller chair while changing light bulb, chair slipped out and he landed on his right foot. Area bleeding around the ankle area.",557,Lower extremity injury,Orthopedic,silver,
"BIB EMS with a complain of a fall. Pt reports stepping on his wheelchair attempting to turn off his smoke detector, tripped and fell down, denies LOC. He reports seeing blood that prompted him to call 911. Pt A & O x 4, calm and cooperative, NAD.",802,Major trauma—blunt,Trauma,silver,
f/u RLE,866,Minor complaints NOS,General and Minor,silver,
"slurred speech <DATE_TIME>, dizziness",409,Extremity weakness/symptoms of CVA,Neurologic,silver,
"Abnormal labs, called by Lab for WBC 42.9 and Jaundice.also c/o lower abdominal pain, Pt states ""I feel a bit dizzy"" Denies LOC/LOC changes. Denies NVD.",863,Abnormal lab values,General and Minor,silver,
Pt with dx of acute renal failure. Pt transfer from <LOCATION> to internal medicine. Pt is jaundiced. Pt states pain is under control.,999,Unknown,General and Minor,rule,ACUTE_RENAL_FAILURE_UNKNOWN
check up with liver,866,Minor complaints NOS,General and Minor,silver,
"FV ETOH hepatitis, Discharge <DATE_TIME>, <PERSON>, <PERSON> D, DO",261,Jaundice,Gastrointestinal,silver,
f/u liver problems,261,Jaundice,Gastrointestinal,silver,
"withdrawal, lasst drink on <DATE_TIME>",753,Substance withdrawal,Substance Misuse,rule,SUBSTANCE_WITHDRAWAL
FV discharge,453,Vaginal discharge,OB/GYN,silver,
FV from <DATE_TIME>,866,Minor complaints NOS,General and Minor,silver,
Chronic Care,866,Minor complaints NOS,General and Minor,silver,
increased abdominal girth x <DATE_TIME>,263,Abdominal mass/distention,Gastrointestinal,silver,
"bib guardian flight from <LOCATION> for liver failure. IM to see. pt went to hosp with gen weakness, ascites. tapped for 7.25 L peritoneal fluid. 1 gm rocephin, 50 mg albumin given. wbc 26.7. pt reports back pain and gen aches and pains. in no distress.",7,General weakness,Cardiovascular,silver,
"Per EMS: Pt complains of SOB and CP x <DATE_TIME>. <PERSON> from patient housing; ascites s/p liver and kidney failure with recent drainage. Had not been taking meds. EKG shows ST at 150, BP <PHONE_NUMBER>, O2 sat 97% on room air, BG 140. 20 g IV Right AC",865,Post-operative complications,General and Minor,rule,POST_OP
Family member called on call to check on patient,359,Concern for patient's welfare,Mental Health,silver,
"pt BIBA via guardian flright for evaluation of AMS, possible PNA",401,Altered level of consciousness,Neurologic,silver,
"Pt arrived via EMS/Guardian staff, Unresponsive",401,Altered level of consciousness,Neurologic,silver,
"c/o nosebleed x <DATE_TIME>, facial trauma <DATE_TIME> reportedly",151,Epistaxis,ENT - Nose,silver,
"Ref: End Stage alcoholic liver disease with hepatorenal syndrome; she needs to transition to Hospice, she remains a full code per her request. Referred by: <PERSON>, <PERSON>, FNP",855,Direct referral for consultation,General and Minor,silver,
"bilateral pleural effusions, alcohol induced liver cirrhosis",866,Minor complaints NOS,General and Minor,silver,
"FV with <PERSON>, seen by <PERSON> on<PHONE_NUMBER>/<DATE_TIME>",866,Minor complaints NOS,General and Minor,silver,
alcohol induced liver cirrhosis,866,Minor complaints NOS,General and Minor,silver,
FV diuretics,866,Minor complaints NOS,General and Minor,silver,
f/u after post procedural visit,865,Post-operative complications,General and Minor,silver,
"nausea, vomiting, dehydration",7,General weakness,Cardiovascular,rule,DEHYDRATION
FV Hospital discharge,866,Minor complaints NOS,General and Minor,silver,
left testicluar pain,305,Scrotal pain and/or swelling,Genitourinary,silver,
"Pt arrived via Medevac from <LOCATION> for testicular pain, abdominal pain and nausea x <DATE_TIME>",257,Nausea and/or vomiting,Gastrointestinal,silver,
brought in by kpd. intoxication sitting outside,751,Substance misuse/intoxication,Substance Misuse,silver,
"Altered mental status, possible OD",752,Overdose ingestion,Substance Misuse,rule,OVERDOSE
BIBA from the community resource s/p a syncopal episode. BP PTA <PHONE_NUMBER> and BG 124. Was discharged from <DATE_TIME> with PNA,865,Post-operative complications,General and Minor,rule,POST_OP
"Ref: Hospital followup for <PERSON> with ARDS requiring intubation and ICU stay, evaluate prior to returning home to <LOCATION>. Referred by: <PERSON>, <PERSON>, <LOCATION>",855,Direct referral for consultation,General and Minor,silver,
Probable Fx right leg above knee. Deformation with skin tenting per EMS. CMS intact distal to injury. <PERSON> endorses ETOH.,557,Lower extremity injury,Orthopedic,silver,
"BIB via flight for right femur fx after suspected ground level fall, pt is unsure. noted swelling to thigh, with possible skin break to anterior thigh, +3 right pedal pulse, sensation intact to right foot. Pt is alert and calm.",557,Lower extremity injury,Orthopedic,rule,FEMUR_FRACTURE
suture/staple removal.,857,Removal staples/sutures,General and Minor,silver,
Possible stroke,409,Extremity weakness/symptoms of CVA,Neurologic,rule,CVA_STROKE
Patient feeling like she is having heart attack symptoms. was walking to mothers house and then suddenly couldnt walk on right side of boody anymore. feels very anxious and scared. ;leg got really stiff. then whole right side of body felt stiff.,409,Extremity weakness/symptoms of CVA,Neurologic,silver,
Transient pain R side of body,409,Extremity weakness/symptoms of CVA,Neurologic,silver,
For <DATE_TIME> now has become increasingly SOB and lower extermity edema. Hx CHF. Pitting edema to lower extermity. fatigue and weakness. From <LOCATION> <DATE_TIME>,999,Unknown,General and Minor,rule,CHF_UNKNOWN
chest and abd pain for <DATE_TIME>. no normal bm in <DATE_TIME>,251,Abdominal pain,Gastrointestinal,silver,
"chest pain, abd pain, right foot pain",3,Chest pain—cardiac features,Cardiovascular,silver,
"pt bib gaurdian cc abd pain midline umbilicus <DATE_TIME> concern for acute necrotizing pancreatitis. denies n/v , hx of stroke, seziures takes keppra compliant with meds. gcs 15 nad",409,Extremity weakness/symptoms of CVA,Neurologic,rule,CVA_STROKE
NP Referred by Dr.<PERSON> for Ref: Hospital discharge follow visit pancreatitis,866,Minor complaints NOS,General and Minor,silver,
displaced IUD,860,Medical device problem,General and Minor,silver,
respritory 13 pneumonia after <PERSON>,154,URTI complaints,ENT - Nose,silver,
"SOB, DOE",651,Shortness of breath,Respiratory,silver,
atv accident. complaint of lower back pain. <DATE_TIME>.,552,Traumatic back/spine injury,Orthopedic,silver,
Back Injury,552,Traumatic back/spine injury,Orthopedic,silver,
41 y/o male was in an ATV accident. hit a big bump and crashed. pt was flown off the <LOCATION>. pt states he was probably going about 15 mph. did not lose consciousness. pt was brought in by ambulance,802,Major trauma—blunt,Trauma,silver,
"42 yo male here for STI screening, said he is having trouble urinating, some discharge, bad odor",303,Genital discharge/lesion,Genitourinary,silver,
"alert, oriented, pleasant, comfortable",866,Minor complaints NOS,General and Minor,silver,
1 Discharge from Penis or Burning with Urination: Possible Gonorrhea or Chlamydia 2 High Blood Pressure,303,Genital discharge/lesion,Genitourinary,silver,
Recheck High Blood Pressure,6,Hypertension,Cardiovascular,silver,
42 yo male here for recheck of high BP,6,Hypertension,Cardiovascular,silver,
"weak, has been drinking for <DATE_TIME> and trying to slowly quit",753,Substance withdrawal,Substance Misuse,silver,
alcohol withdrawal severe anemia,753,Substance withdrawal,Substance Misuse,rule,SUBSTANCE_WITHDRAWAL
Recheck Sevre Anemia,864,Pallor/anemia,General and Minor,silver,
Recheck: Severe Anemia: worsening,864,Pallor/anemia,General and Minor,silver,
"auth from <LOCATION>, weakness, anemia. Hct 4.0 in clinic",864,Pallor/anemia,General and Minor,silver,
"From <LOCATION> for further treatment of upper GI bleed accepted by Dr. <PERSON>. Received 2 units PRBC pta. Denies vomiting <DATE_TIME>. C/o epigastric pain ""It feels like im bloated. """,260,Blood in stool/melena,Gastrointestinal,rule,GI_BLEED
<DATE_TIME> female recheck stomach pain,251,Abdominal pain,Gastrointestinal,silver,
other cause of abdominal pain: digestive 4,251,Abdominal pain,Gastrointestinal,silver,
"pt authorized in for epigastric pain after recent gi bleed and transfusion for same, states tarry ,black stools, gi cocktail in village without relief, r/o recurrent gi bleed",260,Blood in stool/melena,Gastrointestinal,rule,GI_BLEED
Authorized in from <LOCATION> <DATE_TIME> related to abdominal pain that has been going on since <DATE_TIME> seen in <LOCATION> <DATE_TIME> here for a follow up,251,Abdominal pain,Gastrointestinal,silver,
59 yo female vomiting blood for <DATE_TIME>,259,Vomiting blood,Gastrointestinal,silver,
"mild dehydration, hungover and possible GI bleed",7,General weakness,Cardiovascular,rule,DEHYDRATION
"Authorized in from <LOCATION> with Guardian, has been drinking heavy for <DATE_TIME>. Last drink R&R <DATE_TIME> (a jug) after vomiting blood and dark stool with upper abdominal pain. hx of same with admission and blood transfusions. was given 80mg protonix and 4",259,Vomiting blood,Gastrointestinal,silver,
"Pt arrives via Gaurdian for further evaluaton of abd pain and ""black, tarry stools"" x <DATE_TIME>. h/o ETOH use, last drink <DATE_TIME> am per pt. Ambulatory with steady gait.",260,Blood in stool/melena,Gastrointestinal,silver,
returned to be checked out before leaving,866,Minor complaints NOS,General and Minor,silver,
other digestive system problem: digestive 17,866,Minor complaints NOS,General and Minor,silver,
<DATE_TIME> female recheck gasteronitis,866,Minor complaints NOS,General and Minor,silver,
recheck,866,Minor complaints NOS,General and Minor,silver,
epigastric pain when belches x <DATE_TIME>,251,Abdominal pain,Gastrointestinal,silver,
<PERSON> pain follow up,866,Minor complaints NOS,General and Minor,silver,
chest pain with sob x <DATE_TIME>. EKG changes,3,Chest pain—cardiac features,Cardiovascular,silver,
"Tachycardia 120. Chest Pain / L upper Quad pain x <DATE_TIME> with intermit. cramping. <DATE_TIME> decreased appetite and bronchitis. Was given 2 mg Ativan, 324 mg ASA, 650 mg Tylenol, and 4 mg zofran prior to flying to <PERSON>.",3,Chest pain—cardiac features,Cardiovascular,silver,
6wk f/u R elbow fx & L 4th prox phalanx fx,857,Removal staples/sutures,General and Minor,silver,
"CC of injured finger. Pt fell on ice and landed on hand. Left 4th finger is significantly swollen. pt does endorses hitting head, small scratch, no swelling, no LOC nohead pain. A&OX4, breathing r/u, amb to triage.",557,Lower extremity injury,Orthopedic,silver,
"CC of injured finger. Pt fell on ice and landed on hand. Left 4th finger is significantly swollen. pt does endorses hitting head, small scratch, no swelling, no LOC nohead pain. A&OX4, breathing r/u, amb to triage.",556,Upper extremity injury,Orthopedic,silver,
"Right hand prasthesia in right hand on area of previous injury. pt has full sensation, able to move digits, CMS intact. cap refill <2. slight bruising of the area. No obvious deformaties and appears to be healing well. NAD, A&OX2. Fingers warm.",410,Sensory loss/paresthesia,Neurologic,silver,
Eval R Ankle,557,Lower extremity injury,Orthopedic,silver,
Stroke-like symptoms,409,Extremity weakness/symptoms of CVA,Neurologic,rule,CVA_STROKE
"~1630 L face and eye pressure sensaation. Had ischemic stroke Wed given TPA, med eval to anc Thurs. Aspirin, BP and cholesterol meds taken <DATE_TIME>. Neg for arm drop, squint to L eye, clear speech.",409,Extremity weakness/symptoms of CVA,Neurologic,rule,CVA_STROKE
ROM ck,866,Minor complaints NOS,General and Minor,silver,
<DATE_TIME> mammogram,859,Imaging tests,General and Minor,silver,
"Ref: Reevaluation for stroke like symptoms and hypertension, started on lisinopril in ED Referring Provider: <PERSON>, <PERSON>, <LOCATION>",409,Extremity weakness/symptoms of CVA,Neurologic,rule,CVA_STROKE
"chest pain started <DATE_TIME> and slowly got worse, real bad <DATE_TIME>, mostly worse <DATE_TIME> time, small pain during <DATE_TIME> and worse at <DATE_TIME>, started after using mask <DATE_TIME> to travel from <LOCATION> to <LOCATION>",3,Chest pain—cardiac features,Cardiovascular,silver,
other cause of chest pain,4,Chest pain—non-cardiac features,Cardiovascular,silver,
pt states chest pain for <DATE_TIME>. worse <DATE_TIME>. 3 nitro at clinic,3,Chest pain—cardiac features,Cardiovascular,silver,
F/U hospital discharge <DATE_TIME> from PAMC for NSTEMI.,3,Chest pain—cardiac features,Cardiovascular,rule,STEMI_NSTEMI
"Female <DATE_TIME>, bad cold. patient travelled home on <DATE_TIME>, she said her mother got sick (at the other village) too but not as bad.",154,URTI complaints,ENT - Nose,silver,
flu,154,URTI complaints,ENT - Nose,silver,
"Authorized in from <LOCATION>, Direct contact with positive patient <DATE_TIME>, for <DATE_TIME> fever, cough, chills, sob with some chest tightnes",852,Fever,General and Minor,silver,
"transfer form <PERSON> covid + tachipnea, unabl eot maintain O2 sats. 15 L O2 on arrival",651,Shortness of breath,Respiratory,rule,COVID_RESPIRATORY
vtc appointment,866,Minor complaints NOS,General and Minor,silver,
"chest is hurting, like a rock is on top of chest",3,Chest pain—cardiac features,Cardiovascular,silver,
"BIB EMS from <LOCATION> for chest discomfort. Had elevated troponin. Sent to <LOCATION> for further workup. Cardiac stents placed <DATE_TIME>. Arrives, with no chest pain.",3,Chest pain—cardiac features,Cardiovascular,silver,
"Sick, coughing",154,URTI complaints,ENT - Nose,silver,
SOB started <DATE_TIME>. Arrived via guardian; see flow sheet O2 room air 978%,651,Shortness of breath,Respiratory,silver,
"NP, found to have <LOCATION> hemianopsia on ophthalmolgy testing with MRI showing CVA",409,Extremity weakness/symptoms of CVA,Neurologic,rule,CVA_STROKE
Stroke symptoms,409,Extremity weakness/symptoms of CVA,Neurologic,rule,CVA_STROKE
est care,866,Minor complaints NOS,General and Minor,silver,
"fatigue, hit left sheek on door",866,Minor complaints NOS,General and Minor,silver,
"fatigue, hit left cheek on door",866,Minor complaints NOS,General and Minor,silver,
"BIB lifemed from <PERSON> for lethargy for <DATE_TIME>, black tarry stools <DATE_TIME>, mild CP <DATE_TIME>. CT in <LOCATION> showed RLL PE. pt a/o x4. no pain currently. non compliant with meds for <DATE_TIME>.",260,Blood in stool/melena,Gastrointestinal,silver,
"generalized pain, not taking pain meds at home",866,Minor complaints NOS,General and Minor,silver,
Vag bleed with interuterine mass.near syncopal episode PTA,455,Vaginal bleed,OB/GYN,silver,
Pt arrives and immediately brougth back to <PERSON> for large amount of constant vaginal bleeding. Started within <DATE_TIME> of coming to <PERSON>.,455,Vaginal bleed,OB/GYN,silver,
Post D&C Follow Up,866,Minor complaints NOS,General and Minor,silver,
Stuffy nose - headache and refill loratidine,154,URTI complaints,ENT - Nose,silver,
c/o congested sinuses and mild abdominal pain post d&c at,866,Minor complaints NOS,General and Minor,silver,
phone call visit post op f/u,865,Post-operative complications,General and Minor,rule,POST_OP
"F/U ultrasound, labs",866,Minor complaints NOS,General and Minor,silver,
Ceftriaxone 500mg IM injection,866,Minor complaints NOS,General and Minor,silver,
PHONE CALL: follow up,866,Minor complaints NOS,General and Minor,silver,
Requesting lotion for back pain.,551,Back pain,Orthopedic,silver,
pt brought from OPD for bradycardia,401,Altered level of consciousness,Neurologic,silver,
c/o dizziness PTA. denies cp sob or dizziness at this time,403,Vertigo,Neurologic,silver,
"Pt presents to ER w/ c/o nausea/ dizziness and headache starting <DATE_TIME>. Pt w/ pacemaker placed <DATE_TIME>. Pt denies syncope or chest pain. Scheduled to return to <LOCATION> <DATE_TIME>, but stayed do to feeling unwell",257,Nausea and/or vomiting,Gastrointestinal,silver,
"PT had pace maker put in <LOCATION>. <PERSON> pain, HA, nausea. These symptoms have resolved per pt but he was told to return for repeat lab draw before flying home.",866,Minor complaints NOS,General and Minor,silver,
f/u s/p pacer <DATE_TIME>,865,Post-operative complications,General and Minor,rule,POST_OP
"Has been under incresed stress <DATE_TIME>, hx of anxiety, c/o palpitations, SOB",352,Anxiety/situational crisis,Mental Health,rule,ANXIETY
follow-up <LOCATION> discharge for PCI,855,Direct referral for consultation,General and Minor,silver,
"Pt here for feeling of lightheadedness and anxiety. Pt reports she was medivac'd in on <DATE_TIME>. Pt normally takes Lexapro but forgot all medications prior to being medivac'd. Pt requesting refills of Lexapro and <PERSON>. Pt calm cooperative, sitting NAD",352,Anxiety/situational crisis,Mental Health,rule,ANXIETY
woke up with numb on right side of his body head to toe,410,Sensory loss/paresthesia,Neurologic,silver,
? stroke,409,Extremity weakness/symptoms of CVA,Neurologic,rule,CVA_STROKE
"Medivac in with guardian from <LOCATION>, awoke up at <DATE_TIME> ou able to walk to the restroom. right sided facial droop, numbness to right arm and leg with a headache. Still weakness on right side with loss of sensation. BSBS",409,Extremity weakness/symptoms of CVA,Neurologic,silver,
follow up stroke,409,Extremity weakness/symptoms of CVA,Neurologic,rule,CVA_STROKE
follow up stroke right side of body,409,Extremity weakness/symptoms of CVA,Neurologic,rule,CVA_STROKE
"hx of chronic low back pain after back injury <DATE_TIME>, s/p spinal fusion <DATE_TIME>.",865,Post-operative complications,General and Minor,rule,POST_OP
"<DATE_TIME> m female here for abdominal pain started at <DATE_TIME> , achy and sharp pain with movment, feel bloated, no vomiting,no diarrhea, no illness, no fever. last bowel movment <DATE_TIME>, soft brown stool, little bit, <DATE_TIME> stool normal, brown",251,Abdominal pain,Gastrointestinal,silver,
"nv <DATE_TIME>, <PERSON> pain all over <DATE_TIME> then decreased and now just right <PERSON> pain.",257,Nausea and/or vomiting,Gastrointestinal,silver,
<DATE_TIME> female C/O follow up abdominal pan now worse,251,Abdominal pain,Gastrointestinal,silver,
Abdominal Pain,251,Abdominal pain,Gastrointestinal,silver,
fell <DATE_TIME> onto back. complains of left chest pain onmovement and shortness of breath.,804,Isolated chest trauma—blunt,Trauma,silver,
was coming up with snogo from <LOCATION> and flipped his snogo on ice and hurt his shoulder,556,Upper extremity injury,Orthopedic,silver,
"right shoulder injury, muscle strain",556,Upper extremity injury,Orthopedic,silver,
"Authorized in from <LOCATION>, snow machine accident on <DATE_TIME>, c/o right shoulder, arm, and chest pain and bruising",556,Upper extremity injury,Orthopedic,silver,
R shoulder,554,Upper extremity pain,Orthopedic,silver,
"Ref. <PERSON>, right shoulder replacement",855,Direct referral for consultation,General and Minor,silver,
F/U R Proximal humerus fx,855,Direct referral for consultation,General and Minor,silver,
<DATE_TIME> f/u R. Shoulder ORIF <DATE_OF_SERVICE>,855,Direct referral for consultation,General and Minor,silver,
<DATE_TIME> female with vomited blood,259,Vomiting blood,Gastrointestinal,silver,
digestive system bleeding,260,Blood in stool/melena,Gastrointestinal,silver,
"Authorized in from <LOCATION> with guardian, <DATE_TIME> around <DATE_TIME> developed dark colored vomit with dark bllod in stool. Around 350 lm per guardian. was given zofran and protonix, 4 liters ns",260,Blood in stool/melena,Gastrointestinal,silver,
"F/u hospital d/c, med change, ekg",855,Direct referral for consultation,General and Minor,silver,
digestive system bleeding severe dehydration,7,General weakness,Cardiovascular,rule,DEHYDRATION
Vomiting blood and black stool <DATE_TIME>,259,Vomiting blood,Gastrointestinal,silver,
<DATE_TIME> female c/o vomiting blood for <DATE_TIME>,259,Vomiting blood,Gastrointestinal,silver,
"Severe Dehydration, Digestive System Bleeding",7,General weakness,Cardiovascular,rule,DEHYDRATION
vomiting blood and black stools,259,Vomiting blood,Gastrointestinal,silver,
pt bibm for esophageal varices from <LOCATION>. Pt has hx of varices <DATE_TIME> prior with bands placed. pt states 1 pint of hematemesis at <DATE_TIME>. per EMS no emesis since. pt is AAOx4. Pt states <DATE_TIME> was <DATE_TIME>. <PERSON> received 1U PRBC en route.,259,Vomiting blood,Gastrointestinal,silver,
"<DATE_TIME> female follow up after medivac to <LOCATION>. Was medivaced on <DATE_TIME>, had a surgical procedure done in acchorage.",855,Direct referral for consultation,General and Minor,silver,
"Follow up visit after hospital visit, Upper GI bleed",260,Blood in stool/melena,Gastrointestinal,rule,GI_BLEED
<DATE_TIME> female got punched in the arm <DATE_TIME> by husband,557,Lower extremity injury,Orthopedic,silver,
"Musculoskeletal pain, possible closed fracture",551,Back pain,Orthopedic,silver,
"Authorized in from <LOCATION>, etoh for <DATE_TIME> got into an altercation and injured left forearm. hx of fracture with hardware in place",557,Lower extremity injury,Orthopedic,silver,
"pt requets a covid test for travel, denies any other medical emergency",851,Exposure to communicable disease,General and Minor,rule,COVID_EXPOSURE
GI Bleed / vomiting blood,260,Blood in stool/melena,Gastrointestinal,rule,GI_BLEED
VTC FV PVC,999,Unknown,General and Minor,silver,
VTC Cardiology,999,Unknown,General and Minor,silver,
"Fatigue, R Flank pain, tachycardia, ETOH withdrawal",753,Substance withdrawal,Substance Misuse,rule,SUBSTANCE_WITHDRAWAL
Flown in from <LOCATION> for GI bleed. Flight team reports black stools. HX of ETOH abuse. Arrives alert & oriented. NAD.,260,Blood in stool/melena,Gastrointestinal,rule,GI_BLEED
Follow up medical check inpatient 4E,855,Direct referral for consultation,General and Minor,silver,
"FV PBC, D/C Pt 4-E Admitted <DATE_TIME>- last seen <DATE_TIME>",855,Direct referral for consultation,General and Minor,silver,
"F/u atypical CP, dyslipidemia, BP check, ekg",3,Chest pain—cardiac features,Cardiovascular,silver,
vomiting blood and black stools <DATE_TIME>,259,Vomiting blood,Gastrointestinal,silver,
flown in <PERSON>. dx with upper gi bleed . rec'd 2 units of prbc PTA. on octertride drip.,260,Blood in stool/melena,Gastrointestinal,rule,GI_BLEED
flown in from <LOCATION> with dx of gi bleed. on octeitride drip. 2 units <LOCATION> given pta.,260,Blood in stool/melena,Gastrointestinal,rule,GI_BLEED
FV locally prior to discharge home,855,Direct referral for consultation,General and Minor,silver,
FV locally prior to discharge home,866,Minor complaints NOS,General and Minor,silver,
Pt BIBAA from <PERSON> for suspected upper GI bleed. Pt was @ airport and smelled some food which triggered her to vomit large amount of blood. Enroute to hospital pt had 350ml out of bloody emesis. Pt w hx of varices and etoh use. aox4 no <LOCATION>/pain att.,260,Blood in stool/melena,Gastrointestinal,rule,GI_BLEED
"vomiting dark red blood, 350 ML with4 large clots",259,Vomiting blood,Gastrointestinal,silver,
"BIBA for GI bleed. Vomitted approx 300ml of bright red blood <DATE_TIME> in <LOCATION>. HX of esophageal varices. AO4, GCS 15, ambulatory w/ assistance.",260,Blood in stool/melena,Gastrointestinal,rule,GI_BLEED
numbness on right side,410,Sensory loss/paresthesia,Neurologic,silver,
"AK Regional DC Stroke,",999,Unknown,General and Minor,rule,ACUTE_RENAL_FAILURE_UNKNOWN
NP Eval for recent CVA,409,Extremity weakness/symptoms of CVA,Neurologic,rule,CVA_STROKE
fall with severe injury right lower extremity,557,Lower extremity injury,Orthopedic,silver,
right tib/fib fx,557,Lower extremity injury,Orthopedic,silver,
"F/U R Tibia, wnd ck",710,Wound check,Skin,silver,
"Pt broke tibia 5/4. <DATE_TIME> calf started hurting and thigh pain woke him up this am. <PERSON> is concerned about a DVT. No SOB. Pt non wt bearing to Rleg, wearing an ortho boot.",555,Lower extremity pain,Orthopedic,rule,DVT
"Ref: post-op DVT, started on lovenox from the ER, out of town patient",555,Lower extremity pain,Orthopedic,rule,DVT
<DATE_TIME> male here for right leg woke up to pain about 5AM from pain took his last pain pill 10:30PM <DATE_TIME>.,555,Lower extremity pain,Orthopedic,silver,
Musculoskeletal 2: Closed Fracture RECHECK Post surgery right tiba and ankle,858,Cast check,General and Minor,silver,
FV Hosp.,999,Unknown,General and Minor,silver,
Abdominal distension,263,Abdominal mass/distention,Gastrointestinal,silver,
injury to right knee & upper back area,557,Lower extremity injury,Orthopedic,silver,
f/u from inpatient,999,Unknown,General and Minor,silver,
"Pt to <PERSON> stating ""i need to get drained. I have been drained ina coughple weeks"". Hx of liver failure. Missed appointment d/t weather and was not able to have fluid drained on her normal schedule. Pt additionally reports edema in legs. +cough",10,Bilateral leg swelling/edema,Cardiovascular,silver,
"Status 1 trauma, est 23% TBSA. See trauma flowsheet",705,Burn,Skin,silver,
FV: diag: burns,705,Burn,Skin,silver,
"Right knee started hurting out of know where, started locking and cannot stand it. Extreme pain to it.",555,Lower extremity pain,Orthopedic,silver,
"Right knee injury at work <DATE_TIME> when working, While walking right leg swung back and then began swelling with decreased ability to move or walk.",557,Lower extremity injury,Orthopedic,silver,
Eval R knee,555,Lower extremity pain,Orthopedic,silver,
scabs,703,Abrasion,Skin,silver,
Right knee swollen,558,Joint(s) swelling,Orthopedic,silver,
right knee pain that started <DATE_TIME>. fever 103 in clinic.,555,Lower extremity pain,Orthopedic,silver,
"Pt BIB Air from <PERSON> for R knee paint. Around 1300 yest, pt went clinic for severe pain/swelling, and was sent to <PERSON>. pt was dx of septic joint knee with abx x3 given to pt. hx of RTKA in <DATE_TIME>,en route, total 2mg of dilaudid given, last one is at 0320.",558,Joint(s) swelling,Orthopedic,silver,
"Fv after discharge righ knee pji s/p debridement and retention, Ceftriaxone IV",865,Post-operative complications,General and Minor,rule,POST_OP
"pt c/o fever, headache and generally not feeling well after starting antibiotics at home. pt had <PERSON> <DATE_TIME> and getting <DATE_TIME> abx at home.",852,Fever,General and Minor,silver,
"recent right TKA, giving antibiotics at home. pt reports feeling sick, weak, and headache after infusions. tylenol #3 at 0950. resp even and unlabored.",865,Post-operative complications,General and Minor,silver,
"ED FV Headache, Diarrhea, Septic joint, med review",852,Fever,General and Minor,silver,
pt brought ems. pt with suicidal thoughts. previous attempts <DATE_TIME>.,351,Depression/suicidal/deliberate self-harm,Mental Health,rule,SUICIDAL
65 yo F here for feeling weak; Left Leg Swollen,10,Bilateral leg swelling/edema,Cardiovascular,silver,
generalized weakness x <DATE_TIME> FSBS 60,7,General weakness,Cardiovascular,silver,
"Shortness of breath, hip pain",651,Shortness of breath,Respiratory,silver,
65 yo F here for head cold,154,URTI complaints,ENT - Nose,silver,
cough x <DATE_TIME>,653,Cough/congestion,Respiratory,silver,
atv accident. rib pain. etoh,802,Major trauma—blunt,Trauma,silver,
Severe Chest Injury,804,Isolated chest trauma—blunt,Trauma,silver,
"<DATE_TIME> male very intoxicated crashed with honda on the board walks, unable to reach the person that was with him, the patient is intoxicated and hard to question, fighting us as we trying to exam him. starting to breath funny. growling like,",751,Substance misuse/intoxication,Substance Misuse,silver,
Trauma 2 ATV accident. See trauma flow sheet.,802,Major trauma—blunt,Trauma,silver,
f/u hospital d/c - s/p chest tube placement and,865,Post-operative complications,General and Minor,rule,POST_OP
VTC FV Severe MR,999,Unknown,General and Minor,silver,
Emergency 33: Chest pain possible heart attack,3,Chest pain—cardiac features,Cardiovascular,silver,
<DATE_TIME> male went to store to ask if they can call on-call,999,Unknown,General and Minor,silver,
Authorized in from <LOCATION> <DATE_TIME> at 1100 develioped generalized chest pain non radiating (tightness) with sob and nausea. was given zofran and nitro SL with relief. pacemaker,3,Chest pain—cardiac features,Cardiovascular,silver,
<DATE_TIME> male came in for cardio VTC,999,Unknown,General and Minor,silver,
<DATE_TIME> male here for blood draw here VTC on <DATE_TIME> <DATE_TIME>,999,Unknown,General and Minor,silver,
"Plan Emergency 33: Chest Pain, Possible Heart Attack. Other Cause of Mild Shortness of Breath Plan: Shortness of Breath 3.",3,Chest pain—cardiac features,Cardiovascular,silver,
"<DATE_TIME> male here for cold sweats, cramping all on arms, noticed red dots on his chest",708,Rash,Skin,silver,
Authorized in from <LOCATION> related to muscle cramping with SOB that has been ongoing for <DATE_TIME>,651,Shortness of breath,Respiratory,silver,
Abrasion to R Elbow,703,Abrasion,Skin,silver,
Found down at home unresponsive and not breathing. CPR in progress when arrived to,1,Cardiac arrest (non-traumatic),Cardiovascular,silver,
ETOH intoxication Failure to thrive incontinance bowel + bladder,751,Substance misuse/intoxication,Substance Misuse,silver,
FU Discharge from <LOCATION> ( was on divert) biliary cholangitis,251,Abdominal pain,Gastrointestinal,rule,CHOLECYSTITIS
"HOSPITAL DISCHARGE, NSTEMI",3,Chest pain—cardiac features,Cardiovascular,rule,STEMI_NSTEMI
F/U leg <LOCATION>,999,Unknown,General and Minor,silver,
left shoulder pain after snowmobile,554,Upper extremity pain,Orthopedic,silver,
CXR and f/u from hospitalization.,999,Unknown,General and Minor,silver,
diabetic ulcer on bottom of left foot for <DATE_TIME>,711,Other skin conditions,Skin,silver,
"pt here for anbx infusion and dressing change, picc line in place for infusion",856,Dressing change,General and Minor,silver,
Here for <DATE_TIME> iv infusions,999,Unknown,General and Minor,silver,
pt here for rocephin infusion,866,Minor complaints NOS,General and Minor,silver,
f/u left foot ulcer,866,Minor complaints NOS,General and Minor,silver,
"chest pressure severe, obtunded",3,Chest pain—cardiac features,Cardiovascular,silver,
BACK PAIN,551,Back pain,Orthopedic,silver,
"PT PRESENTS TO <PERSON> WITH CHEST PAIN, NECK PAIN AND BACK PAIN FROM CLINIC, PT UNABLE TO VERBALIZE COMPLAINTS TO STAFF",3,Chest pain—cardiac features,Cardiovascular,silver,
"Patient presents via flight team from <LOCATION> complaining of new-onset quadriplegia. Patient reportedly walked to the hospital in <PERSON> <DATE_TIME> to be treated for chest, back, and neck pain and developed new quadriplegia during the visit.",409,Extremity weakness/symptoms of CVA,Neurologic,silver,
F/u,866,Minor complaints NOS,General and Minor,silver,
pt here for eval ofchest pain which hasbeen ongoing for <DATE_TIME>,3,Chest pain—cardiac features,Cardiovascular,silver,
Follow up ER visit <DATE_TIME>,866,Minor complaints NOS,General and Minor,silver,
F/U chronic conditions /med refill,861,Prescription/medication request,General and Minor,silver,
chest pain since <DATE_TIME>. 3 nitro with know relief,3,Chest pain—cardiac features,Cardiovascular,silver,
"bib Guardian flight from <LOCATION> for acute stroke. LKW <DATE_TIME>. c/o L side weakness, slurred speech. head CT showed no active bleed. pt hypertensive <DATE_TIME>. denies recent illness/falls. Alert/oriented x4. speech slow, slightly slurred.",409,Extremity weakness/symptoms of CVA,Neurologic,rule,CVA_STROKE
<LOCATION> symptoms,999,Unknown,General and Minor,silver,
"BIBA from <PERSON> after lifeflight from <LOCATION> for LGIB. Pt reports feeling ""fine"". AOx4. Hemoglobin 3.3 in feild, transfused 1.5 U RBC PTA. Hx stroke w/L side deficits.",409,Extremity weakness/symptoms of CVA,Neurologic,rule,CVA_STROKE
"Hospital discharge <NRP>, GI bleed",260,Blood in stool/melena,Gastrointestinal,rule,GI_BLEED
sob w/ exacerbation since <DATE_TIME>,651,Shortness of breath,Respiratory,silver,
"Authorized in from <LOCATION> with medivac. <DATE_TIME> awoke with sob/difficulty breathing then became unresponsive, cPR in progress and continued in clinic until spontaneous respirations then aggitation, ativan im was given. has been out of albut",652,Respiratory arrest,Respiratory,silver,
Authorized in from <LOCATION> with guardian related to left sided chestt/rib area pain ( like a pinch) with some SOB. CPR was preformed on him in <LOCATION> related to dyspnea. No MI. was given lopressor 5mg IV,3,Chest pain—cardiac features,Cardiovascular,silver,
chest pain with SOB,3,Chest pain—cardiac features,Cardiovascular,silver,
re-evaluation,866,Minor complaints NOS,General and Minor,silver,
VTC FV COPD with asthma,651,Shortness of breath,Respiratory,silver,
"Abdominal pain, Possible Acute Abdomen",251,Abdominal pain,Gastrointestinal,silver,
<DATE_TIME> female came in with RLQ pain and chest pain,251,Abdominal pain,Gastrointestinal,silver,
"RLQ pain x <DATE_TIME>. <PERSON>, diarrhea, abd pain.",251,Abdominal pain,Gastrointestinal,silver,
"Lower back pain for <DATE_TIME>, "" sent from <LOCATION> for cat scan """,551,Back pain,Orthopedic,silver,
52 yo female CC: VTC appointment with PCP for chronic pain,866,Minor complaints NOS,General and Minor,silver,
<DATE_TIME> female CC blood draw,866,Minor complaints NOS,General and Minor,silver,
"FV Headaches, prolotherapy injections not helping",404,Headache,Neurologic,silver,
F/U L Hip Pain,555,Lower extremity pain,Orthopedic,silver,
Back and hip pain. Left knee pain,555,Lower extremity pain,Orthopedic,silver,
feeling poorly x <DATE_TIME> SOB,7,General weakness,Cardiovascular,silver,
"Ongoing abdominal pain with new onset of N/V, HA, and SOB x <DATE_TIME>",251,Abdominal pain,Gastrointestinal,silver,
pt comes in by medevac. fever cough on O2.,154,URTI complaints,ENT - Nose,silver,
I have a sore throat and also my anxiety is through the roof,352,Anxiety/situational crisis,Mental Health,rule,ANXIETY
pacemaker difibulated twice,5,Palpitations/irregular heart beat,Cardiovascular,silver,
chest pain after aicd fired.,3,Chest pain—cardiac features,Cardiovascular,silver,
"AICD fired 3 times ""stacked""",5,Palpitations/irregular heart beat,Cardiovascular,silver,
Hospital discharge; ablation/ICD revision,865,Post-operative complications,General and Minor,silver,
Pt reports ablation & ICD placed L chest @ Regional <DATE_TIME>. States onset of red marks to chest <DATE_TIME>. Denies itchiness. Presents wearing <PERSON> sling. States uses supplemental O2 @ home PRN w/ potential hx of COPD. Resp e/u speaking in full sentence.,709,Localized swelling/redness,Skin,silver,
infected groin site following new PPM placement,865,Post-operative complications,General and Minor,silver,
69yo F here for possible celulitis,709,Localized swelling/redness,Skin,silver,
69yo F recheck for swelling by eyes,509,Periorbital swelling,Ophthalmology,silver,
Eye 6,999,Unknown,General and Minor,silver,
facial swelling x <DATE_TIME> and eye discharge,506,"Red eye, discharge",Ophthalmology,silver,
Chest pain with SOB post valve replacement on <DATE_TIME> given nitro in village x 2,3,Chest pain—cardiac features,Cardiovascular,silver,
<DATE_TIME> female with fast heart beat and felt like she was gonna pass out,5,Palpitations/irregular heart beat,Cardiovascular,silver,
Authorized in from <LOCATION> with Guardian related to laceration/lip and facial injuries. unknown cause. was given 2.5mg of haldol. Unknown LOC,102,Facial trauma,ENT - Mouth/Throat/Neck,silver,
drug use,751,Substance misuse/intoxication,Substance Misuse,silver,
"drug use, hallucinating",353,Hallucinations/delusions,Mental Health,rule,PSYCHOSIS
cocaine intake and hallucinations,353,Hallucinations/delusions,Mental Health,rule,PSYCHOSIS
"arrived by KPD, did not get on plane home <DATE_TIME>, hallucinations: visual and auditory",353,Hallucinations/delusions,Mental Health,rule,PSYCHOSIS
32 <DATE_TIME> RPNV,999,Unknown,General and Minor,silver,
High Blood Pressure,6,Hypertension,Cardiovascular,silver,
Pec eval,999,Unknown,General and Minor,silver,
PP BP check,6,Hypertension,Cardiovascular,silver,
pp bp check,6,Hypertension,Cardiovascular,silver,
"PP BP check. CHTN with SPEC. <DATE_TIME> PP. Pt denies HA's, scotomata or epigastric pain. No edema. Pt is taking nifedipine 60 mg po bid and enalapril 20 mg po q day in am. <PERSON> took her meds this am @ 0700. <PERSON> states her <LOCATION> has almost stopped. Baby in <LOCATION>.",6,Hypertension,Cardiovascular,silver,
injury to testicle,305,Scrotal pain and/or swelling,Genitourinary,silver,
Pt was authorized in from <LOCATION> for testicular pain/swelling s/p an accident with a firearm.,865,Post-operative complications,General and Minor,rule,POST_OP
"Pt BIB guardian for testicular rupture. Pt states he was picking berries and his gun went off, and th recoil hit him in testicle. NAD noted at this time.",305,Scrotal pain and/or swelling,Genitourinary,silver,
"Pt s/p Testicular Surgery <DATE_TIME>, c/o right flank pain, right testicular pain, onset <DATE_TIME>, progressively worsening, ""comes in shock waves"" appears uncomfortable, voiding, alert, ambulates steadily.",865,Post-operative complications,General and Minor,rule,POST_OP
"supra pubic pain, burning with urination for <DATE_TIME>",307,UTI complaints,Genitourinary,silver,
"unresponsive at home <DATE_TIME> just PTA CVA vs seizure. hx of same last week, seen in er <DATE_TIME> dx with UTI",409,Extremity weakness/symptoms of CVA,Neurologic,rule,CVA_STROKE
"<LOCATION> <LOCATION>; lkw <DATE_TIME>, found unresponsive this am by family. CT with subacute infarct and septic UTI. received 1 mg ativan, 2g rocephin, 2 L fluid resus. GCS 15 on arrival to <LOCATION> <PERSON>. very HOH",401,Altered level of consciousness,Neurologic,silver,
c/o alleged assault <DATE_TIME> with L eye redness and periorbital bruising/edema with vision change,510,Eye trauma,Ophthalmology,silver,
"NEW: Neck pain and Upper extremity > LOwer extremity numbness, tingling without weakness; s/p: assault <DATE_TIME> with loss of conscionsness, unknown down time",865,Post-operative complications,General and Minor,rule,POST_OP
"sent from <PERSON> by commercial. assault on <DATE_TIME>, kicked and punched. probable LOC. Sent to er for further eval of decreased sensation & numbness in extremities.",104,Neck swelling/pain,ENT - Mouth/Throat/Neck,silver,
"iritis eval OS. Two ORx gtts, pink top QID and White top QD?OS. S/p trauma x <DATE_TIME>, (<DATE_TIME>?) Blurry vision, diplopia OS described as shadows",865,Post-operative complications,General and Minor,rule,POST_OP
Left Occular Fracture,510,Eye trauma,Ophthalmology,silver,
<DATE_TIME> f/u s/p Left Orbital Fracture Repair <DATE_TIME> KR,865,Post-operative complications,General and Minor,rule,POST_OP
"C/o L sided head pain, generalized abd pain, nausea x2 days. Surgery <DATE_TIME> on L eye socket. L sclera. Basline blurry vision in <LOCATION>.",504,Visual disturbance,Ophthalmology,silver,
"43M Ref ENT Eval blurred vision, int diplopia, POW1 s/p L) orbital floor Fx repair. C/o HA, blurred vision OS & side by side double vision since surgery",865,Post-operative complications,General and Minor,rule,POST_OP
F/U abnormal head CT,859,Imaging tests,General and Minor,silver,
"SI, GI bleed",260,Blood in stool/melena,Gastrointestinal,rule,GI_BLEED
pt comes in by ems. crying and refusing to answer questions. found crawling on the ground.,867,Inconsolable crying,General and Minor,silver,
"Left lower extremity FX, transfer from <LOCATION>",557,Lower extremity injury,Orthopedic,silver,
R tibia,557,Lower extremity injury,Orthopedic,silver,
F/u R tibia displaced comminuted distal 3rd fracture <DATE_OF_SERVICE> (Needs x-rays),858,Cast check,General and Minor,silver,
Staple removal,857,Removal staples/sutures,General and Minor,silver,
"""cans fell on my foot and I want to see if it's broken.""",557,Lower extremity injury,Orthopedic,silver,
pain in upper back for <DATE_TIME>,551,Back pain,Orthopedic,silver,
Hip injury,557,Lower extremity injury,Orthopedic,silver,
snow machine crash <DATE_TIME>,802,Major trauma—blunt,Trauma,silver,
Dizziness,403,Vertigo,Neurologic,silver,
"pt flown in from <LOCATION> , flown from <LOCATION>, vertigo while driving, NO other complaints, CT at <LOCATION> negative, Symptoms resolved, flown hwere for MRI, NO meds given in flght, no complaints of pain.",403,Vertigo,Neurologic,silver,
Patient sent via air medevac for episode of vertigo,403,Vertigo,Neurologic,silver,
F/U VERTIGO,403,Vertigo,Neurologic,silver,
Took a Four Wheeler Ride and not long after chest started bothering and hurting.,3,Chest pain—cardiac features,Cardiovascular,silver,
Angina,3,Chest pain—cardiac features,Cardiovascular,silver,
"ms cp that started <DATE_TIME>, given morphine 4mg im, nitro 0.4mg sl x3 in village, denies any pain on arrival, denies any other s/s, no sob/n/v, denies any radiation, no diaphoresis",3,Chest pain—cardiac features,Cardiovascular,silver,
"BIB gaurdian flight for NSTEMI. pt has significant cardia Hx: CABHTN, CAD, Stent placed for AAA in <DATE_TIME>. PT reports <DATE_TIME> and backpain while hunting <DATE_TIME> with weaknes to bilat lower extrem. pain resolved with morphine and Nitro <DATE_TIME>",3,Chest pain—cardiac features,Cardiovascular,rule,STEMI_NSTEMI
VTC Presenter - Cardiology,3,Chest pain—cardiac features,Cardiovascular,silver,
VTC FV post dischart NSTEMI; sx & Rx review,3,Chest pain—cardiac features,Cardiovascular,rule,STEMI_NSTEMI
Authorized in from <LOCATION> with Guardian related to cheat pain. <DATE_TIME> after cleaning up a water leak and feeding dogs developed left sided chest pain and right arm tingling with SOB and fatigue. took nitro with relief.,3,Chest pain—cardiac features,Cardiovascular,silver,
"<DATE_TIME> male came in with a shocking chest pain, supposed to travel <DATE_TIME> because he has plugged stents.",3,Chest pain—cardiac features,Cardiovascular,silver,
Chest pain possible heart attack,3,Chest pain—cardiac features,Cardiovascular,silver,
Authorized in from <LOCATION> with Guardian related to left sided chest pain while at rest. Has nitro patch on denises any symptoms at present. Covid positive,3,Chest pain—cardiac features,Cardiovascular,silver,
"Recheck Positive Covid Patient. Says feels dehydrated, cannot eat good so haven't had a BM in <DATE_TIME>, no appetite and very much wants to eat, but cannot so stomach hurts.",851,Exposure to communicable disease,General and Minor,rule,COVID_EXPOSURE
Positive Covid-19 Patient feeling dehydrated,7,General weakness,Cardiovascular,rule,DEHYDRATION
R knee <PERSON>,555,Lower extremity pain,Orthopedic,silver,
follow up mid-abdominal pain and leg swelling,10,Bilateral leg swelling/edema,Cardiovascular,silver,
Referral for new heart failure,3,Chest pain—cardiac features,Cardiovascular,silver,
pt brought in by medevac. Suicidal ideation. etoh <DATE_TIME>. has lost 3 family members within <DATE_TIME>.,351,Depression/suicidal/deliberate self-harm,Mental Health,rule,SUICIDAL
"ams x 5 days. known diabetic, bedside cbg 198.",401,Altered level of consciousness,Neurologic,silver,
47 yo F here for kidneys pain,301,Flank pain,Genitourinary,silver,
"pt c/o sudden onset abd pain since <DATE_TIME>. pt states she did not eat for <DATE_TIME> then ate, now having pain. liquid diarrhea, can't remember last normal BM. emesis x2 <DATE_TIME>. pt severely distressed in triage. <PERSON> only ectopic pregnancy.",251,Abdominal pain,Gastrointestinal,silver,
Re-eval L knee pain,557,Lower extremity injury,Orthopedic,silver,
"Pt ambulated into <PERSON> w/ steady gait, reports GLF on <DATE_TIME>, caught herself w/ <NRP> arm. C/o decreased ROM in <NRP> shoulder as well as intermittent pain. NAD",556,Upper extremity injury,Orthopedic,silver,
left ear drainage and swelling,55,"Discharge, ear",ENT - Ears,silver,
ear problem,51,Earache,ENT - Ears,silver,
Authorized in from <LOCATION> x further eval possible mastoiditis to left ear.,51,Earache,ENT - Ears,silver,
Ear pain,51,Earache,ENT - Ears,silver,
"Follow up Left myringotomy with tube,68 Left mastoidectomy with drainage of subperiosteal abscess",709,Localized swelling/redness,Skin,rule,LOCALIZED_INFECTION
"Pt arrived via <LOCATION> air and local EMS post boating accident at approx <DATE_TIME> and thrown from boat, poss LOC, ETOH consumption reported",802,Major trauma—blunt,Trauma,silver,
R THumb,556,Upper extremity injury,Orthopedic,silver,
f/u CRPP L thumb,556,Upper extremity injury,Orthopedic,silver,
f/u CRPP R thumb,556,Upper extremity injury,Orthopedic,silver,
"s/p Right thumb proximal phalanx CRPP and repair to partial avulsion of fat pad, <DATE_OF_SERVICE>.",865,Post-operative complications,General and Minor,rule,POST_OP
Recheck right knee injury,557,Lower extremity injury,Orthopedic,silver,
recheck right knee,557,Lower extremity injury,Orthopedic,silver,
right jaw and chest,107,Facial pain (non-traumatic/non-dental),ENT - Mouth/Throat/Neck,silver,
cp <DATE_TIME>. relieved with nitro. currently at a <DATE_TIME>.,3,Chest pain—cardiac features,Cardiovascular,silver,
<DATE_TIME> female came in for knee pain,557,Lower extremity injury,Orthopedic,silver,
"Abdomen pain x <DATE_TIME>. vomiting blood <DATE_TIME>,since thiis <DATE_TIME>.",259,Vomiting blood,Gastrointestinal,silver,
Other cause of Abdominal Pain. Vomiting Blood,259,Vomiting blood,Gastrointestinal,silver,
blood in emesis,259,Vomiting blood,Gastrointestinal,silver,
"arrived by EMS, decreased LOC, reportedly + hand sanitizer ingestion",752,Overdose ingestion,Substance Misuse,rule,OVERDOSE
Snow machine accident at approx 90 MPH,802,Major trauma—blunt,Trauma,silver,
"<PERSON> and her husband were riding around, she was the passenger and for some reason <PERSON> fell of of the ATV while the vehicle was moving and she has sustained injuries to her head, including an avulsion laceration on the left side of her,..",407,Head injury,Neurologic,silver,
"As described in the emergency note, it is not clear what happened but since she has a problem with fainting spells, we assume she had a black out spell while she was a passenger on her ATV, her husband was driving and focused ahead then he felt that she w",408,Tremor,Neurologic,silver,
"Head Injury MVA Multiple fdeep lacerations (Right side of head, right eyelid, left upper lip) Hx of blackouts",802,Major trauma—blunt,Trauma,rule,MAJOR_TRAUMA_BLUNT
Staple Removal Sevrely Painful Suture Removal,857,Removal staples/sutures,General and Minor,silver,
other red eye or other eye problem,506,"Red eye, discharge",Ophthalmology,silver,
<DATE_TIME> female came in because she had complete eye loss in the R eye and <DATE_TIME> her L eye started to get blurry,504,Visual disturbance,Ophthalmology,silver,
"HA, blurry vision left eye",404,Headache,Neurologic,silver,
Delivered NB in village,869,Newly Born,General and Minor,silver,
Psychosis,353,Hallucinations/delusions,Mental Health,rule,PSYCHOSIS
Closed fracture to left arm,556,Upper extremity injury,Orthopedic,silver,
left arm fx.,556,Upper extremity injury,Orthopedic,silver,
"BIB grandmother from <LOCATION> for fx to left wrist sustained <DATE_TIME> in basketball injury. Sent to <LOCATION> for surgery. NPO since <DATE_TIME>. Wrist bandaged, slinged, not assessed in triage. CMS intact distally. Acetaminophen at <DATE_TIME>, denies pain.",556,Upper extremity injury,Orthopedic,silver,
"pt has thoughts of suicide and has cut herself a couple of times, Had a friend says she should kill herself.",351,Depression/suicidal/deliberate self-harm,Mental Health,rule,SUICIDAL
Mental Health 8: Other Mental Health Problem,358,Bizarre behaviour,Mental Health,silver,
BIBA for <LOCATION> <DATE_TIME>. Denies any SI at this time. Hx of self harm.,351,Depression/suicidal/deliberate self-harm,Mental Health,rule,SUICIDAL
pt medevac in from <LOCATION>. pt states heroin withdrawls. states friends mother gave her some pills but she was unsure of what they were. pt was less responsive in the clinic but alert and oiented here in er,753,Substance withdrawal,Substance Misuse,silver,
Other Cause of Decreased Level of Consciousness,401,Altered level of consciousness,Neurologic,silver,
wants treatment for herroine abuse,751,Substance misuse/intoxication,Substance Misuse,silver,
"Not breathing well on her own, having episodes of holding breath every minute or so",660,Apneic spells in infants,Respiratory,silver,
"Authorized in fron <PERSON> with Guardian, related to agressive behavior, states had seizure activity when she was in jail. Poly sibstance abuse. ETOH FSBS 100",751,Substance misuse/intoxication,Substance Misuse,silver,
F/U right kidney,999,Unknown,General and Minor,silver,
"pt involved in a atv accident. bump on head, neck, c, t and l spine tenderness. etoh on board.",802,Major trauma—blunt,Trauma,silver,
epigastric discomfort,251,Abdominal pain,Gastrointestinal,silver,
rash,708,Rash,Skin,silver,
"Left ear pain for <DATE_TIME>, then <DATE_TIME> right ear pain with dizziness. Hx of vertigo",51,Earache,ENT - Ears,silver,
left chest pain. off and on <DATE_TIME> worse <DATE_TIME>. <DATE_TIME> pain,3,Chest pain—cardiac features,Cardiovascular,silver,
Saddle Pulmonary Embolus,3,Chest pain—cardiac features,Cardiovascular,silver,
"Pt c/o new left anterior shin pain; denies SOB, difficult breathing; recently sent to <LOCATION> for L chest PE, on home xarelto; ambulates with unsteady gait favoring left",555,Lower extremity pain,Orthopedic,silver,
"Chest pain, SOB, diaphoresis starte <DATE_TIME> while exercising",3,Chest pain—cardiac features,Cardiovascular,silver,
Patient had a fourwheeling accident <DATE_TIME> knocked out,407,Head injury,Neurologic,silver,
MVA/head injury,802,Major trauma—blunt,Trauma,rule,MAJOR_TRAUMA_BLUNT
"pt reports atv accident on <DATE_TIME> sent from <LOCATION> for broke left thumb, thumb is splinted, pt calm cooperative.",556,Upper extremity injury,Orthopedic,silver,
"musculoskeltal 2, closed fracture to hand and ribs",556,Upper extremity injury,Orthopedic,silver,
Recheck visit on his right hand and ribs,710,Wound check,Skin,silver,
"<PERSON> injury, Pushed down stairs during <DATE_TIME>.",802,Major trauma—blunt,Trauma,silver,
L ankle,557,Lower extremity injury,Orthopedic,silver,
Eval L Ankle,557,Lower extremity injury,Orthopedic,silver,
"F/u L displaced pilon fracture with dislocation <DATE_OF_SERVICE>, swelling check & CT results",557,Lower extremity injury,Orthopedic,silver,
"LUQ ABD PAIN BEGAN TUES. STATES HER PAIN WAS MUCH WORSE, BUT NOW ONLY FEELS PAIN WHEN MOVING. G9P3. LMP <DATE_TIME>, DENIES BAGINAL BLEEDING OR CRAMPING",251,Abdominal pain,Gastrointestinal,silver,
"Phone visit, post op",865,Post-operative complications,General and Minor,rule,POST_OP
pt. is here for a f/u for ec89topic pregnancy,457,"Pregnancy issues, <20 weeks",OB/GYN,silver,
follow up ER,865,Post-operative complications,General and Minor,silver,
"ear pain, cough",51,Earache,ENT - Ears,silver,
"N/V, abd pain",257,Nausea and/or vomiting,Gastrointestinal,silver,
"Vomiting, abdominal pain and constipation",257,Nausea and/or vomiting,Gastrointestinal,silver,
Pt transferred from <LOCATION> for surgical consult for SBO. Pt has not had bowel movement in <DATE_TIME>. Hx of spleenectomy and partial pancreatectomy in <DATE_TIME>.,251,Abdominal pain,Gastrointestinal,rule,BOWEL_OBSTRUCTION
c/o lower abd pain that started <DATE_TIME>.,251,Abdominal pain,Gastrointestinal,silver,
Medivac from <LOCATION> for Ultrasound diagnosed appendacitis.,251,Abdominal pain,Gastrointestinal,silver,
fv lap appy,865,Post-operative complications,General and Minor,silver,
school sports physical,866,Minor complaints NOS,General and Minor,silver,
VTC with <PERSON>,866,Minor complaints NOS,General and Minor,silver,
recheck back,551,Back pain,Orthopedic,silver,
injury to low back <DATE_TIME> during activity,552,Traumatic back/spine injury,Orthopedic,silver,
VTC,999,Unknown,General and Minor,silver,
pain in her lower abdomen.,251,Abdominal pain,Gastrointestinal,silver,
strep throat,103,Sore throat,ENT - Mouth/Throat/Neck,silver,
pt brought by medevac for abd pain. pt arrived with no abd pain. smiling and moving around normally.,251,Abdominal pain,Gastrointestinal,silver,
Recheck abdominal pain,251,Abdominal pain,Gastrointestinal,silver,
Recheck Abdominal Pain Positive Strep Throat,103,Sore throat,ENT - Mouth/Throat/Neck,silver,
Positive Strep Throat,103,Sore throat,ENT - Mouth/Throat/Neck,silver,
<DATE_TIME> female with both knee pain,555,Lower extremity pain,Orthopedic,silver,
Other musculoskeletal pain - both knee pain,555,Lower extremity pain,Orthopedic,silver,
"From <LOCATION> as a passenger on ATV and crushed hand with bar while driver did a wheely. L hand injury. Denies helmet, LOC, and hitting head",556,Upper extremity injury,Orthopedic,silver,
"f/u L IF,LF,RF",999,Unknown,General and Minor,silver,
"L knee pain, L eye pain s/p fall <DATE_TIME>",865,Post-operative complications,General and Minor,rule,POST_OP
Eval L Knee Laceration,704,Laceration/puncture,Skin,silver,
"RLQ pain x <DATE_TIME>, N/V",251,Abdominal pain,Gastrointestinal,silver,
swelling in penis,304,Penile swelling,Genitourinary,silver,
irritation to penis after wearing new snow suit and long ride on snogo,709,Localized swelling/redness,Skin,silver,
follow up visit,866,Minor complaints NOS,General and Minor,silver,
DYSPNEA,651,Shortness of breath,Respiratory,silver,
BIB Airmed from <LOCATION> +Covid day 12. not improving on High - Flow O2 so tranferred for further eval. on admit 15L high-flow from EMS service @ 91%- Sat <PHONE_NUMBER> on room air - COPD maintains @ 92% pulse ox. <PERSON> with bilat coarse crackles on admit.,651,Shortness of breath,Respiratory,silver,
acute abd pain,251,Abdominal pain,Gastrointestinal,silver,
"Digestive 2: Abdominal Pain, Possible Acute Abdomen",251,Abdominal pain,Gastrointestinal,silver,
Authorized in from <LOCATION> with Guardian has had RLQ pain with vomiting <DATE_TIME>. Fever 102.5 in clinic was given tylemol,251,Abdominal pain,Gastrointestinal,silver,
"BIB Guardian from <LOCATION> for further treatment of appendicitis. Pt denies pain, skin pink, warm dry. No acute distress. Surgery notified.",251,Abdominal pain,Gastrointestinal,silver,
FV - Lap appy,865,Post-operative complications,General and Minor,silver,
fv lap app,865,Post-operative complications,General and Minor,silver,
possible overdose,752,Overdose ingestion,Substance Misuse,rule,OVERDOSE
SI medivac,999,Unknown,General and Minor,silver,
APAP overdose,752,Overdose ingestion,Substance Misuse,rule,OVERDOSE
<DATE_TIME> right lower abdominal started hurting. Sharp pains there and has not gotten better. Staying the same. Never had this problem before. Laying down when the pain started.,251,Abdominal pain,Gastrointestinal,silver,
Acute Alcohol Intoxication,751,Substance misuse/intoxication,Substance Misuse,silver,
Vomiting with some blood in vomit. Started <DATE_TIME> and last drink was <DATE_TIME>.,259,Vomiting blood,Gastrointestinal,silver,
personal,999,Unknown,General and Minor,silver,
"had seizure <DATE_TIME> on the road, she was alone,",405,Seizure,Neurologic,silver,
Postictal phase,405,Seizure,Neurologic,silver,
Right arm fracture,556,Upper extremity injury,Orthopedic,silver,
Rt arm closed fx,556,Upper extremity injury,Orthopedic,silver,
broken right arm,556,Upper extremity injury,Orthopedic,silver,
pt took approx 160 tab of metformin.,752,Overdose ingestion,Substance Misuse,silver,
Overdose by Metformin Covid Screen Negative Abdominal Pain and Diarrhea,752,Overdose ingestion,Substance Misuse,rule,OVERDOSE
<DATE_TIME> female who called to be evaluated because she ingested approximately 80 tablets of 500mg Metformin between 10:30pm and 11:30pm,752,Overdose ingestion,Substance Misuse,silver,
<PERSON> <DATE_TIME>. mild fever at clinic. tylenol given at clinic.,852,Fever,General and Minor,silver,
Poss Appy,251,Abdominal pain,Gastrointestinal,silver,
s/p lap appy,865,Post-operative complications,General and Minor,rule,POST_OP
F/U Hospital,855,Direct referral for consultation,General and Minor,silver,
"stomachache, headache, fever",251,Abdominal pain,Gastrointestinal,silver,
Right sided weakness,409,Extremity weakness/symptoms of CVA,Neurologic,silver,
PT BIB medevac for CVA. Pt presents w/ R side deficit to clinic in <LOCATION>. Pt trans to <LOCATION> for definitive care,409,Extremity weakness/symptoms of CVA,Neurologic,rule,CVA_STROKE
"<DATE_TIME> male here for right upper abdominal pain started <DATE_TIME> ag and worst <DATE_TIME>, constant pain since but worst pain today # 9 pain scale now, pain starts to get worst <DATE_TIME> after meals, & right collor bone pain",251,Abdominal pain,Gastrointestinal,silver,
digestive 4 other cause of abdominal pain,251,Abdominal pain,Gastrointestinal,silver,
left side face drooping,409,Extremity weakness/symptoms of CVA,Neurologic,silver,
stroke symptoms,409,Extremity weakness/symptoms of CVA,Neurologic,rule,CVA_STROKE
recheck bell palsy: getting worse,866,Minor complaints NOS,General and Minor,silver,
recheck on bell palsy,866,Minor complaints NOS,General and Minor,silver,
"7 y/o female honda accident that happened <DATE_TIME> at <DATE_TIME>. Patient was driving the four wheeler. Paitend was nausious <DATE_TIME>. Patient started to be stiff <DATE_TIME>, and then patient couldn't move <DATE_TIME>",802,Major trauma—blunt,Trauma,silver,
MVA: Four wheeler,802,Major trauma—blunt,Trauma,rule,MAJOR_TRAUMA_BLUNT
pt fell of atv. states no pain at this time. A&O x 4,802,Major trauma—blunt,Trauma,silver,
Left arm pain and swelling. Bruising on bilateral ribs.,554,Upper extremity pain,Orthopedic,silver,
"BIBA Guardian for necrotizing fascitis of L arm. Pt had fallen off of ATV approx <DATE_TIME> (+etoh), possible deformity. Fell again <DATE_TIME> (+etoh), redness, with travelling swelling noted by <NRP>",802,Major trauma—blunt,Trauma,silver,
"flu like symptoms, HTN, weakness",7,General weakness,Cardiovascular,silver,
F/U stroke,409,Extremity weakness/symptoms of CVA,Neurologic,rule,CVA_STROKE
PT PRESENTS TO <PERSON> WITH SEIZURES,405,Seizure,Neurologic,silver,
"pt with swollen testicles <DATE_TIME>, unable to sit with same, painful to touch",305,Scrotal pain and/or swelling,Genitourinary,silver,
"swollen scrotum, seen here on 17th for same and declined admission, loaded with iv anbx on <DATE_TIME>",305,Scrotal pain and/or swelling,Genitourinary,silver,
RLQ and periumbilcal abd pain with fever for <DATE_TIME>,251,Abdominal pain,Gastrointestinal,silver,
"BIB guardian air from <LOCATION> for ruptured appy. ambulatory, mother at bedside, acting appropriate for age and development level, 0.4 of dilaudid given entroute, vitally stable, mother at bedside to provide support.",865,Post-operative complications,General and Minor,silver,
FV: post op lap appy,865,Post-operative complications,General and Minor,rule,POST_OP
Post-surgical infection,865,Post-operative complications,General and Minor,rule,POST_OP
Check for strep,154,URTI complaints,ENT - Nose,silver,
nose bleed,151,Epistaxis,ENT - Nose,silver,
follow up from nose bleed,151,Epistaxis,ENT - Nose,silver,
"While at school just PTA, witinessed seizure lasting <DATE_TIME>. Has no hx, just returned form lower 48",405,Seizure,Neurologic,silver,
seizure activity lasting <DATE_TIME>. Had seizure <DATE_TIME> as well. Is covid positive,405,Seizure,Neurologic,silver,
"Lower back pain, abd discomfort",551,Back pain,Orthopedic,silver,
"<PERSON> pain, back pain for <DATE_TIME>",551,Back pain,Orthopedic,silver,
"<DATE_TIME> male recheck hypertention, medicine check and CHF",999,Unknown,General and Minor,rule,CHF_UNKNOWN
"<DATE_TIME> male recheck hypertention, CHF, medicine check and blood draw",999,Unknown,General and Minor,rule,CHF_UNKNOWN
blood draw,863,Abnormal lab values,General and Minor,silver,
"vomitinng syncope, diarreha, Sob, unable to stand too wealk",7,General weakness,Cardiovascular,silver,
mild Dehydrated Bleeding other respiratory,7,General weakness,Cardiovascular,rule,DEHYDRATION
"Authorized in from <LOCATION> with Guardian, over <DATE_TIME> abdominal pain with nausea and weakness with dark colored stool",260,Blood in stool/melena,Gastrointestinal,silver,
"for <DATE_TIME> diarrhea and weakness, now some chest tightness. denies N/V",7,General weakness,Cardiovascular,silver,
Dressing change,856,Dressing change,General and Minor,silver,
left side pain after opd apt <DATE_TIME>.,555,Lower extremity pain,Orthopedic,silver,
"Bed bound, developed abdominal pain <DATE_TIME>, recent hx of pneumonia",251,Abdominal pain,Gastrointestinal,silver,
follow up <LOCATION> of kidneys,863,Abnormal lab values,General and Minor,silver,
"left ankle pain, unable to bear weight. fell while playing <DATE_TIME>",555,Lower extremity pain,Orthopedic,silver,
L ankle,555,Lower extremity pain,Orthopedic,silver,
F/U ORIF L Ankle,858,Cast check,General and Minor,silver,
possible broken arm,556,Upper extremity injury,Orthopedic,silver,
Right Arm Fx,556,Upper extremity injury,Orthopedic,silver,
numbness of left arm,410,Sensory loss/paresthesia,Neurologic,silver,
R humeral shaft fx <DATE_TIME>. Needs <PERSON> brace,556,Upper extremity injury,Orthopedic,silver,
arm recheck,858,Cast check,General and Minor,silver,
F/u R Humeral Shaft FX,858,Cast check,General and Minor,silver,
"Has been spb for <DATE_TIME>, unable to sleep <DATE_TIME>, Air hunger, tripod position,",651,Shortness of breath,Respiratory,silver,
"PT PRESENTS TO <PERSON> WITH LEFT SHOULDER PAIN AND POSSIBLE DISLOCATION AFTER FALLING OUT OF HIS BUNK BED AROUND <DATE_TIME>, PT HAS RIGHT BLACK EYE, DENIES LOC",556,Upper extremity injury,Orthopedic,silver,
Sent from <PERSON> by commercial air for eval by ortho for left shoulder dislocation after falling out of his bunk bed over night. arrives with arm in sling with mom,556,Upper extremity injury,Orthopedic,silver,
F/u L shoulder,858,Cast check,General and Minor,silver,
"c/o dizziness and SOB, irregular HR",5,Palpitations/irregular heart beat,Cardiovascular,silver,
"F/u ARH discharge, PFO/CVA, ekg",409,Extremity weakness/symptoms of CVA,Neurologic,rule,CVA_STROKE
<PERSON> pain that started 1 hr prior to arrival with distention. fever.,251,Abdominal pain,Gastrointestinal,silver,
Suture removal,857,Removal staples/sutures,General and Minor,silver,
medevac. <PERSON> pain earlier. no pain at this time. nauseated earlier with headache. took tylenol and napped and feels better.,404,Headache,Neurologic,silver,
Authorized in from <LOCATION> with Guardian. At 1330 fell off the back of truck landing on right arm. right wrist pain with deformity,556,Upper extremity injury,Orthopedic,silver,
Trauma 2 see flowsheet,802,Major trauma—blunt,Trauma,silver,
arm pain,554,Upper extremity pain,Orthopedic,silver,
F/u fracture,859,Imaging tests,General and Minor,silver,
Hurt L femur playing tag with cousins outside and was accidentally pushed by being tagged slipping on slippery mud extending his leg outwards with toes pointing lateral.,557,Lower extremity injury,Orthopedic,silver,
Femur (thigh) Fracture Left,557,Lower extremity injury,Orthopedic,silver,
left leg pain,555,Lower extremity pain,Orthopedic,silver,
"BIB Guardian from <LOCATION> for left femur fracture. fiberglass cast in place, good cap refill on left toes. MOC with patient.",557,Lower extremity injury,Orthopedic,rule,FEMUR_FRACTURE
got beaten up,802,Major trauma—blunt,Trauma,silver,
pt assaulted . head and facial injury.,102,Facial trauma,ENT - Mouth/Throat/Neck,silver,
"RLQ abd pain onset <DATE_TIME> this am with N/V and fever, medevaced in from <LOCATION>",251,Abdominal pain,Gastrointestinal,silver,
"ER F/U, clearance to go home",865,Post-operative complications,General and Minor,silver,
"passenger on atv ; fell off, velocity approx 15 mph",802,Major trauma—blunt,Trauma,silver,
see trauma flowsheet; level 2 ped trauma; A&O and GCS 15,802,Major trauma—blunt,Trauma,silver,
Hosp D/C s/p TBI here with dad. <PHONE_NUMBER>,865,Post-operative complications,General and Minor,rule,POST_OP
"nausea, vomiting, diarrhea x <DATE_TIME>. not eating drinking well.",254,Diarrhea,Gastrointestinal,silver,
"BIB EMS from <LOCATION> with <DATE_TIME> vomiting and diarrhea and abdominal pain. CT Appy SBO, child is anxious about surger abdominal pain",251,Abdominal pain,Gastrointestinal,rule,BOWEL_OBSTRUCTION
s/p lap appy perforated <NRP>,865,Post-operative complications,General and Minor,rule,POST_OP
CBC,863,Abnormal lab values,General and Minor,silver,
Severe Head Injury,407,Head injury,Neurologic,silver,
5yo male got hit in the back of the head with a bat,407,Head injury,Neurologic,silver,
"BIB LIfemed after metal baseball bat to head <DATE_TIME> and approx 4 min LOC. Pt responsive to verbal stimuli, can provide age upon questioning. See trauma notes",407,Head injury,Neurologic,silver,
"RLQ pain, fever, chills, nausea, headache and decreased appetite",251,Abdominal pain,Gastrointestinal,silver,
<DATE_TIME> fevering,852,Fever,General and Minor,silver,
"recheck of dizziness, abdominal pain",403,Vertigo,Neurologic,silver,
F/U HEADACHES,404,Headache,Neurologic,silver,
"Pain is worse, recheck abdominal pain and headaches",251,Abdominal pain,Gastrointestinal,silver,
"HA, dizziness, stomach pains",404,Headache,Neurologic,silver,
N/V/D,254,Diarrhea,Gastrointestinal,silver,
f/u Appendectomy- pain LLQ,865,Post-operative complications,General and Minor,silver,
"severe abdominal pain X <DATE_TIME>, fever",251,Abdominal pain,Gastrointestinal,silver,
c/o n/v/d x2 days with abd pain,254,Diarrhea,Gastrointestinal,silver,
"BIBA from <LOCATION> clinic for possible ruptured appendicits, given zosyn in clinic, VS stable en route,",251,Abdominal pain,Gastrointestinal,silver,
F lap appy,865,Post-operative complications,General and Minor,silver,
"Fall, R-hip[ pain",555,Lower extremity pain,Orthopedic,silver,
BIB Guardian from <LOCATION> after pt slipped on ice <DATE_TIME> @ 1500. Pt c/o of decreased sensation and moderate-severe pain to right hip. Unable to bear weight or ambulate. + pedal pulses.,555,Lower extremity pain,Orthopedic,silver,
Pt reports slip/fall on ice injuring R ankle/leg. Pt has hx of old injury to R leg but states he is unable to bear weight now and has pins and needles sensation in his foot. Using crutches at baseline. Tylenol @ 0730,555,Lower extremity pain,Orthopedic,silver,
R ankle pain/injury,557,Lower extremity injury,Orthopedic,silver,
Right leg Pain,555,Lower extremity pain,Orthopedic,silver,
"left arm injury. Pt was jumping on trampoline, states he was doing a flip",556,Upper extremity injury,Orthopedic,silver,
Pt walk in. <PERSON> sent in for ortho c/s from <LOCATION>. Pt with confirmed left arm fracture after jumping on the trampoline <DATE_TIME>. No other injuries. Did not hit head. NAD. A&Ox4. CMS intact.,556,Upper extremity injury,Orthopedic,silver,
"From LTC, being treateted for urinary tract incection but condition is worsing. increased respiratory rate, hypoxia, altered LOC, and hypotension",401,Altered level of consciousness,Neurologic,silver,
very sick child,999,Unknown,General and Minor,silver,
"6yo male that's very sick, sleeping all day",999,Unknown,General and Minor,silver,
seizure <DATE_TIME>. no hx of.,405,Seizure,Neurologic,silver,
f/u EEG bib dad <PERSON> staying in town with family leave <DATE_TIME> no other concerns,999,Unknown,General and Minor,silver,
dad <PERSON> here for peds F/U,999,Unknown,General and Minor,silver,
"Seizure Disorder, Chronic Care",405,Seizure,Neurologic,silver,
seizures . known seizures <DATE_TIME>.,405,Seizure,Neurologic,silver,
6 yo M with abdominal pain in umbilical area x <DATE_TIME>,251,Abdominal pain,Gastrointestinal,silver,
other cause of abdominal pain - resolved in clinic without <LOCATION>,251,Abdominal pain,Gastrointestinal,silver,
6 yo male cc sore throat,103,Sore throat,ENT - Mouth/Throat/Neck,silver,
Viral Pharyngitis,154,URTI complaints,ENT - Nose,silver,
"his wife called and said he took unkown amount of gabapentin, and unknown amount of duloxetine, and he also taken unknown amount of guaifenesin cough syrup <DATE_TIME>",752,Overdose ingestion,Substance Misuse,silver,
overdose by mouth with drug or medication,752,Overdose ingestion,Substance Misuse,rule,OVERDOSE
pt states <DATE_TIME> he took 36 gabapentin to get high. states his wife got mad and stated he overdosed. he states he take a large amount regularly.,752,Overdose ingestion,Substance Misuse,silver,
pt states he wants a covid test and is havind suicidal thoughts. extra stress from his exwife stating she threatens to put his son up for adoption if he doesnt get back to <LOCATION> <DATE_TIME>. requesting to see <LOCATION>. states he knows how to work the system BH,351,Depression/suicidal/deliberate self-harm,Mental Health,rule,SUICIDAL
Mental health Emergency,351,Depression/suicidal/deliberate self-harm,Mental Health,silver,
<DATE_TIME> male came in for suicidal thoughts,351,Depression/suicidal/deliberate self-harm,Mental Health,rule,SUICIDAL
"Patient states, ""I am not suicidial, I wanted to get out of <LOCATION>"". Guardian staff stated the same thing",351,Depression/suicidal/deliberate self-harm,Mental Health,rule,SUICIDAL
"accidently swallowed a soda can ""tear strip""",265,Oral/esophageal foreign body,Gastrointestinal,silver,
foreign object stuck in throat,265,Oral/esophageal foreign body,Gastrointestinal,silver,
pt states he swallowed the punch tab in a soda can. feels something in his neck when he turns his neck.,265,Oral/esophageal foreign body,Gastrointestinal,silver,
<DATE_TIME> male came in for hives,657,Allergic reaction,Respiratory,silver,
Mild allergic reaction,657,Allergic reaction,Respiratory,rule,ALLERGIC_REACTION
was assaulted by older sister,802,Major trauma—blunt,Trauma,silver,
minor head injury,407,Head injury,Neurologic,silver,
pt states she developed SOB <DATE_TIME> prior to arrival while at the womens shelter.,651,Shortness of breath,Respiratory,silver,
"Authorized in from <PERSON> with guardian . Awoke at <DATE_TIME> with clear vaginal discharge, then turned to blood with sharp Left sided abdominal pain. hgb in clinic 6.9 then 7.8 by guardian.",455,Vaginal bleed,OB/GYN,silver,
S/P SAB,865,Post-operative complications,General and Minor,rule,POST_OP
"weakness, fatigue, pt reports not sleeping well, had to get up too early for OPD appointment, had not eaten this am.",7,General weakness,Cardiovascular,silver,
"Misscarriage <DATE_TIME> after being medivac from <LOCATION>, seen in ed x three and not sombulant. States not sleeping at all at night, used to take melatonin. FSBS 130",457,"Pregnancy issues, <20 weeks",OB/GYN,silver,
Bradycardia - sent from <LOCATION> on EPI drip,999,Unknown,General and Minor,silver,
"Medevac from <LOCATION>, syncopal episode @ home witnessed by friend LOC x3mins, bystander CPR but unsure if pulseless. <DATE_TIME> upon ems arrival, on epi drip, now off with HR <PHONE_NUMBER>. Hx HTN, TIA, sinus <PERSON>. +hit head, neg CT head per ems.",8,Syncope/pre-syncope,Cardiovascular,silver,
Hospital Discharge Post-op PPM implant,865,Post-operative complications,General and Minor,rule,POST_OP
"authorized in for productive cough with retractions noted in village, pt reports increased sleeping, last drink was at <DATE_TIME>",653,Cough/congestion,Respiratory,silver,
Referred to ER by PCP for ABX infusion to TX PNA. D/C paperwork shows to come here for same for <DATE_TIME> @ 1400 & tomorrow @ same time. Full sentences. NAD.,855,Direct referral for consultation,General and Minor,silver,
"amb to triage, calm, steady gait. here for antibiotic infusion. states <DATE_TIME>",855,Direct referral for consultation,General and Minor,silver,
check up on amonia and antibiotics,863,Abnormal lab values,General and Minor,silver,
"Ref, Left lower lobe pneumonia follow up",855,Direct referral for consultation,General and Minor,silver,
<DATE_TIME> female non responsive,401,Altered level of consciousness,Neurologic,silver,
other medical emergency,999,Unknown,General and Minor,silver,
pt arrived ems. pt took a nap and woke up lathargic. bump on head and not very responsive. no change until was placed on the plane. more active in <LOCATION> er. crying.,407,Head injury,Neurologic,silver,
"snow machine accident <DATE_TIME>, laceration to Left shin (sutured), Abrasion to left calf",704,Laceration/puncture,Skin,silver,
pt with left eye injury.,510,Eye trauma,Ophthalmology,silver,
<DATE_TIME> female C/O L) eye,510,Eye trauma,Ophthalmology,silver,
L) Eye Injury,510,Eye trauma,Ophthalmology,silver,
Trauma Alert: GSW Left Hand (see trauma sheet for further information,801,Major trauma—penetrating,Trauma,rule,MAJOR_TRAUMA_PENETRATING
"BIBA for reportof witnesed syncopy. has a recent GSW to the <PERSON> hand surgigal repaired. EMS stated was hypotensive upon arival, was given 250mL of fluid. Hand still bandaged blood is soacked through.",801,Major trauma—penetrating,Trauma,rule,MAJOR_TRAUMA_PENETRATING
f/u L hand,856,Dressing change,General and Minor,silver,
F/u L Hand GSW,801,Major trauma—penetrating,Trauma,rule,MAJOR_TRAUMA_PENETRATING
f/u L hand GSW,801,Major trauma—penetrating,Trauma,rule,MAJOR_TRAUMA_PENETRATING
paryavi if available f/u L hand drwssing,856,Dressing change,General and Minor,silver,
MVC 0400 <DATE_TIME>,802,Major trauma—blunt,Trauma,silver,
<NRP> accident,802,Major trauma—blunt,Trauma,silver,
right collar bone fracture pain,802,Major trauma—blunt,Trauma,silver,
shoulder,554,Upper extremity pain,Orthopedic,silver,
Recheck hospital visit- extend sick leave,866,Minor complaints NOS,General and Minor,silver,
Follow up on right 5th digit,866,Minor complaints NOS,General and Minor,silver,
fell off bunk bed,802,Major trauma—blunt,Trauma,silver,
"BIB flight EMS from <LOCATION> with right suprocondrylar fx - splint in place, neurovascular intact.",802,Major trauma—blunt,Trauma,silver,
cast replacement & pin removal right arm,858,Cast check,General and Minor,silver,
<PERSON> <DATE_TIME> w/ rebound tenderness on right lower abd.,251,Abdominal pain,Gastrointestinal,silver,
del in village,869,Newly Born,General and Minor,silver,
miscarraige,457,"Pregnancy issues, <20 weeks",OB/GYN,silver,
"had a misscarraige, <DATE_TIME> was spotting a little and brown stuff came out. <DATE_TIME> the baby came out and into the toilet.",457,"Pregnancy issues, <20 weeks",OB/GYN,silver,
Phone Visit-,866,Minor complaints NOS,General and Minor,silver,
CP for <DATE_TIME>,3,Chest pain—cardiac features,Cardiovascular,silver,
atv accident. <PERSON> pain in clinic. pain free at this time,802,Major trauma—blunt,Trauma,silver,
<DATE_TIME> female sitting infront of driver and went off road and tipped,802,Major trauma—blunt,Trauma,silver,
minor abdominal injury,806,Isolated abdominal trauma—blunt,Trauma,silver,
BIB EMS from <LOCATION>. Front passenger on ATV that rolled over during a turn. CT showed liver injury in <PERSON>.,806,Isolated abdominal trauma—blunt,Trauma,silver,
FV - grade II liver laceration,806,Isolated abdominal trauma—blunt,Trauma,silver,
hospital D/C: BIB mother <PERSON>,869,Newly Born,General and Minor,silver,
<DATE_TIME> female followup after being discharged from ANMS,865,Post-operative complications,General and Minor,silver,
follow up after discharged from,865,Post-operative complications,General and Minor,silver,
"Authorized in from <LOCATION> with guardian. Over <DATE_TIME> N/V/D, last episode wat at <DATE_TIME> after taking home medications. Hypotensive in clinic <PHONE_NUMBER>. has eaten and drinken since. dizziness upon standing. zofran on plane",257,Nausea and/or vomiting,Gastrointestinal,silver,
Diarrhea and vomit,254,Diarrhea,Gastrointestinal,silver,
BP check,6,Hypertension,Cardiovascular,silver,
RPNV 33 <DATE_TIME>,869,Newly Born,General and Minor,silver,
PTL /Ctx's,457,"Pregnancy issues, <20 weeks",OB/GYN,silver,
left sided abdominal pain in pregnancy. <DATE_TIME> pregnant. Due date is <DATE_TIME>. Reports mucus type discharge.,458,"Pregnancy issues, >20 weeks",OB/GYN,silver,
"pt reported to OBT for BZ#2. Pt reports CX have decreased since <DATE_TIME>, they are now once an hour. <PERSON> reports +Fm, denies LOF or VB.",457,"Pregnancy issues, <20 weeks",OB/GYN,silver,
Pt presents to OB Triage for SROM check,457,"Pregnancy issues, <20 weeks",OB/GYN,silver,
TRPN,869,Newly Born,General and Minor,silver,
RPNV 35 <DATE_TIME>,869,Newly Born,General and Minor,silver,
RPNV 36 <DATE_TIME>,869,Newly Born,General and Minor,silver,
Possible rupture of membranes,457,"Pregnancy issues, <20 weeks",OB/GYN,silver,
digestive 4 other abdominal pain,251,Abdominal pain,Gastrointestinal,silver,
"<DATE_TIME> male came in from <DATE_TIME> stayed over night and back in clinic <DATE_TIME> for abdominal pain that started <DATE_TIME>, lower abdominal pain,was given 11 ml. <PERSON> suspension,patient went to sleep and woke up",251,Abdominal pain,Gastrointestinal,silver,
pt with ab pain <DATE_TIME>. hx of abd issues,251,Abdominal pain,Gastrointestinal,silver,
"vomited x 1 ""doesnt have a spleen""",257,Nausea and/or vomiting,Gastrointestinal,silver,
"<PERSON> <DATE_TIME>, congestion x <DATE_TIME>, no acute distress noted",653,Cough/congestion,Respiratory,silver,
"BIB GF from <PERSON> for appy, <PERSON> pain for <DATE_TIME>, denies n/v. abd <LOCATION> in <LOCATION> showed acute, unruptured appy. <PERSON> (flagyl/ceftriaxone) given in <LOCATION> approx 4pm. a/o x4, soft spoken, no distress, denies pain currently.",251,Abdominal pain,Gastrointestinal,silver,
"Appendectomy <DATE_TIME>, states that site started draining <DATE_TIME> and also c/o <DATE_TIME> incisional pain. Sites noted to be intact in triage, incisions closed by dermabond. NAD in triage.",865,Post-operative complications,General and Minor,silver,
S/P Lap appy <DATE_TIME>,865,Post-operative complications,General and Minor,rule,POST_OP
pt with leg injury from bike accident.,557,Lower extremity injury,Orthopedic,silver,
sternal pain,3,Chest pain—cardiac features,Cardiovascular,silver,
BIB Guardian from <LOCATION>. Right sided ABD pain x2 days. Dx with appedicitis,251,Abdominal pain,Gastrointestinal,silver,
Acute Perforated Appendicitis,251,Abdominal pain,Gastrointestinal,silver,
flu due,154,URTI complaints,ENT - Nose,silver,
"recheck facial swelling to right side from toothache, on amoxicillin, started <DATE_TIME> but not helping",107,Facial pain (non-traumatic/non-dental),ENT - Mouth/Throat/Neck,silver,
toothache,101,Dental/gum problem,ENT - Mouth/Throat/Neck,silver,
jaw more swollen,107,Facial pain (non-traumatic/non-dental),ENT - Mouth/Throat/Neck,silver,
Swelling right jaw,107,Facial pain (non-traumatic/non-dental),ENT - Mouth/Throat/Neck,silver,
"allergic reaction, tongue feels swollen like she has to swallow tongue to breath",657,Allergic reaction,Respiratory,rule,ALLERGIC_REACTION
RPNV 39 <DATE_TIME>,999,Unknown,General and Minor,silver,
fetal tachycardia,457,"Pregnancy issues, <20 weeks",OB/GYN,silver,
F/U ER <DATE_TIME>,866,Minor complaints NOS,General and Minor,silver,
Medivac from <LOCATION> d/t prolonged fetal deceleration & IUGR,458,"Pregnancy issues, >20 weeks",OB/GYN,silver,
"Pt called to report occasional cntxs. Pt states <<DATE_TIME> denies LOF, VB or decrease in FM. Pt instructed to come to OBT with LOF, VB, decrease in FM or >6 cntx in <DATE_TIME>.",457,"Pregnancy issues, <20 weeks",OB/GYN,silver,
Postpartum - delivery in village,458,"Pregnancy issues, >20 weeks",OB/GYN,silver,
New- brain mass with papiledema,404,Headache,Neurologic,silver,
seizure like activity this am.,405,Seizure,Neurologic,silver,
"PT PRESENTS TO <PERSON> WITH DOUBLE VISION X 3 TODAY, PT STATES SHE WAS REALLY TIRED WHEN SHE HAD DOUBLE VISION, RECENT BRAIN SURGERY",508,Diplopia,Ophthalmology,silver,
Vitals for visit,866,Minor complaints NOS,General and Minor,silver,
"BIB Guardian from <LOCATION> for possible appy on <LOCATION>, received flagyl and rocephin in <LOCATION>, 2mg of morphine in flight, positive flu A and strep, negative COVID, resting comfortably at present. <LOCATION> at bedside",251,Abdominal pain,Gastrointestinal,silver,
"Authorized in from <LOCATION>, <DATE_TIME> nausea and vomiting <DATE_TIME> lower abdominal pain/dysuria, decreased po intake and urine output with a fever. gave motrin 7.5ml at 1400. dx with uti/strep in clinic",307,UTI complaints,Genitourinary,silver,
hosp D/C F/U bib non Tiffany <PHONE_NUMBER>,866,Minor complaints NOS,General and Minor,silver,
"For some time now polyuria, polydipsia, and urinating on bed. <PERSON> log has been kept. FSBS 230",309,Polyuria,Genitourinary,silver,
Bib Dad <PERSON> for F/U Discharge,866,Minor complaints NOS,General and Minor,silver,
VTC visit with <LOCATION>,866,Minor complaints NOS,General and Minor,silver,
"Pt BIB GF1 from <PERSON> after being dx with appendicitis via CT after going to see his PCP with a fever. Pt has recieved 3L of cystal, a dose of flagyl and rocephine. Pt currently mildly tachy, but otherwise stable with only mild pain",251,Abdominal pain,Gastrointestinal,silver,
F/U appendectomy,865,Post-operative complications,General and Minor,silver,
sinus <PERSON> and hypoxia,651,Shortness of breath,Respiratory,silver,
left ear,51,Earache,ENT - Ears,silver,
Panic Attacks/short of breath,352,Anxiety/situational crisis,Mental Health,rule,ANXIETY
Colpo,866,Minor complaints NOS,General and Minor,silver,
"abdominal pain, nausea, chest pain",251,Abdominal pain,Gastrointestinal,silver,
pt complains of lower abd pain. states she had to push on her left side <DATE_TIME> to help herself have a bowel movement. stool was normal to her.,251,Abdominal pain,Gastrointestinal,silver,
"return visit to ER for left side pain, took tylenol 0715",866,Minor complaints NOS,General and Minor,silver,
NP + labs Proteinuria during pregnancy.,457,"Pregnancy issues, <20 weeks",OB/GYN,silver,
REF,855,Direct referral for consultation,General and Minor,silver,
"PHONE, MRI & PET results",859,Imaging tests,General and Minor,silver,
Left lower quadrant and left flank pain,301,Flank pain,Genitourinary,silver,
URI,154,URTI complaints,ENT - Nose,silver,
ingestion of numerous pills. 12 Ibuprofen 400 mg ea. and 25*325 mg tylenol,752,Overdose ingestion,Substance Misuse,rule,OVERDOSE
L hip pain after struck from behind by MVC unknown speed <DATE_TIME> before arrival,802,Major trauma—blunt,Trauma,silver,
<NRP> accident; fx L femur/trochanter,557,Lower extremity injury,Orthopedic,silver,
"severe pain secondary recent femur surgery. Pt unable to get in/out of bed (reports they're too high), unable to tolerate pain. discharged <DATE_TIME> to pt housing at <DATE_TIME>. <PERSON> any new injuryPt calm, compliant.",865,Post-operative complications,General and Minor,silver,
"L Hip pain s/p Sx in <LOCATION>, out of pain meds",865,Post-operative complications,General and Minor,rule,POST_OP
Post Op Femur Fx,865,Post-operative complications,General and Minor,rule,POST_OP
f/u femur surgery,865,Post-operative complications,General and Minor,silver,
Wound check,710,Wound check,Skin,silver,
"Critically low blood sugar Unconscious for approximately 1:20pm, concsoiusat 2:15pm after glucogen subq and continuous oxygen",854,Hypoglycemia,General and Minor,silver,
"Started coughing x <DATE_TIME> and fever started during <DATE_TIME>, and despite tyleol/ Ibuprofen stll has fever",852,Fever,General and Minor,silver,
Authorized in from <LOCATION> with guardian in villiage cough/fever for <DATE_TIME> around became altered fsbs of 58. was given 0.5 glucagon sq then arose to 77. fsbs at triage was 95,854,Hypoglycemia,General and Minor,silver,
Authorized in from <LOCATION> <DATE_TIME> related to cough and fever here for a follow up. slept well last ninht and no fever,154,URTI complaints,ENT - Nose,silver,
"Left leg,Abrasion",703,Abrasion,Skin,silver,
"Left leg,bumped it to the snowmachine,while driving, x Earlier.",802,Major trauma—blunt,Trauma,silver,
<PERSON> from snow machine. tdap not up to date.,802,Major trauma—blunt,Trauma,silver,
"<DATE_TIME> female in for ""infected wound"" since <DATE_TIME>.",709,Localized swelling/redness,Skin,rule,LOCALIZED_INFECTION
Infected wound (previously closed wound).,709,Localized swelling/redness,Skin,rule,LOCALIZED_INFECTION
"Follow Up leg infecton,left side. in alot of pain. pain scale of 10.",709,Localized swelling/redness,Skin,silver,
Infected wound (previously closed wound). Follow Up left leg infection.,709,Localized swelling/redness,Skin,rule,LOCALIZED_INFECTION
"Authorized in <LOCATION>, <DATE_TIME> injury to left knee, now redness into leg/ankle and foot with swelling.",709,Localized swelling/redness,Skin,silver,
BIB Lifemed from <LOCATION> for infected left knee. Pt sustained a knee laceration after a snowmachine accident on <DATE_TIME> and now has increasing redness extending from wound. Only hx is anger management issues.,709,Localized swelling/redness,Skin,silver,
Wound Check LLE <DATE_OF_SERVICE>,710,Wound check,Skin,silver,
"1wk f/u L leg wnd , I&D DOS",710,Wound check,Skin,silver,
SI. Was found with rope around neck,351,Depression/suicidal/deliberate self-harm,Mental Health,silver,
Depo shot,861,Prescription/medication request,General and Minor,silver,
vision changes left eye. cloudy.,504,Visual disturbance,Ophthalmology,silver,
"<PERSON> ref lens in AC/increased IOP OD. Reports white eye, decreased vision and PN OD x <DATE_TIME>. denies trauma, states woke up with symptoms <DATE_TIME>.",752,Overdose ingestion,Substance Misuse,rule,OVERDOSE
"pt transferred due to increase in R eye IOP, given several eye drops at OSH. plan for optho consult",504,Visual disturbance,Ophthalmology,silver,
"pt arrives via EMS with report of fall, abrasion to back of head, hematoma,",407,Head injury,Neurologic,silver,
physical,866,Minor complaints NOS,General and Minor,silver,
Labor,458,"Pregnancy issues, >20 weeks",OB/GYN,silver,
suspected OD,752,Overdose ingestion,Substance Misuse,rule,OVERDOSE
"PNV,",866,Minor complaints NOS,General and Minor,silver,
HTN,6,Hypertension,Cardiovascular,silver,
RPNV 6 <DATE_TIME>,866,Minor complaints NOS,General and Minor,silver,
<DATE_TIME> prenatal visit,457,"Pregnancy issues, <20 weeks",OB/GYN,silver,
left medial ankle injury.,557,Lower extremity injury,Orthopedic,silver,
oncalal to home of pt. pt was found unresponsive at first but would respond to verbal. Pt was seen to have passed out at work but responded and went home to rest. coworkers found her in bed chilling and unresponsive. Friends piled heavy blankets,401,Altered level of consciousness,Neurologic,silver,
kidney infection,307,UTI complaints,Genitourinary,silver,
drug overdose UTI,752,Overdose ingestion,Substance Misuse,rule,OVERDOSE
"SOB, difficulty breathing",651,Shortness of breath,Respiratory,silver,
right arm injury.,556,Upper extremity injury,Orthopedic,silver,
fish bone stuck in throat. pushed down with blubber,265,Oral/esophageal foreign body,Gastrointestinal,silver,
"red eye, impetigo",506,"Red eye, discharge",Ophthalmology,silver,
Eye injury,510,Eye trauma,Ophthalmology,silver,
Prov d/c here with dad/<PERSON>,999,Unknown,General and Minor,silver,
"Severe Head Injury- Minor <PERSON> to face pt, blood behind L side TM and canal",407,Head injury,Neurologic,silver,
4 yo female CC: 5:45PM pt was riding a 120 (small snow-machine) going 6 miles an hour not wearing a helmet and crashed and hit her head vomited twice,407,Head injury,Neurologic,silver,
4 yo female CC: RTC: Minor Heady Injury/Nervous System 1 Blood in L TM,407,Head injury,Neurologic,silver,
"4 yo female CC: RTC: snow-go 120 accident going 6mph and bumped L forehead and vomited twice <DATE_TIME>,",407,Head injury,Neurologic,silver,
"CHI, fell off snow machine <DATE_TIME>",407,Head injury,Neurologic,silver,
4 yo female CC: Vitals for VTC visit,999,Unknown,General and Minor,silver,
PT PRESENTS TO <PERSON> VIA MEDIVAC WITH AN ASTHMA EXCERBATION,651,Shortness of breath,Respiratory,silver,
teeth 3 tooth abscess,709,Localized swelling/redness,Skin,rule,LOCALIZED_INFECTION
"<DATE_TIME> male here for right upper cheek swelling that started <DATE_TIME>, in pain, crying, was eating good, drinking fluids good, and sudden swelling at right cheek. didnt want anything after he woke up but is now drinking bottle while here at clinic",709,Localized swelling/redness,Skin,silver,
hypopituitarism,866,Minor complaints NOS,General and Minor,silver,
seizures and glucose 24,405,Seizure,Neurologic,silver,
right pubic region pain,256,Groin pain/mass,Gastrointestinal,silver,
Fever and RL abdomen pain,852,Fever,General and Minor,silver,
"CC: appendicitis RLQ abd pain, symptoms started the morning of <DATE_TIME> pt given tylenol, ceftriaxone, flagyl, and ibuprofen last ibuprofen given <DATE_TIME>, last tylenol around <DATE_TIME>",251,Abdominal pain,Gastrointestinal,silver,
Post op appendectomy,865,Post-operative complications,General and Minor,rule,POST_OP
"BIB guardian from village for swallowing a quarter about midnight. reports that Pt unable to hold down secretions. No audiable weezing noted, no increase work of breathing.",265,Oral/esophageal foreign body,Gastrointestinal,silver,
Quarter swallow surgery retrieval f/u bib Dad <PERSON> <PHONE_NUMBER>,265,Oral/esophageal foreign body,Gastrointestinal,silver,
"""she has a the back piece of an earring in her left ear lobe. Also <DATE_TIME> she crashed on her bicycle, doesn't remember much. Unhelmeted. Abrasion on her right side of face, eyelid swollen/ecchymotic.",703,Abrasion,Skin,silver,
"BIBA, CPR in progress",1,Cardiac arrest (non-traumatic),Cardiovascular,silver,
"stroke like symptoms. While sitting eating a sandwich, things became foggy, vision blurred. HX of stroke in <DATE_TIME>",409,Extremity weakness/symptoms of CVA,Neurologic,rule,CVA_STROKE
"BIBGF fr <LOCATION>, @1900 pt had L sided weakness and vision change while he was making a sandwich. Consult with Prov who said he is not a candiate for thrombectomy. accepted and pt will get an MRI. pt curretly has no deficits at this time.",409,Extremity weakness/symptoms of CVA,Neurologic,silver,
F/U S/P Stroke.,865,Post-operative complications,General and Minor,rule,POST_OP
pt here for eval of black stools,260,Blood in stool/melena,Gastrointestinal,silver,
"Patient BIBA from <LOCATION> clinic. Reports 3 episodes of black tarry stools. <PERSON> positive. Hx GI bleeds. Given 80 of protonix, 1g tylenol for fever, and 500ml fluid. NAD.",260,Blood in stool/melena,Gastrointestinal,rule,GI_BLEED
Self- ref Check-up after surgery <DATE_TIME>.,865,Post-operative complications,General and Minor,silver,
Stroke like symptoms. weak on left. more deficit on the right. minimal movement of right leg. stronger on right arm. slurred <PERSON>. was found <DATE_TIME> on floor. was on floor for <DATE_TIME>,409,Extremity weakness/symptoms of CVA,Neurologic,rule,CVA_STROKE
vomiting <DATE_TIME> and <DATE_TIME>. no bm <DATE_TIME> or <DATE_TIME>. <PERSON>. <PERSON> pain is mid abd. no RLQ pain on palpation,257,Nausea and/or vomiting,Gastrointestinal,silver,
"Pt bib Guardian for appendicitis, x2 days of abdominal pain, nausea/vomiting. pt received 2.5gm Zosyn and 2 mg morphine pta. pt sleepy upon arrival, easily arouses, in nad. mother at bedside.",251,Abdominal pain,Gastrointestinal,silver,
FV - s/p lap appy,865,Post-operative complications,General and Minor,rule,POST_OP
"Patient states, ""It feels hard to breath especially when lying down. I have pain right here (Patient pointing to left side of chest).""",651,Shortness of breath,Respiratory,silver,
Patient presented back to ER pulseless and not breathing on own. EMS lucus chest compression device actived. patient not intubated,1,Cardiac arrest (non-traumatic),Cardiovascular,silver,
"Sore throat, high fever, flu like symptoms",103,Sore throat,ENT - Mouth/Throat/Neck,silver,
recheck flu,154,URTI complaints,ENT - Nose,silver,
Swelling of left side,709,Localized swelling/redness,Skin,silver,
Authorized infrom <LOCATION> with Guardian related to left sided facial/throat swelling. possible tooth infection,104,Neck swelling/pain,ENT - Mouth/Throat/Neck,silver,
f/u discharge bib Sister <PERSON> <PHONE_NUMBER>,866,Minor complaints NOS,General and Minor,silver,
Throat abscess,709,Localized swelling/redness,Skin,rule,LOCALIZED_INFECTION
infected left ankle,709,Localized swelling/redness,Skin,silver,
<PERSON> second to possiple Appy,251,Abdominal pain,Gastrointestinal,silver,
Pre Op Hernia Repair,865,Post-operative complications,General and Minor,silver,
"SOB, fever, body aches, fatigue.",651,Shortness of breath,Respiratory,silver,
"respiratory distress, cough possble PNA",653,Cough/congestion,Respiratory,silver,
cellulitis of the left foot,709,Localized swelling/redness,Skin,rule,LOCALIZED_INFECTION
about <DATE_TIME> ago.pt got a splinter in her left foot. foot is now swollen and red with drainage and sweeling and heat. Care provider says she has red streak going up leg,709,Localized swelling/redness,Skin,silver,
"Authorized in from <LOCATION> with guardian, for <DATE_TIME> now left foot pain, swelling and increased redness with warmth. c/o increased pain",709,Localized swelling/redness,Skin,silver,
R-side weakness,409,Extremity weakness/symptoms of CVA,Neurologic,silver,
"Pt walk in. Pt with stroke on <DATE_TIME> and has been admitted at ARH. <PERSON> was discharged <DATE_TIME>. Pt c/o HA, dizziness, and is hypertensive. Pt states ""i still have blood on my brain"". Per family speech is slightly slower. A&Ox4.",409,Extremity weakness/symptoms of CVA,Neurologic,rule,CVA_STROKE
Ref: post hospital follow up. admitted to ARH with intracranial hemorrhage due to HTN,865,Post-operative complications,General and Minor,silver,
NP admitted for intracranial hemmorrhage due to uncontrolled HTN,865,Post-operative complications,General and Minor,silver,
Knee Pain,555,Lower extremity pain,Orthopedic,silver,
right knee pain,555,Lower extremity pain,Orthopedic,silver,
"BIB Guardian from <LOCATION> cc of right knee swelling, redness and pain.",558,Joint(s) swelling,Orthopedic,silver,
"bib <PERSON> father for hospital dc f/u, cellulitis, contact info- <PHONE_NUMBER>",709,Localized swelling/redness,Skin,rule,LOCALIZED_INFECTION
atv accident no LOC,802,Major trauma—blunt,Trauma,silver,
<PERSON> accident- See paper charting. Tested NEG for covid in <PERSON>,851,Exposure to communicable disease,General and Minor,rule,COVID_EXPOSURE
FV wound eval and to make plans for taking out his staples,857,Removal staples/sutures,General and Minor,silver,
FV exploration of wound Pt refused vitals,710,Wound check,Skin,silver,
f/u head wound,710,Wound check,Skin,silver,
"called and said he cant use his R arm and feeling weak, woke up at <DATE_TIME> unable to use R arm",409,Extremity weakness/symptoms of CVA,Neurologic,silver,
reported right side weakness,409,Extremity weakness/symptoms of CVA,Neurologic,silver,
Pain- Cancer patient Palliative care,866,Minor complaints NOS,General and Minor,silver,
"swollen, painful testicles",305,Scrotal pain and/or swelling,Genitourinary,silver,
Prov Hosp For Testicle removal bib mom <PERSON> <PHONE_NUMBER>,305,Scrotal pain and/or swelling,Genitourinary,silver,
Pt took 6 clonidine tablets and admitted to 2 fifths of R&R,752,Overdose ingestion,Substance Misuse,silver,
Fall and hit head,407,Head injury,Neurologic,silver,
"pt here <DATE_TIME> after falling head first off a bed 4 ft, no loc, mom states she has been crying intermittantly, dizziness x1 <DATE_TIME>, no appetite,perrl, steady gait, smiling playful in ER",407,Head injury,Neurologic,silver,
"right lower quadrant pain, right neck pain",251,Abdominal pain,Gastrointestinal,silver,
"BIB mother from <PERSON> for r/o appy. Feverish, low energy, low appetite since <DATE_TIME>. Pt gestures at R abdomen when asked about pain. Tired appearing but appropriate. No vomiting. Tongue moist. Ambulates wo apparent difficulty.",251,Abdominal pain,Gastrointestinal,silver,
: s/p 7m acute lap appy <DATE_TIME>,865,Post-operative complications,General and Minor,rule,POST_OP
Reason for Visit: s/p lap appy,865,Post-operative complications,General and Minor,rule,POST_OP
Cough/congestion/fever for <DATE_TIME> symptoms increasing this am. Cradiac hx,653,Cough/congestion,Respiratory,silver,
"Authorized in from <LOCATION>, <DATE_TIME> fever, cough, vomiting. Was admitted <DATE_TIME> related to pneumonia",154,URTI complaints,ENT - Nose,silver,
f/u bronchitis Mom: <PERSON>: <PHONE_NUMBER> improving,154,URTI complaints,ENT - Nose,silver,
pneumonia illness with wheezing bronchiolitis,154,URTI complaints,ENT - Nose,silver,
"<DATE_TIME> female with a fever, wheezing and respiratory distress.",651,Shortness of breath,Respiratory,silver,
"cough, sob, wheezing since <DATE_TIME>",651,Shortness of breath,Respiratory,silver,
"cough, runny nose since <DATE_TIME>",653,Cough/congestion,Respiratory,silver,
"Pt had surgery to repair ""tib/fib"" fracture <DATE_TIME> and was told by anesthesia to come to the ED to have ""nerve block removed by anesthiologist"".",860,Medical device problem,General and Minor,silver,
<DATE_TIME> intoxicated male with fractured jaw,802,Major trauma—blunt,Trauma,silver,
broken jaw,802,Major trauma—blunt,Trauma,silver,
Jaw Pain,107,Facial pain (non-traumatic/non-dental),ENT - Mouth/Throat/Neck,silver,
other musculoskeltal injury: musculoskeletal 10,866,Minor complaints NOS,General and Minor,silver,
<DATE_TIME> male with pain in his right calf,555,Lower extremity pain,Orthopedic,silver,
"Pain, swelling, redness, pain RLE, numbness of right great toe",709,Localized swelling/redness,Skin,silver,
BIB via Guardian from <LOCATION> for possible right ankle compartment syndrom following injury on <DATE_TIME>. Right ankle swelling and pain.,709,Localized swelling/redness,Skin,silver,
AVS: New Consult R Popliteal Artery Pseudo,866,Minor complaints NOS,General and Minor,silver,
AVS: S/P Pseudoaneurysm Discharge - Released,865,Post-operative complications,General and Minor,rule,POST_OP
32 yo male follow up right leg surgery,865,Post-operative complications,General and Minor,silver,
"follow up right leg surgery: opening wound, has pain",865,Post-operative complications,General and Minor,silver,
"med vac trauma 1, human bite to nose and etoh.",701,Bite,Skin,silver,
FV nasal repair,155,Nasal trauma,ENT - Nose,silver,
FV nasal avulsion,155,Nasal trauma,ENT - Nose,silver,
follow up nasal repair for history of nasal avulsion,710,Wound check,Skin,silver,
Follow up nasal repair for history of nasal avulsion,710,Wound check,Skin,silver,
"Check graft, dressing change",856,Dressing change,General and Minor,silver,
Follow up nasal graft,710,Wound check,Skin,silver,
stomach pain,251,Abdominal pain,Gastrointestinal,silver,
abdominal pain since <DATE_TIME>. <PHONE_NUMBER> pain <DATE_TIME>.,251,Abdominal pain,Gastrointestinal,silver,
bib guardian from <LOCATION>. n/v since <DATE_TIME>. dx with sbo. attempted <PERSON> but were unsuccessful. <DATE_TIME>. c/o abd distention and pain.,251,Abdominal pain,Gastrointestinal,rule,BOWEL_OBSTRUCTION
"Pt through triage, in pt housing, c/o abd pain, ""seeing black"" Pt pale, cool, lethargic, hypotensive. BP <PHONE_NUMBER>. Oriented x3, to trauma 1, bilat IV's established, BG 206",251,Abdominal pain,Gastrointestinal,silver,
ABD Pain Radiating to L side of back. 50mcg of <PERSON> administered by guardian 1345 en route,251,Abdominal pain,Gastrointestinal,silver,
Ref: Med management. Newly started on amlodipine and metop ER while inpatient,861,Prescription/medication request,General and Minor,silver,
"pt c/o abd pain started <DATE_TIME>,. denies n/v/d. aox4. resp even and unlabored.",251,Abdominal pain,Gastrointestinal,silver,
Flank and abdominal pain,301,Flank pain,Genitourinary,silver,
facial and neck injury while in a altercation.,102,Facial trauma,ENT - Mouth/Throat/Neck,silver,
"Authorized in from <LOCATION>, for the past <DATE_TIME> now developed left calf/thight pain and tightness, denies sob. Toradol in clinic with relief",555,Lower extremity pain,Orthopedic,silver,
"<DATE_TIME> female came in with vomiting, and abdominal pain",251,Abdominal pain,Gastrointestinal,silver,
gastroenteritis,254,Diarrhea,Gastrointestinal,silver,
"chest pain 1130, shortness of breath",3,Chest pain—cardiac features,Cardiovascular,silver,
"BIBA from <PERSON> for right side spontaneous tension pnuemothorax. GCS 15, AO4, AMbulatory, chest tube in place.",651,Shortness of breath,Respiratory,silver,
"s/p pneuothorax, CXR prior",865,Post-operative complications,General and Minor,rule,POST_OP
"amb to <PERSON> wife accompanying - discharged <DATE_TIME> - c/o pain to right shoulder and coughing bloody sputum x3 <DATE_TIME>. was told to return with these issues. talking in full sentences - denies SOB, resp e/u.",655,Hemoptysis,Respiratory,silver,
"Sore throat, fever, body aches, headache",154,URTI complaints,ENT - Nose,silver,
"c/o right abdomen pain for <DATE_TIME> with nausea and vomiting,",251,Abdominal pain,Gastrointestinal,silver,
Pt. transfer from <LOCATION> for surgical services. Pt. reports RUQ pain with n/v. Known gallstones during pregnacy. Pt. presented <DATE_TIME> with symptoms. Recieved 100 mcg of fent @0142 PTA by flight team. NAD. Resting in bed.,251,Abdominal pain,Gastrointestinal,silver,
FV - post op chole,865,Post-operative complications,General and Minor,rule,POST_OP
stomach pain s/p fall,865,Post-operative complications,General and Minor,rule,POST_OP
<DATE_TIME> here for abdominal pain,251,Abdominal pain,Gastrointestinal,silver,
"other cause of abdmonia pain, possible pneumonia, possible stroke",409,Extremity weakness/symptoms of CVA,Neurologic,rule,CVA_STROKE
bronchitis R/O pneumoniao other willness illness with wheezing low blood pressure reading x 3 anemic,651,Shortness of breath,Respiratory,silver,
M 82 yo here or SOB and can't see per wife <PERSON>,651,Shortness of breath,Respiratory,silver,
"Authorized in from <LOCATION>, <DATE_TIME> developed some SOB after smoking, then again <DATE_TIME> after smoking. Has been out of all home medications. Hx of same",651,Shortness of breath,Respiratory,silver,
EMS reports <PERSON> activity before arrival,999,Unknown,General and Minor,silver,
"<LOCATION>, SOB",651,Shortness of breath,Respiratory,silver,
"F/U heart attack, meds",3,Chest pain—cardiac features,Cardiovascular,silver,
"Authorized in from <LOCATION>, related to diarrhea with nweakness, just returmed from <LOCATION> <DATE_TIME>. concernes of elevated heartrate, hx open heart",257,Nausea and/or vomiting,Gastrointestinal,silver,
"Pt is here for a follow-up after discharge from inpatient unit on <DATE_TIME>; pt reports he ""got a lot of rest <DATE_TIME>"" and ""feels a lot better""",866,Minor complaints NOS,General and Minor,silver,
64 yo male CC: here for Vitals per specialty clinic heart doctor,861,Prescription/medication request,General and Minor,silver,
<DATE_TIME> male CC here to check vitals per specialty clinic heart doctor,861,Prescription/medication request,General and Minor,silver,
VTC Aflutter,5,Palpitations/irregular heart beat,Cardiovascular,silver,
fall <DATE_TIME> at home- unwitnesses. <NRP> states woke <DATE_TIME> c/o neck pain/stiffness,104,Neck swelling/pain,ENT - Mouth/Throat/Neck,silver,
arrived via guardian. ? Stroke. HTN in clinic <LOCATION> with quantities of blood pressure medication to bring Sb/p from 260+ to Sb/p 110.,409,Extremity weakness/symptoms of CVA,Neurologic,rule,CVA_STROKE
<PERSON> cramping after vomiting this am,257,Nausea and/or vomiting,Gastrointestinal,silver,
"Blunt trauma, L-leg pain",802,Major trauma—blunt,Trauma,rule,MAJOR_TRAUMA_BLUNT
leg and arm pain from MVA,802,Major trauma—blunt,Trauma,rule,MAJOR_TRAUMA_BLUNT
pt complaint was short of breath. pt found outside. core termp very low.,205,Hypothermia,Environmental,silver,
Vomiting blood,259,Vomiting blood,Gastrointestinal,silver,
cast removal and xray out of cast.,857,Removal staples/sutures,General and Minor,silver,
"wasn't doing anything, just getting worse over <DATE_TIME>, can't pinpoint anything clear that happened, over exerted self when out hunting and boat, having phases of discomfort and heartburn with no appetite, gotten worse <DATE_TIME>",3,Chest pain—cardiac features,Cardiovascular,silver,
"Other Medical Emergency, and Care of Patient While Waiting for Medevac",999,Unknown,General and Minor,silver,
upper abd pain <DATE_TIME>. medevac,251,Abdominal pain,Gastrointestinal,silver,
"seizure at home, witnessed",405,Seizure,Neurologic,silver,
Pt BIBAA from <PERSON> d/t new onset witnessed seizure x2. Imaging also revealed thoracic spine fract with unknown onset. Pt is independent w transfer from stretcher and is oriented to all but time. Pt attached to monitor and is currently resting.,405,Seizure,Neurologic,silver,
arrived via Guardian. AO x 4 at arrival. last seizure at <DATE_TIME>. denies pain at present. Seizure prior to fall. bruising noted on back (right side) and right elbow. MAE. Ambulates without issure.,405,Seizure,Neurologic,silver,
Medical evaluation,866,Minor complaints NOS,General and Minor,silver,
"63M here for abdominla pain, mighit be stones, and throwing up",257,Nausea and/or vomiting,Gastrointestinal,silver,
"Patient has right sided abdominal pain and came in via guardian. Patient has a history of gallstones, has a cholostomy and Nausea/vomiting",257,Nausea and/or vomiting,Gastrointestinal,silver,
"cp, n/v new onset afib",5,Palpitations/irregular heart beat,Cardiovascular,rule,AFIB_RVR
F/U Afib,5,Palpitations/irregular heart beat,Cardiovascular,rule,AFIB_RVR
"Pt to <PERSON> for sudden onset of vomiting, dizziness and abdominal cramping. Pt is in town for other appointments and developed symptoms while at the grocery store. Pt diaphoretic and recently diagnosed with a-fib.",257,Nausea and/or vomiting,Gastrointestinal,silver,
"pt brought in by guardian, snowmobile accident. LLL pain and swelling. and dental pain",557,Lower extremity injury,Orthopedic,silver,
"left leg injury ,knee and shin.",557,Lower extremity injury,Orthopedic,silver,
"32yr male's snowgo's throttle got stuck and he couldn't stop it, he delibertly turned his handle to flip his snowgo so it won't bump someones house or bump anyone in the direction,he then jump off and landed on a log 8inch in diameter with his left shin.",557,Lower extremity injury,Orthopedic,silver,
PNV 35_1/7wks,458,"Pregnancy issues, >20 weeks",OB/GYN,silver,
Pt was being seen in WH department <DATE_TIME> when the CNM sent her to the ER for abnormal fetal heart strip; pt has,458,"Pregnancy issues, >20 weeks",OB/GYN,silver,
"Pt was being seen in WH <DATE_TIME> when the CNM sent her to the ER for transfer to OB Triage for ""abnormal fetal heart strip""",458,"Pregnancy issues, >20 weeks",OB/GYN,silver,
Transfer from <PERSON> for questionable fetal heartrate tracing during routing prenatl visit,458,"Pregnancy issues, >20 weeks",OB/GYN,silver,
contractions since <DATE_TIME>,458,"Pregnancy issues, >20 weeks",OB/GYN,silver,
IHCP,999,Unknown,General and Minor,silver,
"<PERSON>, Mild IHCP, EDD: <DATE_TIME>",458,"Pregnancy issues, >20 weeks",OB/GYN,silver,
"Miso <DATE_TIME> for severe IHCP. Pt is taking ursodiol 1000 mg po bid. C/O severe itching @ night, pt unable to sleep. Reports +FM. GBS neg.",657,Allergic reaction,Respiratory,silver,
MD2,999,Unknown,General and Minor,silver,
Pt called OB triage reporting she hasn't felt any contractions since leaving triage after her 2nd day of outpt miso ripening. Reports +FM and denies LOF or VB,458,"Pregnancy issues, >20 weeks",OB/GYN,silver,
follow up visit for respiratory difficulty,651,Shortness of breath,Respiratory,silver,
cough recheck,653,Cough/congestion,Respiratory,silver,
follow up <LOCATION> for pneumonia,651,Shortness of breath,Respiratory,silver,
c/o respiratory distress.,651,Shortness of breath,Respiratory,silver,
f/u inpatient,866,Minor complaints NOS,General and Minor,silver,
CLD,866,Minor complaints NOS,General and Minor,silver,
"fever, cough, tachypnea x few days",652,Respiratory arrest,Respiratory,silver,
OOT Check up,866,Minor complaints NOS,General and Minor,silver,
bib mom <PERSON> for cough,653,Cough/congestion,Respiratory,silver,
"chronically ill child with wheezing/cough since <DATE_TIME>, high heart rate, <LOCATION>, high temp- all resolved on arrival to ER",659,Wheezing—no other complaints,Respiratory,silver,
Wrap UP bib mom <PERSON>,866,Minor complaints NOS,General and Minor,silver,
"choke on speggeti and may have inahled some, now lungs sound crappy and keep spitting up lots of saliva",656,Respiratory foreign body,Respiratory,silver,
other cause of mild shortness of breath,651,Shortness of breath,Respiratory,silver,
left arm injury,556,Upper extremity injury,Orthopedic,silver,
L forearm,556,Upper extremity injury,Orthopedic,silver,
1. Possible Pneumonia 2. Gastritis,651,Shortness of breath,Respiratory,silver,
Vomiting and diarrhea for <DATE_TIME> now. she's weak and has no appetite. Drinks some water that stays down for <DATE_TIME>.,254,Diarrhea,Gastrointestinal,silver,
Dehydration and diarrhea,7,General weakness,Cardiovascular,rule,DEHYDRATION
D/C F/up here with mom/<PERSON>. <PHONE_NUMBER>,866,Minor complaints NOS,General and Minor,silver,
apendicitis,251,Abdominal pain,Gastrointestinal,silver,
"Authorized in from <LOCATION>, patient has had abdominal pain with constipation and fever",251,Abdominal pain,Gastrointestinal,silver,
"recheck from <DATE_TIME>, pt with continued abd pain, crying tears, moist mm, clear bs bilaterally, i bm since d/c last",251,Abdominal pain,Gastrointestinal,silver,
"<DATE_TIME> female called on call that she started bleeding <DATE_TIME> abot <DATE_TIME> 9;30 am, dark red blood, no clots, no slimy anything just red blood, abdomen started to get hard <DATE_TIME> about 2am, hasnt stopped since went to sleep,worst thisam",455,Vaginal bleed,OB/GYN,silver,
"alert, no acute distress, in labor, abdomen getting hard, unsure if she still bleeding, 3 minuites a part, lasting <DATE_TIME>,",458,"Pregnancy issues, >20 weeks",OB/GYN,silver,
"contractions in a woman at <DATE_TIME> gestation, possible pree term labor",458,"Pregnancy issues, >20 weeks",OB/GYN,silver,
PP check,866,Minor complaints NOS,General and Minor,silver,
"Abdominal Pain, Possible Acute Abdomen",251,Abdominal pain,Gastrointestinal,silver,
8 yo M brought in by father for abd pain,251,Abdominal pain,Gastrointestinal,silver,
"medivac'd in for rectal bleeding, rlq pain started <DATE_TIME>, brb in looses stool x1 today, orangish/red stool noted, 4mg zofran odt given at 1400 and tylenol at <DATE_TIME>",260,Blood in stool/melena,Gastrointestinal,silver,
"reeval for abd pain, no s/s <DATE_TIME>",251,Abdominal pain,Gastrointestinal,silver,
8 y o M here for vomiting,257,Nausea and/or vomiting,Gastrointestinal,silver,
upper gastric pain with vomiting,257,Nausea and/or vomiting,Gastrointestinal,silver,
<DATE_TIME> male here because he is vomiting still,257,Nausea and/or vomiting,Gastrointestinal,silver,
"Upper abdomen pain, nausea and vomiting",257,Nausea and/or vomiting,Gastrointestinal,silver,
Hosp D/C F/U GI problem bib <PERSON> <PHONE_NUMBER>,866,Minor complaints NOS,General and Minor,silver,
<DATE_TIME> male was sent home from school this morning,866,Minor complaints NOS,General and Minor,silver,
Skin/soft tissue problem,711,Other skin conditions,Skin,silver,
seizure activity. escort,405,Seizure,Neurologic,silver,
RPNV <PHONE_NUMBER>,866,Minor complaints NOS,General and Minor,silver,
SROM,866,Minor complaints NOS,General and Minor,silver,
pt states she tried to hang herself with a belt and nail earlier. has attempted in the past. Doesnt want to be here but realizes she needs help.,351,Depression/suicidal/deliberate self-harm,Mental Health,silver,
"3 yo female CC: Boat Accident, pain in abd and head ache",802,Major trauma—blunt,Trauma,silver,
"Other Injury, and care <PERSON> awaiting for medevac Boat Accident",802,Major trauma—blunt,Trauma,silver,
medevac from <LOCATION> following boating accident,802,Major trauma—blunt,Trauma,silver,
sore throat,103,Sore throat,ENT - Mouth/Throat/Neck,silver,
"3rd toe left foot, laceration with suturing on <DATE_TIME>",704,Laceration/puncture,Skin,silver,
"<LOCATION> in from <LOCATION>, sutures in place for <DATE_TIME> to left third toe, now pain and infection",865,Post-operative complications,General and Minor,silver,
L 3rd toe,999,Unknown,General and Minor,silver,
F/U L 2nd Toe,999,Unknown,General and Minor,silver,
"sick child with no dehydration, possible pnuemonia, BOM",7,General weakness,Cardiovascular,rule,DEHYDRATION
"<DATE_TIME> here for fever <DATE_TIME>, coughing since <DATE_TIME>",852,Fever,General and Minor,silver,
"Authorized in from <LOCATION> with Guardian, has been sick for <DATE_TIME> cough and fever motrin this morning",852,Fever,General and Minor,silver,
Hosp F/U D/C bib Dad <PERSON> <PHONE_NUMBER>,855,Direct referral for consultation,General and Minor,silver,
Hosp F/U D/C bib dad <PERSON> <PHONE_NUMBER>,855,Direct referral for consultation,General and Minor,silver,
hosp f/u. bib dad <PERSON> and cousin <PERSON>.<PERSON>'s contact no.: <PHONE_NUMBER> (<PERSON>'s cell),855,Direct referral for consultation,General and Minor,silver,
dad <PERSON> and cousin <PERSON> CO here for Hosp F/U,855,Direct referral for consultation,General and Minor,silver,
Abdominal pain and dehydration,7,General weakness,Cardiovascular,rule,DEHYDRATION
amb to triage with c/o sore throat and cough since <DATE_TIME>. cough noted in triage - and sniffling. less of an appetite. playing on ipad in triage -in hopsital <DATE_TIME> in <LOCATION> for dehydration.,7,General weakness,Cardiovascular,rule,DEHYDRATION
abcess to left buttock,711,Other skin conditions,Skin,silver,
pt with <PERSON> pain fever cough,154,URTI complaints,ENT - Nose,silver,
F/U ER/Peds,855,Direct referral for consultation,General and Minor,silver,
Check for baby's heart beat,457,"Pregnancy issues, <20 weeks",OB/GYN,silver,
bleeding in pregnancy,455,Vaginal bleed,OB/GYN,silver,
miscarriage at <DATE_TIME>,457,"Pregnancy issues, <20 weeks",OB/GYN,silver,
Authorized in from <LOCATION> by medivac. <DATE_TIME> pregnant <DATE_TIME> at 1800 developed heavy vaginal bleeding with clots. hypotensive in clinic. <PERSON> of lower abdominal cramping. second misscarriage,457,"Pregnancy issues, <20 weeks",OB/GYN,silver,
follow up after hospitalization,855,Direct referral for consultation,General and Minor,silver,
something in left eye,503,"Foreign body, eye",Ophthalmology,silver,
Well Check,866,Minor complaints NOS,General and Minor,silver,
17yo female with abdominal pain,251,Abdominal pain,Gastrointestinal,silver,
Abdominal pain- gallstones,251,Abdominal pain,Gastrointestinal,silver,
upper abdominal pain,251,Abdominal pain,Gastrointestinal,silver,
"BIB LifeMed for left sided abdominal pain. Pt reports pain <DATE_TIME> at this time. <PERSON> reports had some mild nausea, received medications in flight. Uncle is guardian at bedside",251,Abdominal pain,Gastrointestinal,silver,
s/p lap chole,865,Post-operative complications,General and Minor,rule,POST_OP
Other Causes of Chest Pain: moderate to low <NRP>,4,Chest pain—non-cardiac features,Cardiovascular,silver,
"Chest pain, BIB Guardian flight. Pain started <DATE_TIME> post 2nd Covid shot. pt states ""It hurt here (mid sternal) and was sharp"" denies injury, no deformities or abnormalities noted. Pt ambulates with steady gait.Denies pain at triage",4,Chest pain—non-cardiac features,Cardiovascular,silver,
"was medicac in from <LOCATION> related to chest pain, here for a follow-up. nas no complaints",4,Chest pain—non-cardiac features,Cardiovascular,silver,
purposeful ingestion of unknown number of 325mg tylenol pills.,752,Overdose ingestion,Substance Misuse,rule,OVERDOSE
Burn to R-inner thigh,705,Burn,Skin,silver,
<DATE_TIME> female who was referred to be seen by the school. Patient feels like hurting herself.,351,Depression/suicidal/deliberate self-harm,Mental Health,silver,
Depression,351,Depression/suicidal/deliberate self-harm,Mental Health,silver,
Medivac for SI,351,Depression/suicidal/deliberate self-harm,Mental Health,silver,
"N/V, abdominal cramps and urine retention",257,Nausea and/or vomiting,Gastrointestinal,silver,
"RLQ pain, N/V",251,Abdominal pain,Gastrointestinal,silver,
"BIB EMS pt a direct admit <PERSON> surgery. pt presented to <LOCATION> clinic with LRQ pain, non perf inflamed Appendix, pt is A&OX4, <DATE_TIME> pain, meds given <DATE_TIME>mg APA IV, 1 L LR, 4 mg Zofran IV, 2 g cefazolin, 500 flagyl, <PHONE_NUMBER> mg Morphine IV. hx anemia",251,Abdominal pain,Gastrointestinal,silver,
RPNV 34 <DATE_TIME>,999,Unknown,General and Minor,silver,
water broke at about 0130. contractions,458,"Pregnancy issues, >20 weeks",OB/GYN,silver,
"<PERSON> pain onset 1 hr before arrival, dull in description but tearful",251,Abdominal pain,Gastrointestinal,silver,
Authorized in from <LOCATION> with Guardian related to possible seizure activity while in class <DATE_TIME>. fell out of chair left arm and right leg were shaking. fSBS 99,405,Seizure,Neurologic,silver,
"Fall, arm pain",556,Upper extremity injury,Orthopedic,silver,
recheck fractured clavicle- right side,710,Wound check,Skin,silver,
Hurt left radious side bone in the muddle,556,Upper extremity injury,Orthopedic,silver,
"9yr male fell off the counter top onto left arm,and it hurts now,",556,Upper extremity injury,Orthopedic,silver,
9 yo male here for recheck of possible broken arm,710,Wound check,Skin,silver,
injury to left arm,556,Upper extremity injury,Orthopedic,silver,
xrays and cast removal.,857,Removal staples/sutures,General and Minor,silver,
trip and fall hit head on left side and left thumb,407,Head injury,Neurologic,silver,
headaches,404,Headache,Neurologic,silver,
arrived via medivac / guardian. no acute distress noted. Head injury with no LOC,407,Head injury,Neurologic,silver,
Coughing and sore throat,154,URTI complaints,ENT - Nose,silver,
<DATE_TIME> male C/O snowmachine accident,802,Major trauma—blunt,Trauma,silver,
Snowmachine accident: dislocated shoulder L) side,556,Upper extremity injury,Orthopedic,silver,
<DATE_TIME> male C/O follow up <LOCATION>) shoulder injury after snowmachine accident,710,Wound check,Skin,silver,
Follow Up L0 shoulder injurty,556,Upper extremity injury,Orthopedic,silver,
injury to left shoulder,556,Upper extremity injury,Orthopedic,silver,
"Right hip/leg injury after falling on ice <DATE_TIME>, bruising/pain",557,Lower extremity injury,Orthopedic,silver,
F/U LEG PAIN,555,Lower extremity pain,Orthopedic,silver,
right side head pain dizzy coordination balalnce,406,Gait disturbance/ataxia,Neurologic,silver,
f/u after er vsit for h/a,404,Headache,Neurologic,silver,
Abdominal pain possible appendicitis,251,Abdominal pain,Gastrointestinal,silver,
"right lower abd pain. at <DATE_TIME>. per flight crew more peri umbilical in natue. 15 mg ketorolac im given <DATE_TIME>. no emeisis, glucose 119",251,Abdominal pain,Gastrointestinal,silver,
"Pt BIB lifemed from <LOCATION> for appendicitis. Pt C/o RLQ pain starting <DATE_TIME>, was found to have ruptured appendix. Abx, tordal, and tylenol gicen en route. NAD @ this time.",251,Abdominal pain,Gastrointestinal,silver,
<PERSON> <DATE_TIME>,999,Unknown,General and Minor,silver,
"""colon cancer""",999,Unknown,General and Minor,silver,
"bib flight, status one trauma, worsening neuro symptoms. See Trauma <PERSON> for further details.",802,Major trauma—blunt,Trauma,silver,
severe head injury,407,Head injury,Neurologic,silver,
<DATE_TIME> male here for head concusion <DATE_TIME> I have <PERSON> here CHAIII <PERSON> trainee,407,Head injury,Neurologic,silver,
animal bite,701,Bite,Skin,silver,
<DATE_TIME> male with dog bite on his leg,701,Bite,Skin,silver,
dog bite to leteral left mid thigh with purulent drainage from same,701,Bite,Skin,silver,
"Sore throat, coughing, swollen gums- have had dental work done recently",103,Sore throat,ENT - Mouth/Throat/Neck,silver,
"authorized to ER via medevac with Resp distress, R/O epiglottitis",651,Shortness of breath,Respiratory,silver,
pt. is here for a follow-up for infection from dental procedure and oxygen level,101,Dental/gum problem,ENT - Mouth/Throat/Neck,silver,
"fall, right leg injury, possible femur fracture",557,Lower extremity injury,Orthopedic,rule,FEMUR_FRACTURE
PT BIB GF from <LOCATION> from falling appox 6 ft. L-femur Fx. See detail in trauma flowsheet,557,Lower extremity injury,Orthopedic,rule,FEMUR_FRACTURE
F/U Right Femur Fx,557,Lower extremity injury,Orthopedic,rule,FEMUR_FRACTURE
f/u fx right femur,865,Post-operative complications,General and Minor,silver,
"visual changes <DATE_TIME>, seen in eye clinic, exam done, vision has improved, had right sided vision and distortion of fields.",504,Visual disturbance,Ophthalmology,silver,
"lower back pain, low O2% . weakness, was just seen in <LOCATION>.",551,Back pain,Orthopedic,silver,
"low BP when standing, lightheadness when standing",402,Confusion,Neurologic,silver,
f/u IP at for DKA,865,Post-operative complications,General and Minor,silver,
elevated blood sugar,853,Hyperglycemia,General and Minor,silver,
Diabetes Nerves,863,Abnormal lab values,General and Minor,silver,
"Feeling dizzy, unable to stand",403,Vertigo,Neurologic,silver,
CP/ Back pain s/p fall,865,Post-operative complications,General and Minor,rule,POST_OP
"brought by EMS c/o CP intermittent onset <DATE_TIME>, fall <DATE_TIME> with intermittent <LOCATION> since",802,Major trauma—blunt,Trauma,silver,
knee pain,555,Lower extremity pain,Orthopedic,silver,
"BIB LifeMed for left septic knee, patient alert, denies pain, presents w/ left knee cut, mild swelling s/p falling off Honda x <DATE_TIME>. Escorted by Aunt. Received Vancomycin PTA.",865,Post-operative complications,General and Minor,rule,POST_OP
Wound ck L knee,710,Wound check,Skin,silver,
L Knee,555,Lower extremity pain,Orthopedic,silver,
"Abdominal pain, fever, chills, N/V",251,Abdominal pain,Gastrointestinal,silver,
Pt presents via flight team from <LOCATION> with a small bowel obstruction/perforation. NG tube to low intermittent suction. 100mcg fentanyl in flight. Cefepime and flagyl n <LOCATION>. PIV x2.,251,Abdominal pain,Gastrointestinal,rule,BOWEL_OBSTRUCTION
<LOCATION> changes,504,Visual disturbance,Ophthalmology,silver,
FV: wound vac change,856,Dressing change,General and Minor,silver,
wound care,856,Dressing change,General and Minor,silver,
"BIB Guardian for MRI, per Guardian CT in clinic showed +<PERSON> and posterior ischemia. Pt had 4d blurry vision, gait ataxia, and slurred speech. A&Ox4, resp even and unlabored, answers questions appropriately.",406,Gait disturbance/ataxia,Neurologic,silver,
"<DATE_TIME> referred for diplopia s/p thalmic MVA <DATE_TIME>. Pt reports ""They wanted me to have a check up because I was seeing double at first, now no more"".",865,Post-operative complications,General and Minor,rule,POST_OP
Follow up chronic conditions,866,Minor complaints NOS,General and Minor,silver,
New Gastric CA Mediport,866,Minor complaints NOS,General and Minor,silver,
"Newly DXd CA pt to ER via RAPID RESPONSE from surgery clinic for lethargy, hypotension, bloody stools/diarrhea. <LOCATION> @ clinic states pt became tachycardic, hypotensive & weak @ time of S/S onset. Unable to move self due to weakness. Radial pulse weak.",259,Vomiting blood,Gastrointestinal,silver,
Severe Infection under the skin,709,Localized swelling/redness,Skin,silver,
"pt BIB life med for abdominal pain and ascites from stage 4 colon cancer, bilateral feet gangrene, jaundice, and on 2L oxygen. feet wrapped in bandages.",709,Localized swelling/redness,Skin,rule,GANGRENE
OD - abilify,752,Overdose ingestion,Substance Misuse,rule,OVERDOSE
mild dehydration other cause of vomiting,7,General weakness,Cardiovascular,rule,DEHYDRATION
<DATE_TIME> male here for vomiting since <DATE_TIME>,257,Nausea and/or vomiting,Gastrointestinal,silver,
recheck visit Mild dehydration other cause of vomiting Digestive 9,7,General weakness,Cardiovascular,rule,DEHYDRATION
<DATE_TIME> male here for recheck visit from <DATE_TIME> vomiting,257,Nausea and/or vomiting,Gastrointestinal,silver,
"Authorized in from <LOCATION> <DATE_TIME> related to abdominal pain with N/V, seen in ed. <DATE_TIME> reports nausea, no abdominal pain. Here for a follow-up",257,Nausea and/or vomiting,Gastrointestinal,silver,
"Since <DATE_TIME> SOB/feet ankle facial swelling with increased fatigue with activities. swelling has increased over <DATE_TIME>, elevating feet",9,"Edema, generalized",Cardiovascular,silver,
"Anemia of unkown onset, denies recent bleeding, endorses swollen feet, swelling in face, VS",864,Pallor/anemia,General and Minor,silver,
injection B12,999,Unknown,General and Minor,silver,
B12 injection,999,Unknown,General and Minor,silver,
Follow-up <LOCATION> Discharge,999,Unknown,General and Minor,silver,
"<DATE_TIME> male brought to clinic by wife- Been sleeping alot more, facial drooping, fatigue, weakness, pale been sick for <DATE_TIME>",409,Extremity weakness/symptoms of CVA,Neurologic,silver,
Other Nervous System Problem Anemia Lip Mass,999,Unknown,General and Minor,silver,
"Authorized in from <LOCATION>, over <DATE_TIME> weightl loss, weakness, sob, HGB 5.6. With some right sided facial droop",409,Extremity weakness/symptoms of CVA,Neurologic,silver,
BIB Guardian flight from <PERSON> for Severe obstructive renal failure. Pt recieved 1 unit of blood in <PERSON>. Complaint of left lower abd pain x2 days. <PERSON> placed <DATE_TIME>.,301,Flank pain,Genitourinary,silver,
"Eval gross hematuria, urianry retention",302,Hematuria,Genitourinary,silver,
possible <PERSON>,999,Unknown,General and Minor,silver,
"Authorized in from <LOCATION>, related to elevated K+",863,Abnormal lab values,General and Minor,silver,
"pt from village, <PERSON> not draining.",306,Urinary retention,Genitourinary,silver,
60M called on call saying his catheter is bleeding a lot since <DATE_TIME>.,306,Urinary retention,Genitourinary,silver,
uti,307,UTI complaints,Genitourinary,silver,
"<DATE_TIME> male said cathether is blocked, called ER and was told to call oncall",306,Urinary retention,Genitourinary,silver,
Catheter clogged,306,Urinary retention,Genitourinary,silver,
"Authorized in from <LOCATION>, <PERSON> in place, urinary symptoms",307,UTI complaints,Genitourinary,silver,
bloody urine x <DATE_TIME>.,302,Hematuria,Genitourinary,silver,
"possible peritonsillar abscess, sore throat x <DATE_TIME>",709,Localized swelling/redness,Skin,rule,LOCALIZED_INFECTION
"BIB flight from <PERSON>, sore throat for <DATE_TIME>, large R peritonsilar abcess, unable to manage secretions, Nasotracheal intubated in <LOCATION> nostril. 7.0ET tube, arrives on Ketamine drip (6mg/kg) and Fentanyl drip (200mcg/hr). pt requires freq suctioning",103,Sore throat,ENT - Mouth/Throat/Neck,silver,
"Hosp D/C, AFib",5,Palpitations/irregular heart beat,Cardiovascular,rule,AFIB_RVR
involved in snow machine accident on <DATE_TIME>. <DATE_TIME> presents for work up for left rib pain,802,Major trauma—blunt,Trauma,silver,
"<DATE_TIME> male came in <DATE_TIME> after being asssaulted by his nephew, patient says he <PERSON> nephew boxed him on the L side of his cheek and said it is hard to swallow and talk now. he says his jaw feels unaligned and hes teeth dont fit correctly anymore",105,Neck trauma,ENT - Mouth/Throat/Neck,silver,
"Authorized in from <LOCATION>, related to assault possible jaw fx <DATE_TIME>",105,Neck trauma,ENT - Mouth/Throat/Neck,silver,
sent from <PERSON> for mandibular fracture repair.,105,Neck trauma,ENT - Mouth/Throat/Neck,silver,
"Hx of seizure <DATE_TIME>, seizure hx",405,Seizure,Neurologic,silver,
"shortness of breath, abdominal pain",651,Shortness of breath,Respiratory,silver,
Immunization,999,Unknown,General and Minor,silver,
R shoulder pain,554,Upper extremity pain,Orthopedic,silver,
chest pain x few weeks. unable to take supine position. unable to sleep.,3,Chest pain—cardiac features,Cardiovascular,silver,
Establish care,866,Minor complaints NOS,General and Minor,silver,
Lower abdomen pain,251,Abdominal pain,Gastrointestinal,silver,
"pt took around 10 pills, 5 of each tonight.",752,Overdose ingestion,Substance Misuse,silver,
see truama flow sheet,802,Major trauma—blunt,Trauma,silver,
Left Lower Leg Burn S/P 1 week ago via boiling water.,865,Post-operative complications,General and Minor,rule,POST_OP
2nd burn from water. incident happened on <DATE_TIME>. here for eval. left foot swelling below injuy,705,Burn,Skin,silver,
eval urinary retention requiring a <PERSON> referring resident,306,Urinary retention,Genitourinary,silver,
F/V Burn LLE Below Knee and RLE Above Knee,705,Burn,Skin,silver,
vtc visit with <PERSON> <PERSON>,866,Minor complaints NOS,General and Minor,silver,
"Authorized in from <LOCATION>, chest pain with sob for <DATE_TIME>, just seems to be getting worse",3,Chest pain—cardiac features,Cardiovascular,silver,
"Pt has multiple complaints; indwelling catheter possibly infected, diarrhea,",307,UTI complaints,Genitourinary,silver,
pt brought in by ems. hit in mouth by 2x4. lip <LOCATION> and teeth missing.,102,Facial trauma,ENT - Mouth/Throat/Neck,silver,
"Flight from <PERSON>, pt was assaulted at approx 0100 with a 2x4 to face, right hip, & left shoulder. No LOC. pt given ativan 2mg and fent 50mcg by flight crew @ 0620. +Covid today.pt is missing 1 tooth-in milk, lower lip lac.and has manible fractrure",102,Facial trauma,ENT - Mouth/Throat/Neck,silver,
gallstones,251,Abdominal pain,Gastrointestinal,silver,
"Gallstones, <DATE_TIME> pregnant",457,"Pregnancy issues, <20 weeks",OB/GYN,silver,
"upper abd pain with N/V, seen <DATE_TIME>, <LOCATION> with + IUP",251,Abdominal pain,Gastrointestinal,silver,
RPNV <PHONE_NUMBER>,999,Unknown,General and Minor,silver,
RPNV 38 <DATE_TIME>,866,Minor complaints NOS,General and Minor,silver,
transport PROM,457,"Pregnancy issues, <20 weeks",OB/GYN,silver,
Prolonged rupture of membranes,457,"Pregnancy issues, <20 weeks",OB/GYN,silver,
"labor check, bag of water may have broke, felt a sudden gush of water and leaking.",457,"Pregnancy issues, <20 weeks",OB/GYN,silver,
Rupture of Membranes,457,"Pregnancy issues, <20 weeks",OB/GYN,silver,
Loss of Fluid,457,"Pregnancy issues, <20 weeks",OB/GYN,silver,
PP BP check,865,Post-operative complications,General and Minor,silver,
RPNV 34 <DATE_TIME>,866,Minor complaints NOS,General and Minor,silver,
"<DATE_TIME> pregnacy - fell on abdomen, ETOH",806,Isolated abdominal trauma—blunt,Trauma,silver,
Slipped on Abdomen: <DATE_TIME> and <DATE_TIME> pregnant,806,Isolated abdominal trauma—blunt,Trauma,silver,
<DATE_TIME> female slipped and landed on stomach patient is <DATE_TIME> and <DATE_TIME> pregnant,806,Isolated abdominal trauma—blunt,Trauma,silver,
Reports frequent painful contractions for <DATE_TIME>. Comfort measures are not working anymore.,457,"Pregnancy issues, <20 weeks",OB/GYN,silver,
TRPN,866,Minor complaints NOS,General and Minor,silver,
<PERSON> EDD: <DATE_TIME>,866,Minor complaints NOS,General and Minor,silver,
"Ambulatory to OBT c/o uc's since <DATE_TIME> with vaginal spotting/pink. Denies HA's, scotomata or epigastric pain. No edema. DTR's 1+/no clonus bilat. reports +FM. GBS +. GDM, not checking glucose. ETOH & Tob. use in preg",457,"Pregnancy issues, <20 weeks",OB/GYN,silver,
contractions,457,"Pregnancy issues, <20 weeks",OB/GYN,silver,
Village delivery,457,"Pregnancy issues, <20 weeks",OB/GYN,silver,
trauma to left hand. fx and degloving,556,Upper extremity injury,Orthopedic,silver,
sent from <LOCATION> for 2 broken fingers <DATE_TIME> after atv crash. pt has <DATE_TIME> appointment w/ortho for surgery. requesting pain meds. states was only given ibuprofen and he doesn't have his bag. appears uncomfortable,556,Upper extremity injury,Orthopedic,silver,
"f/u 1 week s/p L hand I&D, nail bed repair",865,Post-operative complications,General and Minor,rule,POST_OP
Pt medevac'd here for Lt hand 3rd digit injury involving a saw. <PERSON> had surgery and has run out of pain medications but also requesting something stronger. Pt reports he doesn't have any more followup appts left. Pt still has sutures present.,556,Upper extremity injury,Orthopedic,silver,
"Abdominal pain/swellling for over <DATE_TIME>. last normal bowel movement <DATE_TIME>. seen in out patient <DATE_TIME>, instructed to return to the ed <DATE_TIME>",251,Abdominal pain,Gastrointestinal,silver,
Followup surgery @ <LOCATION>/ablation,865,Post-operative complications,General and Minor,silver,
pt got in aurgement with brother and put a knife to his own wrist. two superficial marks on left wrist.,351,Depression/suicidal/deliberate self-harm,Mental Health,silver,
premature labor pains <DATE_TIME>,458,"Pregnancy issues, >20 weeks",OB/GYN,silver,
possible labor contractions,458,"Pregnancy issues, >20 weeks",OB/GYN,silver,
pain with urination for <DATE_TIME>,307,UTI complaints,Genitourinary,silver,
contractions,458,"Pregnancy issues, >20 weeks",OB/GYN,silver,
prenatal,457,"Pregnancy issues, <20 weeks",OB/GYN,silver,
Beta #2,457,"Pregnancy issues, <20 weeks",OB/GYN,silver,
Labor check,458,"Pregnancy issues, >20 weeks",OB/GYN,silver,
IV iron #2,864,Pallor/anemia,General and Minor,silver,
IV iron #2,861,Prescription/medication request,General and Minor,silver,
IV ironn #3,861,Prescription/medication request,General and Minor,silver,
spotting,455,Vaginal bleed,OB/GYN,silver,
"""Contractions are getting more intense and more closer""",458,"Pregnancy issues, >20 weeks",OB/GYN,silver,
hyperventilating,654,Hyperventilation,Respiratory,silver,
Hyper ventilating and cramping,654,Hyperventilation,Respiratory,silver,
"bullet wound to chest, has entry and no exit",803,Isolated chest trauma—penetrating,Trauma,silver,
"Left chest laceration (1cm x 0.5cm) from bullet shrapnel; lacerations to left thumb, index, and middle finger; bleeding controlled on arrival",804,Isolated chest trauma—blunt,Trauma,silver,
tonsil swollen,104,Neck swelling/pain,ENT - Mouth/Throat/Neck,silver,
peritonsilar abcess,104,Neck swelling/pain,ENT - Mouth/Throat/Neck,silver,
pt. is here for a follow-up for abdominal pain,251,Abdominal pain,Gastrointestinal,silver,
"Recheck light headed, chest pain, side pain",3,Chest pain—cardiac features,Cardiovascular,silver,
F/U Hip clicking and abnormal gait,559,Pediatric gait disorder/painful walk,Orthopedic,silver,
other eyelid problem (right eyelid),711,Other skin conditions,Skin,silver,
screwdriver fell on his eye that fell about a foot down to him,510,Eye trauma,Ophthalmology,silver,
right eye brow laceration,704,Laceration/puncture,Skin,silver,
"PT PRESENTS TO <PERSON> WITH RUQ ABD PAIN THAT STARTED ON <DATE_TIME>, WITH N/V AND DIARRHEA, NO DIARRHEA OR VOMITING <DATE_TIME>",251,Abdominal pain,Gastrointestinal,silver,
Patient is here with complaints of a head cold.,154,URTI complaints,ENT - Nose,silver,
work note post surgery,865,Post-operative complications,General and Minor,silver,
F/U HTN,6,Hypertension,Cardiovascular,silver,
arrived via EMS and Aircare crew.,999,Unknown,General and Minor,silver,
F/U bilateral radius fxs,556,Upper extremity injury,Orthopedic,rule,FOREARM_FRACTURE
PT PRESENTS TO <PERSON> WITH BILATERAL ARM SPLINTS FOR FOLLOW UP XRAYS FROM FALL OFF HONDA <DATE_TIME>,859,Imaging tests,General and Minor,silver,
"Struck by car just PTA abrasion to right knee, Left leg and bilateral feet",702,Sting,Skin,silver,
at <DATE_TIME> was struck by truck on sidewalk. L leg injury. denies other injuries or pain,557,Lower extremity injury,Orthopedic,silver,
peds vs auto LLE abrasions L thigh hematoma,557,Lower extremity injury,Orthopedic,silver,
f/u mva injuries,802,Major trauma—blunt,Trauma,rule,MAJOR_TRAUMA_BLUNT
"""chest doesn't feel right""",3,Chest pain—cardiac features,Cardiovascular,silver,
"f/u heart attack, med refill",861,Prescription/medication request,General and Minor,silver,
Poisoning by <PERSON>,752,Overdose ingestion,Substance Misuse,silver,
22 m o F here for ingesting clorox,752,Overdose ingestion,Substance Misuse,silver,
"pt medivac'd in for possible bleach ingestion @ 1500, grandma states she immediately vomited, clear bs bil, bs in all quads, no airway compromise",752,Overdose ingestion,Substance Misuse,rule,OVERDOSE
"<DATE_TIME> female, must've ate a lisinopril 10mg tablet, her aunt takes <DATE_TIME> of 20mg lisinopril, from a fliptop tray.",752,Overdose ingestion,Substance Misuse,silver,
possible blood pressure ingestion,752,Overdose ingestion,Substance Misuse,rule,OVERDOSE
pt possibly ingested 10mg lisinopril approx 5hrs before arrival.,752,Overdose ingestion,Substance Misuse,silver,
"recheck after being dx'd with flu on <DATE_TIME>, mom states coughing is loose and productive now, no fever since <DATE_TIME>, taking tamiflu, moist mm, afebrile, rhonchi scattered bil",154,URTI complaints,ENT - Nose,silver,
"Chest pain, mid sternal , ""feels like someone squeezing my chest and is sharp"" denies injury. <DATE_TIME>. Pt denies NVD. A&Ox4. EKG in Triage",3,Chest pain—cardiac features,Cardiovascular,silver,
F/U from Heart Attack,866,Minor complaints NOS,General and Minor,silver,
right side abd pain,251,Abdominal pain,Gastrointestinal,silver,
staple removal sx site,857,Removal staples/sutures,General and Minor,silver,
Mother called clinic for <DATE_TIME> female for sudden high fever and was close contact of a positive <PERSON> case,851,Exposure to communicable disease,General and Minor,silver,
"Other respiratory Illness, Possible close contact to a positive <PERSON>",851,Exposure to communicable disease,General and Minor,silver,
"Authorized in from <LOCATION>, feverr 104 x <DATE_TIME>, hypoxia. upper respirations for <DATE_TIME>. close contact with Positive covid family member. was given tylenol and motrin in the clinic",651,Shortness of breath,Respiratory,rule,COVID_RESPIRATORY
F 18 yo here for possible miscarriage,457,"Pregnancy issues, <20 weeks",OB/GYN,silver,
"bleeding from vagina, in <DATE_TIME> of pregnancy",458,"Pregnancy issues, >20 weeks",OB/GYN,silver,
"alert, nad,",866,Minor complaints NOS,General and Minor,silver,
SAB f/u from ER.,457,"Pregnancy issues, <20 weeks",OB/GYN,silver,
MISCARRIAGE,457,"Pregnancy issues, <20 weeks",OB/GYN,silver,
Emergency Contraceptive Pill: Plan B,866,Minor complaints NOS,General and Minor,silver,
"Wants plan B. Had unprotected sex <DATE_TIME> morning, <DATE_TIME>",866,Minor complaints NOS,General and Minor,silver,
Blood Draw,866,Minor complaints NOS,General and Minor,silver,
"Authorized in from <LOCATION>, snow machine accident <DATE_TIME>, left wrist/hand pain/sewlling",556,Upper extremity injury,Orthopedic,silver,
"syncopal episode, A 4 days",8,Syncope/pre-syncope,Cardiovascular,silver,
Follow up recent cold/flu symptoms. <DATE_TIME> work fitness exam.,866,Minor complaints NOS,General and Minor,silver,
YELLOW EYES,261,Jaundice,Gastrointestinal,silver,
Pt passing through <LOCATION>,999,Unknown,General and Minor,silver,
"Jaundice, vomiting, coughing",261,Jaundice,Gastrointestinal,silver,
Hosp D/C (RD @4),999,Unknown,General and Minor,silver,
"4 yo sent from ALaska Pediatric Surgeyr to have CBC, PT/INR, CMP and direct bilirubin drawn s/p liver biopsy. Denies any pain or other complaints",865,Post-operative complications,General and Minor,rule,POST_OP
D/c F/u Bib mom <PERSON> <PHONE_NUMBER>,999,Unknown,General and Minor,silver,
Steroid sick day planning here with mom,999,Unknown,General and Minor,silver,
respiratory difficulty. not feeling well x <DATE_TIME>. <PERSON> and steroid prior to,651,Shortness of breath,Respiratory,silver,
Follow up,999,Unknown,General and Minor,silver,
staple removal from abdominal suegery,857,Removal staples/sutures,General and Minor,silver,
Wound check.,710,Wound check,Skin,silver,
"atv accident. right wrist right toe pain, facial lacs. etoh. pt was driver of atv",802,Major trauma—blunt,Trauma,silver,
Needs Casting /Suture removal,857,Removal staples/sutures,General and Minor,silver,
right toe redislocated,557,Lower extremity injury,Orthopedic,silver,
"<DATE_TIME> child here fro recheck on right arm injury which happened yesterady, seen by <PERSON> and reported to <PERSON>, was asked to follow up <DATE_TIME>, child still in pain, dosent want any one to touch her right arm <DATE_TIME>,eating <DATE_TIME>, but in <LOCATION>",858,Cast check,General and Minor,silver,
musculoskeletal 2 possible closed fracture,999,Unknown,General and Minor,silver,
unknown caus eof pain,999,Unknown,General and Minor,silver,
"<DATE_TIME> female recheck for unknown cause of pain at right arm and now left also, so both side arm pain, fever,",999,Unknown,General and Minor,silver,
"auth from <LOCATION> for L/&R arm pain s/p fall a efw days ago, & developed fever of unknown origin.",865,Post-operative complications,General and Minor,rule,POST_OP
"Pt fell <DATE_TIME> and injured right elbow Now having fever and swelling. Pt falling asleep during triage, acting age appropriate, NAD.",555,Lower extremity pain,Orthopedic,silver,
seizures x 4 in village. arrived via medivac postital. moving appropriately.,405,Seizure,Neurologic,silver,
emergency 38 other medical emergency and care of patient while waiting for medivac,999,Unknown,General and Minor,silver,
"<DATE_TIME> child here for unresponsiveness, was sleeping and body started shaking and started looking like he was choking, uncle brought him into living room where <PERSON> was who has costudy of him right now, no cry not responding to chaps",401,Altered level of consciousness,Neurologic,silver,
"Authorized in from <LOCATION>, possible seizure activity with fever, valium 8mg pr and tylenol given in clinic. family states has seizure like activity everydsay",405,Seizure,Neurologic,silver,
Hosp D/C here with uncle/<PERSON>. <PHONE_NUMBER>cell,999,Unknown,General and Minor,silver,
f/u weight check here with uncle/<PERSON>. <PHONE_NUMBER>cell,999,Unknown,General and Minor,silver,
"BIB <PERSON> for fall after seizure, known seizure disorder, states pt fell and hit head on table. No distress in triage, pt calm and cooperative. Recent discharge for seizures.",405,Seizure,Neurologic,silver,
hosp f/u here with uncle/<PERSON>. <PHONE_NUMBER>cell,999,Unknown,General and Minor,silver,
"Brought in by <PERSON> for vomiting. She states ""he was admitted for seizures. Just to be on the safe side I want him checked out."" <PERSON> is appropriately curious of surroundings. NAD.",257,Nausea and/or vomiting,Gastrointestinal,silver,
f/u seizure medication staying at <LOCATION>. lake leave <DATE_TIME> concerns for shaking/inbalancement <DATE_TIME>,405,Seizure,Neurologic,silver,
"H&P audiology f/u epilepsy staying at pt housing leave-unknown concerns for ""fever"" redness of ears and cheeks- hot to the touch, imbalanceness and more frequent seizures",852,Fever,General and Minor,silver,
Suicide attempt with medications Took 2400 mg of Wellbutin vomited after ingesting medication,351,Depression/suicidal/deliberate self-harm,Mental Health,rule,SUICIDAL
at <DATE_TIME> took 28 pills (seroquel) stated the intent was suicide.,351,Depression/suicidal/deliberate self-harm,Mental Health,rule,SUICIDAL
was told he had to come to the clinic for a f/u . wans't sure what follow up he needed.,866,Minor complaints NOS,General and Minor,silver,
"pt. is here for a follow-up for constipation, state he is still constipated",253,Constipation,Gastrointestinal,silver,
Cough and fever for <DATE_TIME>,154,URTI complaints,ENT - Nose,silver,
"fever since <DATE_TIME>, poor appetite",852,Fever,General and Minor,silver,
<PERSON> and lowgrade fever,852,Fever,General and Minor,silver,
pain in left upper chest. was riding a bycycle and crashed into wires on potentially entering upper chest. no sub Q air noted. trach midline. VSS zero distress noted. child is laughing and acting per age.,804,Isolated chest trauma—blunt,Trauma,silver,
Wound check L collarbone,710,Wound check,Skin,silver,
Wound reevaluation,710,Wound check,Skin,silver,
"<DATE_TIME> male fever, cough since <DATE_TIME>",154,URTI complaints,ENT - Nose,silver,
Common Cold,154,URTI complaints,ENT - Nose,silver,
<DATE_TIME> male here for recheck cough since <DATE_TIME>,154,URTI complaints,ENT - Nose,silver,
"cough, fever for <DATE_TIME>",154,URTI complaints,ENT - Nose,silver,
hosp. f/u,855,Direct referral for consultation,General and Minor,silver,
Fever and unabe to be confortaed and stop crying. Father says she's been having black in her stool. Not eating or drinking now since <DATE_TIME>. Maybe consitpated.,867,Inconsolable crying,General and Minor,silver,
"Authorized in from <LOCATION>, for the last <DATE_TIME> running a fever, black stools, not eating or drinking since <DATE_TIME>. Temp in clinic 102.7 was given 180mg in clinic",260,Blood in stool/melena,Gastrointestinal,silver,
"Authorized in from <LOCATION> with guardian <DATE_TIME>, seen in ed related to a fever and constipation. Here for a follow-up, slept <DATE_TIME>, two wet diapers, eating during triage",855,Direct referral for consultation,General and Minor,silver,
"Authorized in from <LOCATION> <DATE_TIME> frlated to fever, here <DATE_TIME> for third follow-up",855,Direct referral for consultation,General and Minor,silver,
PT BIBAA from home village for RLQ abdominal pain and suspected appy. Pt is calm and coop and accompanied by mother. <PERSON> is currently laying on hospital stretcher and playing with toy.,251,Abdominal pain,Gastrointestinal,silver,
"Head Trauma,",407,Head injury,Neurologic,silver,
fell off high chair <DATE_TIME>,407,Head injury,Neurologic,silver,
"fell from standing on highchair, fell and hit front of head on wood floor. vomiting after. 7 times total.",407,Head injury,Neurologic,silver,
immunizations due,999,Unknown,General and Minor,silver,
fever and coughing,154,URTI complaints,ENT - Nose,silver,
Acute Otitis Media Right ear common cold,51,Earache,ENT - Ears,silver,
"<DATE_TIME> female, fever and breathing funny,",651,Shortness of breath,Respiratory,silver,
AOM,51,Earache,ENT - Ears,silver,
"cough and congestion x <DATE_TIME>,",653,Cough/congestion,Respiratory,silver,
F/U ED visit for Fever/RSV,852,Fever,General and Minor,silver,
run over by ATV going slow abrasion to right facial cheek no other obvious injuries,703,Abrasion,Skin,silver,
got ran over a four wheeler at <DATE_TIME> both front and back wheels over head and body,802,Major trauma—blunt,Trauma,silver,
Other Trauma Injury,802,Major trauma—blunt,Trauma,silver,
fell off the 4 wheeler,802,Major trauma—blunt,Trauma,silver,
Pt bib dad from <LOCATION> for BIL mandibular fx r/t an ATV accident <DATE_TIME>. Pt was not wearing a helmet. Tolerating PO okay. has been NPO since <DATE_TIME>. Swelling noted to face. Acting Age appropriate.,802,Major trauma—blunt,Trauma,silver,
"PT PRESENTS TO <PERSON> VIA MEDEVAC AUTH IN AFTER FALLING OFF ATV WITH BROTHER AND POSSIBLE HEAD BEING RUN OVER BY ATV, PT IN C GCS 15, EMESIS X 1 IN FLIGHT",802,Major trauma—blunt,Trauma,silver,
Severe SOB,651,Shortness of breath,Respiratory,silver,
9 m/o female with SOB and fever,651,Shortness of breath,Respiratory,silver,
hosp F/U bib mom <PERSON> <PHONE_NUMBER>,866,Minor complaints NOS,General and Minor,silver,
"rash hand, fatigue",708,Rash,Skin,silver,
right thigh edema,10,Bilateral leg swelling/edema,Cardiovascular,silver,
"fever, eyes glazed, shovering,, tachypnea",852,Fever,General and Minor,silver,
"Snowboarding accident, laceration to lower lip, possible loss of 3-4 teeth. unknown LOC",802,Major trauma—blunt,Trauma,silver,
"pt coming from <LOCATION> for sledding accident, no LOC, sustained lower lip lac and maxilla fx, missing 4 teeth. VSS en route , given morphine/ibu/tylenol/unasyn PTA. NPO since <DATE_TIME>. GCS 15",802,Major trauma—blunt,Trauma,silver,
Follow up lower lip lacerations,710,Wound check,Skin,silver,
"Abdominal pain. Umbilicus, radiating to RLQ.",251,Abdominal pain,Gastrointestinal,silver,
S/P Lap Appy,865,Post-operative complications,General and Minor,rule,POST_OP
"PT PRESENTS TO <PERSON> WITH COUGH AND HEADACHE X <DATE_TIME> AND VOMITING THAT STARTED <DATE_TIME>, EMESIS X 2",257,Nausea and/or vomiting,Gastrointestinal,silver,
FV - S/P Lap Appy,865,Post-operative complications,General and Minor,rule,POST_OP
appendix out <DATE_TIME>. Mom states they punctured her liver and she is complaining of belly button pain. incisions look good. small ecchymosis around umbilicus,865,Post-operative complications,General and Minor,silver,
"Cough, vomting",257,Nausea and/or vomiting,Gastrointestinal,silver,
F/U ER,866,Minor complaints NOS,General and Minor,silver,
Right upper abd pain,251,Abdominal pain,Gastrointestinal,silver,
Coughing,653,Cough/congestion,Respiratory,silver,
<PERSON> no dehydration Bronchiolitis,7,General weakness,Cardiovascular,rule,DEHYDRATION
mom called on call phone with <DATE_TIME> that has been fevering for <DATE_TIME> and progressively gotten worse with coughing.,154,URTI complaints,ENT - Nose,silver,
"Fever, cough, SOB",154,URTI complaints,ENT - Nose,silver,
"Re-check after dc from INPT <DATE_TIME> for RSV, dehydration; mother states baby had a low-grade fever <DATE_TIME>, which resolved with tylenol; pt had approx 8fl oz of milk with 2 wet diapers since <LOCATION> <DATE_TIME>; says WOB has improved",7,General weakness,Cardiovascular,rule,DEHYDRATION
right shoulder pain,554,Upper extremity pain,Orthopedic,silver,
"High blood pressure, chest pain",3,Chest pain—cardiac features,Cardiovascular,silver,
Medication shot,861,Prescription/medication request,General and Minor,silver,
"pt requesting return to work, does not have <NRP>",861,Prescription/medication request,General and Minor,silver,
suicidal ideation/homicidal ideation,351,Depression/suicidal/deliberate self-harm,Mental Health,rule,SUICIDAL
"15 yof here for being suicidal , unable to do exam or questions, refusing care",351,Depression/suicidal/deliberate self-harm,Mental Health,rule,SUICIDAL
suicidal patient,351,Depression/suicidal/deliberate self-harm,Mental Health,rule,SUICIDAL
Cough and fever x <DATE_TIME>. left ear pain <DATE_TIME>,154,URTI complaints,ENT - Nose,silver,
"<DATE_TIME> female infant coughing, congested cough, was recently hospitialized just came back from , others at home coughing, no fever, just wants a check up on lungs, infant vomiting milk from coughing or diffrent water, after comming home,",653,Cough/congestion,Respiratory,silver,
common cold,154,URTI complaints,ENT - Nose,silver,
fever x <DATE_TIME>.,852,Fever,General and Minor,silver,
F/U ED,866,Minor complaints NOS,General and Minor,silver,
fast breathing,651,Shortness of breath,Respiratory,silver,
"Authorized in from <LOCATION> with guardian, <DATE_TIME> developed wheezing and fever. given motrin, rocephin and steroids. hx rsv",657,Allergic reaction,Respiratory,silver,
F/U from ER. Coughing and breathing issues.,653,Cough/congestion,Respiratory,silver,
chest xray f/u,859,Imaging tests,General and Minor,silver,
F/u CT.,859,Imaging tests,General and Minor,silver,
mother was assaulted while child was on back,802,Major trauma—blunt,Trauma,silver,
Assaulted,802,Major trauma—blunt,Trauma,silver,
reported that pt was struck in the head with a wood board and was puntched in the chest.,802,Major trauma—blunt,Trauma,silver,
"Authorized in from <LOCATION>, related to physcial assault, seen in ed <DATE_TIME>. Here for medical follow-up",866,Minor complaints NOS,General and Minor,silver,
"weight loss, vomiting after eating. possible dehydration. Crying tears, producing wet diapers. Active, pink, and warm.",7,General weakness,Cardiovascular,rule,DEHYDRATION
f/u hosp D/C bib mom <LOCATION><PHONE_NUMBER>,866,Minor complaints NOS,General and Minor,silver,
F/U hosp D/C bib mom <PERSON>,866,Minor complaints NOS,General and Minor,silver,
"Weight Check,with Mother/<PERSON>",866,Minor complaints NOS,General and Minor,silver,
"Pt BIB Mom for a cough for <DATE_TIME>. pt had ""surgery on his stomach"" <DATE_TIME>. <PERSON> has good PO intake a good wet diapers per mom.",653,Cough/congestion,Respiratory,silver,
<DATE_TIME> M here for difficulty breathing,651,Shortness of breath,Respiratory,silver,
possible Bronchiolitis,653,Cough/congestion,Respiratory,silver,
"Patient is here for cough, mom said for <DATE_TIME> now.",653,Cough/congestion,Respiratory,silver,
Very sick child,866,Minor complaints NOS,General and Minor,silver,
"hosp. dc, rsv",866,Minor complaints NOS,General and Minor,silver,
"mom <PERSON>, hospital d/c and respritory distress",651,Shortness of breath,Respiratory,silver,
mom <PERSON><PHONE_NUMBER> CO here for Hosp F/U resp distress baby goes by <PERSON>,651,Shortness of breath,Respiratory,silver,
Here for F/U hosp. resp. distress.,651,Shortness of breath,Respiratory,silver,
"possible seizure, new onset. States baby was up and started shaking. no fever no history of seizure activity. Possibly could have turned blue for a short period of time. mom reports that baby fell <DATE_TIME> and hit head, no loc.",405,Seizure,Neurologic,silver,
pt mother states 2 seizures overnight,405,Seizure,Neurologic,silver,
"Bilateral periorbital swelling, bilateral below the knee swelling, intermittent fever, and abdominal distention",10,Bilateral leg swelling/edema,Cardiovascular,silver,
hospital f/u; consiptaion,253,Constipation,Gastrointestinal,silver,
"discharged form Peds <DATE_TIME>, mother say abdome bloat and pt not eating, well, hypo active left lower abdomen normal rest, has morea appointments <DATE_TIME>, stooled just before coming, mom wants tylenol or motrin in case of fever",263,Abdominal mass/distention,Gastrointestinal,silver,
f/u constipation here with mom. <PHONE_NUMBER>,253,Constipation,Gastrointestinal,silver,
constipation,253,Constipation,Gastrointestinal,silver,
immunizations due.,866,Minor complaints NOS,General and Minor,silver,
"<DATE_TIME> male bib foster mother, mother called on-call stating baby has a fever of 101.4 rectal temp.",852,Fever,General and Minor,silver,
sick child. no dehydration,7,General weakness,Cardiovascular,rule,DEHYDRATION
Temperature 102.0,852,Fever,General and Minor,silver,
f/u surgery,865,Post-operative complications,General and Minor,silver,
Constipation,253,Constipation,Gastrointestinal,silver,
8 m/o male with blood in stool that started at <DATE_TIME> on <DATE_TIME>. <PERSON> had surgery for undescended testicle on <DATE_TIME>,260,Blood in stool/melena,Gastrointestinal,silver,
pt with bloody diarrhea since <DATE_TIME> .,254,Diarrhea,Gastrointestinal,silver,
here for f/u on possibly infected umbilicus,866,Minor complaints NOS,General and Minor,silver,
"Fever of <DATE_TIME>. Taking PO, voiding, no cough or nasal drainage. Active, moves all extremities equally. Skin war, pink, and dry. Vaccines <DATE_TIME>.",852,Fever,General and Minor,silver,
Cough and fever X <DATE_TIME>. Temp 102.1 in clinic. Brought in by medevac.,154,URTI complaints,ENT - Nose,silver,
<DATE_TIME> check up and immunizations,866,Minor complaints NOS,General and Minor,silver,
<DATE_TIME> well child care,866,Minor complaints NOS,General and Minor,silver,
"<DATE_TIME> Female has burned from hot tea that happened 4:35pm. Skin is peeling and has white clear fluid filled pockets on cheeks, skin and part of chest.",705,Burn,Skin,silver,
FV s/p burns to face chest and R arm,865,Post-operative complications,General and Minor,rule,POST_OP
"sick child, fever AOM",154,URTI complaints,ENT - Nose,silver,
"<DATE_TIME> female with fever, discharged from AMNC <DATE_TIME> from burns,",852,Fever,General and Minor,silver,
"Vomiting started <DATE_TIME>, first time after eating supper. The mother didn't think the <NRP> oanges looked good. Vomited 5 more times during <DATE_TIME> in small amounts. Last wet diaper was <DATE_TIME>.",257,Nausea and/or vomiting,Gastrointestinal,silver,
"Pt BIBAA from <PERSON> for suspected/visualized 1cm appy on imaging. Pt escorted by grandma and is currently sitting on hosptial stretcher, nad. per transport team pt endorsed <PHONE_NUMBER> pain. hx of cpt1a, bgl stable enroute.",251,Abdominal pain,Gastrointestinal,silver,
FV Lap appy <DATE_TIME>,865,Post-operative complications,General and Minor,silver,
well child that was vomiting <DATE_TIME> but is not any more.,257,Nausea and/or vomiting,Gastrointestinal,silver,
baby has been vomiting since she woke up at <DATE_TIME> but it seems to be subsiding.,257,Nausea and/or vomiting,Gastrointestinal,silver,
"Authorized in from <LOCATION> with Guardian. has been not eating well, constipated and possible seizure activity lasting <DATE_TIME>. FSBS 61",405,Seizure,Neurologic,silver,
"Initial call was not breathing, and child was slightly pale coming in but breathing just asleep.",660,Apneic spells in infants,Respiratory,silver,
"Possible seizure, constapation ongoing, Imms due,sleep apnea possibility.",405,Seizure,Neurologic,silver,
CO here for F/U Hosp D/C,865,Post-operative complications,General and Minor,silver,
"Mom reports baby w/ ABD pain sensative to palpation since <DATE_TIME>. She has been passing yellow, hard, painful stools. Baby has been crying & difficult to console in triage. She eventually stopped after <DATE_TIME>.",867,Inconsolable crying,General and Minor,silver,
CO here for seizures,405,Seizure,Neurologic,silver,
thrush,866,Minor complaints NOS,General and Minor,silver,
mouth 6 thrush,866,Minor complaints NOS,General and Minor,silver,
"High fever, 103.1 under arm at home. Temp 103.6 Rectal when first got here. <DATE_TIME> after tylenol that was taken at 12:30am at home and <DATE_TIME> after coming in fever went down to 102.6 R",852,Fever,General and Minor,silver,
Fever in infant <DATE_TIME>,852,Fever,General and Minor,silver,
weight and bili check tcb :14.6,267,Neonatal jaundice,Gastrointestinal,silver,
C/o presents for weight check and circumcision check,866,Minor complaints NOS,General and Minor,silver,
"allergic reaction, eye swelling",657,Allergic reaction,Respiratory,rule,ALLERGIC_REACTION
Lethargic,7,General weakness,Cardiovascular,silver,
"<DATE_TIME> male CC: fussy <DATE_TIME> unable to comforted and to eat normally, started feeling hot and didn't have a thermometer.",867,Inconsolable crying,General and Minor,silver,
"<PERSON>, Penumonia",651,Shortness of breath,Respiratory,silver,
"Authorized in from <LOCATION>, for <DATE_TIME> has had a cough, with fever and decreased appitiet <DATE_TIME>. gave saline neb in clinic",154,URTI complaints,ENT - Nose,silver,
"Seen in <LOCATION> <DATE_TIME> related to fever, cough. Here for a follow-up",154,URTI complaints,ENT - Nose,silver,
Seen in er x 3 <DATE_TIME>. here for a follow-up,866,Minor complaints NOS,General and Minor,silver,
burn to chest and right arm / underarm and right flank. Spilled hot water/tea on skin,705,Burn,Skin,silver,
See trauma documentation.,802,Major trauma—blunt,Trauma,silver,
<DATE_TIME> CD F/U,866,Minor complaints NOS,General and Minor,silver,
Pt here for dressing change for burns to chest and R arm. <PERSON> occurred <DATE_TIME>. Pt father states outpatient clinics closed d/t holidays and was instructed to come here.,856,Dressing change,General and Minor,silver,
s/p partial thickness burns to chest and right arm,865,Post-operative complications,General and Minor,rule,POST_OP
"pt with hx of 2nd degree burn on <DATE_TIME>, appt <DATE_TIME> with wound care <PERSON>, but dad wants wound checked <DATE_TIME>. pt interactive and playful in triage.",710,Wound check,Skin,silver,
burn follow up,710,Wound check,Skin,silver,
urinary frequency,309,Polyuria,Genitourinary,silver,
pt here for reeval for <LOCATION> pain,866,Minor complaints NOS,General and Minor,silver,
normal appearing child,866,Minor complaints NOS,General and Minor,silver,
check her ears,51,Earache,ENT - Ears,silver,
other cause of decreased level of consciousness,401,Altered level of consciousness,Neurologic,silver,
"breathing funny not responsive,",401,Altered level of consciousness,Neurologic,silver,
BIB Guardian flight from <LOCATION> with respiratory distress and low hemoglobin. Intubated prior to transfer. Coded in flight TOD 1808. <LOCATION> confirmed at <DATE_TIME>.,1,Cardiac arrest (non-traumatic),Cardiovascular,silver,
"Ingestion of toxins, GasX",752,Overdose ingestion,Substance Misuse,rule,OVERDOSE
"Follow up from <DATE_TIME> possible ingestion of apap and gas x. Pt pleasant, playing, smiling, drinking milk and running around. Eating and drinking. Stool sample obtained from 0630.",752,Overdose ingestion,Substance Misuse,rule,OVERDOSE
Left cheek swollen,709,Localized swelling/redness,Skin,silver,
"Legs swollen, anemia, lice, tooth infection",10,Bilateral leg swelling/edema,Cardiovascular,silver,
atv accident. left leg injury.,557,Lower extremity injury,Orthopedic,silver,
"Chest pain, radiating to left arm",3,Chest pain—cardiac features,Cardiovascular,silver,
"CP onset <DATE_TIME>, took MOM at home with some decrease but then pain returned",4,Chest pain—non-cardiac features,Cardiovascular,silver,
Hospital F/u,855,Direct referral for consultation,General and Minor,silver,
Stitches Removal,857,Removal staples/sutures,General and Minor,silver,
infant choked AWAKE,656,Respiratory foreign body,Respiratory,silver,
"pt swallow unknown object. breathing, and eating fine. choked in clinic.",265,Oral/esophageal foreign body,Gastrointestinal,silver,
<DATE_TIME> M with thrush <DATE_TIME>,154,URTI complaints,ENT - Nose,silver,
"pt medivac'd in per <NRP> after rollover mvc accident, pt does not remember the accident, no c/o other than that",802,Major trauma—blunt,Trauma,silver,
"SOB, fever",852,Fever,General and Minor,silver,
"coughing, flu",154,URTI complaints,ENT - Nose,silver,
"recheck, SOB, never eat <DATE_TIME>, vomiting, coughing very congested",651,Shortness of breath,Respiratory,silver,
mom concerned about daughters red eyes getting worse,506,"Red eye, discharge",Ophthalmology,silver,
Eye 1: Conjunctivitis (Pink eye),506,"Red eye, discharge",Ophthalmology,silver,
conjunctivitis,506,"Red eye, discharge",Ophthalmology,silver,
<DATE_TIME> female recheck conjunctivitis,511,Re-check eye,Ophthalmology,silver,
recheck eyes,511,Re-check eye,Ophthalmology,silver,
"Authorized in from <LOCATION>, for <DATE_TIME> ahs been sick and not eating good. poor feeding and eye drainiage. not active",506,"Red eye, discharge",Ophthalmology,silver,
recheck conjuctivies: eye 1,511,Re-check eye,Ophthalmology,silver,
<DATE_TIME> female recheck bilateral conjunctivitis,511,Re-check eye,Ophthalmology,silver,
PT PRESENTS TO ED FROM VILLAGE FOR INJURY TO RIGHT ARM,556,Upper extremity injury,Orthopedic,silver,
"Pt brought in as a MedEvac, pt had a slip and fall at <DATE_TIME> where she injured her right arm, obvious deformity was noted on scene. No LOC. Pt was casted and accepted by ortho. Pt stable on arrival, mother at bedside.",556,Upper extremity injury,Orthopedic,silver,
right arm fracture after a slip and fall,556,Upper extremity injury,Orthopedic,silver,
ORIF AND XRAY,859,Imaging tests,General and Minor,silver,
3wk f/u R humerus fx,556,Upper extremity injury,Orthopedic,silver,
"<LOCATION> accident, fell off and front wheel ran over legs. c/o right leg hurting",557,Lower extremity injury,Orthopedic,silver,
Recheck,866,Minor complaints NOS,General and Minor,silver,
Mother brings in <DATE_TIME> female for high fever,852,Fever,General and Minor,silver,
Acute Otitis Media,51,Earache,ENT - Ears,silver,
"recheck, given 2nd dose of <NRP> 390mg IM at <DATE_TIME>, fever comes everytime her tylenol or motrin wear off. she is sleeping real lots. her eating is <DATE_TIME> and half",852,Fever,General and Minor,silver,
very sick child child 1,869,Newly Born,General and Minor,silver,
Authorized in from <LOCATION>. has been treated for ear infection and is teething. Fever since <DATE_TIME>. Was given rocephin and augmentin. Tylenol last given at <DATE_TIME>. R/O meningitis. FSBS 108,852,Fever,General and Minor,silver,
genetics,868,Congenital problem in children,General and Minor,silver,
"fever x <DATE_TIME>, nasal drainage, decreased urinary output,",852,Fever,General and Minor,silver,
F/U ER flu,154,URTI complaints,ENT - Nose,silver,
Febrile,852,Fever,General and Minor,silver,
f/u respritory bib mom <PERSON> and escort staying at guest house leave: tomrrow <PERSON> and <PERSON> BN: <PERSON>,154,URTI complaints,ENT - Nose,silver,
vitals for rural provider,999,Unknown,General and Minor,silver,
"vomiting diarrhea and bloated abdomen, had 102 fever <DATE_TIME>",257,Nausea and/or vomiting,Gastrointestinal,silver,
very sick child,869,Newly Born,General and Minor,silver,
add VS,999,Unknown,General and Minor,silver,
sick <DATE_TIME> about 2200 on <DATE_TIME> baby had several loose stools and abd become distened. per mom no urine output. rectal temp 103.4.,257,Nausea and/or vomiting,Gastrointestinal,silver,
bib flight team cpr in progress. ettube in place on arrival. see code flow sheet,1,Cardiac arrest (non-traumatic),Cardiovascular,silver,
<DATE_TIME> immunizrions,999,Unknown,General and Minor,silver,
"<DATE_TIME> baby needs immunizations,",999,Unknown,General and Minor,silver,
fevers 100.8,852,Fever,General and Minor,silver,
baby with vaccines given <DATE_TIME>. temp at home 100.8. temp here 99.6,852,Fever,General and Minor,silver,
temp check,852,Fever,General and Minor,silver,
"vomiting, possible aom",257,Nausea and/or vomiting,Gastrointestinal,silver,
"vomiting, couldnt hold anything in since <DATE_TIME>",257,Nausea and/or vomiting,Gastrointestinal,silver,
"Authorized in from <LOCATION>, related to N/V for <DATE_TIME>, just not eating. Now weakness",257,Nausea and/or vomiting,Gastrointestinal,silver,
"Authorized in from <LOCATION> <DATE_TIME> related to fever and vomiting, was seen in er. Here for a follow-up",865,Post-operative complications,General and Minor,silver,
"hx of cyst to abd, with xurgery x 3. pt is <DATE_TIME> post op. mother states she noticed swelling to surgical site <DATE_TIME>. has been eating well. pt awake, alert, age appropriate.",865,Post-operative complications,General and Minor,rule,POST_OP
wound check,710,Wound check,Skin,silver,
"Increased work of breathing x <DATE_TIME>. 2 wet diapers <DATE_TIME>, not taking fluids <DATE_TIME> or making wet tears. RR 34 with some retractions. Pt cooing and playful.",651,Shortness of breath,Respiratory,silver,
ISO Hospital Discharge,866,Minor complaints NOS,General and Minor,silver,
Follow up vomiting/hospital discharge,257,Nausea and/or vomiting,Gastrointestinal,silver,
wheezing and coughing still,659,Wheezing—no other complaints,Respiratory,silver,
right forefinger injury. tip of finger hanging,704,Laceration/puncture,Skin,silver,
R distal index finger nailbed injury <DATE_TIME> per Dr. <PERSON> (arriving from <LOCATION>),704,Laceration/puncture,Skin,silver,
Febrile Fever,852,Fever,General and Minor,silver,
<DATE_TIME> body stiff,405,Seizure,Neurologic,silver,
"Authorized in from <LOCATION>, has been sick for <DATE_TIME> now, just worsening over <DATE_TIME>. Fever and constipation and increased respirations",852,Fever,General and Minor,silver,
coughing and sob,651,Shortness of breath,Respiratory,silver,
croupy cough,658,Stridor,Respiratory,silver,
f/u inpatient d/c.,866,Minor complaints NOS,General and Minor,silver,
Mother brings in <DATE_TIME> female for high fever that cannot break,852,Fever,General and Minor,silver,
Other respiratory illness,866,Minor complaints NOS,General and Minor,silver,
"had seizure for <DATE_TIME>, her fever must of spike and then her leg start shaking then eyes and then her arms start jerking and then her whole body",405,Seizure,Neurologic,silver,
seizure in child with fever,405,Seizure,Neurologic,silver,
"Authorized in from <LOCATION> with guardian.fever, cough, runny nose for <DATE_TIME>, seizure lasting <DATE_TIME> with a fever of 105 in clinic. tylenol and motrin given <DATE_TIME>",405,Seizure,Neurologic,silver,
follow up post febrile seizure,865,Post-operative complications,General and Minor,silver,
"<DATE_TIME>, rash on body",708,Rash,Skin,silver,
mild allergic reaction,657,Allergic reaction,Respiratory,rule,ALLERGIC_REACTION
Swallowed Foreign Body,265,Oral/esophageal foreign body,Gastrointestinal,silver,
F/U forgein body ingestion,752,Overdose ingestion,Substance Misuse,rule,OVERDOSE
Hosp D/C,865,Post-operative complications,General and Minor,silver,
fever and vomiting since <DATE_TIME>,852,Fever,General and Minor,silver,
"BIB flight from <PERSON> for appy, pt went into clinic for decreased PO intake/N/V. no med hx, pt crying on arrival, acting age appropriate. mother at bedside. given 15mcg fentanyl @0510, abx given at clinic.",257,Nausea and/or vomiting,Gastrointestinal,silver,
HOSP D/C F/Up,865,Post-operative complications,General and Minor,silver,
f/u UTI,307,UTI complaints,Genitourinary,silver,
"<PERSON> / Trip / Fall at <DATE_TIME>. Had seizure lasting 1.5 min. postictal x2 hrs. <DATE_TIME> had another seisure 2 min., postictal x <DATE_TIME>. Hx of seizure in <DATE_TIME>. secondary to ear infection. 500 mg dose keppra given in village.",405,Seizure,Neurologic,silver,
vomiting off and on since sat. had held down pedialyte and water while in the lobby for <DATE_TIME>. two wet diapers <DATE_TIME>. some diarrhea <DATE_TIME>. no fevers.,257,Nausea and/or vomiting,Gastrointestinal,silver,
vomiting since <DATE_TIME>,257,Nausea and/or vomiting,Gastrointestinal,silver,
"nausea,vomiting w/ watery diarrhea",257,Nausea and/or vomiting,Gastrointestinal,silver,
"diarrhea, refusing to eat, lethargic",254,Diarrhea,Gastrointestinal,silver,
CO here for D/C F/Up,866,Minor complaints NOS,General and Minor,silver,
"croup,medivac",658,Stridor,Respiratory,silver,
"cough, congestion, hoarse, retractions",653,Cough/congestion,Respiratory,silver,
Follow up Hospital Discharge,866,Minor complaints NOS,General and Minor,silver,
Left Abdominal pain,251,Abdominal pain,Gastrointestinal,silver,
<DATE_TIME> female here with bad cold,154,URTI complaints,ENT - Nose,silver,
<PERSON> with NO Dehydration,7,General weakness,Cardiovascular,rule,DEHYDRATION
common cold: respiratory 2 other illness with <NRP>,154,URTI complaints,ENT - Nose,silver,
<DATE_TIME> her for recheck,866,Minor complaints NOS,General and Minor,silver,
cough and fever for <DATE_TIME>.,852,Fever,General and Minor,silver,
Authorized in from <LOCATION> with Guardian <DATE_TIME> related to fever/cough. Here for a follow-up,866,Minor complaints NOS,General and Minor,silver,
"Recheck from two previous visits. Pt still has occasional cough, non productive. Mother states pt ""She is doing much better than <DATE_TIME>"" pt vitals stable, pink warm and dry.",653,Cough/congestion,Respiratory,silver,
Possible foreign body in throat,106,Difficulty swallowing/dysphagia,ENT - Mouth/Throat/Neck,silver,
Dental Pain,101,Dental/gum problem,ENT - Mouth/Throat/Neck,silver,
F/u R sided cyst removal,866,Minor complaints NOS,General and Minor,silver,
rght shoulder pain,554,Upper extremity pain,Orthopedic,silver,
right dislocated shoulder. hx of,556,Upper extremity injury,Orthopedic,silver,
"<DATE_TIME> male chief complaint of fever of 100, possible thrush",154,URTI complaints,ENT - Nose,silver,
Normal Appearing Child - No Dehydration,7,General weakness,Cardiovascular,rule,DEHYDRATION
<DATE_TIME> male chief complaint of a fever 100.4,852,Fever,General and Minor,silver,
<PERSON> - No Dehydration,7,General weakness,Cardiovascular,rule,DEHYDRATION
"fever, n/v x <DATE_TIME>",852,Fever,General and Minor,silver,
"Crying a lot for <DATE_TIME> straight, but is able to be comforted. Mom says she see's a couple red spot on his gums in his mouth. Eating/Drinking good. Making wet diapers and booping, but bm's are soft stool with diarrhea.",867,Inconsolable crying,General and Minor,silver,
Other Sores in The Mouth vs Normal Exam,866,Minor complaints NOS,General and Minor,silver,
Immunizations Due,866,Minor complaints NOS,General and Minor,silver,
"Cried for <DATE_TIME> and vomit twice <DATE_TIME>, the last time was all his mild which was <DATE_TIME> and then called 911. Mom says he did get tense while he was crying a lot.",867,Inconsolable crying,General and Minor,silver,
Normal Appearing Child,866,Minor complaints NOS,General and Minor,silver,
"cough, congestion, ear infection",154,URTI complaints,ENT - Nose,silver,
Clearance to fly,866,Minor complaints NOS,General and Minor,silver,
vaccines due,866,Minor complaints NOS,General and Minor,silver,
bad cold,154,URTI complaints,ENT - Nose,silver,
"medevac for fever with difficulty breathing, Last Ibuprofen 1 hr before arrival",651,Shortness of breath,Respiratory,silver,
"<PERSON>,<LOCATION>,lab,panhypopituitarism",863,Abnormal lab values,General and Minor,silver,
cold symptoms,154,URTI complaints,ENT - Nose,silver,
vomit & diarrhea,254,Diarrhea,Gastrointestinal,silver,
pt with vomiting x <DATE_TIME> diarrhea started <DATE_TIME>. cbg 51 in village. held down formula and milk <DATE_TIME>. 91 cbg on arrival.,854,Hypoglycemia,General and Minor,silver,
hypopituitarism,863,Abnormal lab values,General and Minor,silver,
follow up,710,Wound check,Skin,silver,
Illness with wheezing: Bronchiolitis,659,Wheezing—no other complaints,Respiratory,silver,
Mother brings in <DATE_TIME> male for coughing,653,Cough/congestion,Respiratory,silver,
"illness with wheezing: bronchiolitis- WORSE Blood Sugar 90, Covid-19 rapid test Negative",851,Exposure to communicable disease,General and Minor,rule,COVID_EXPOSURE
"recheck bronchiolitis, now breathing using ribs, fussy.",659,Wheezing—no other complaints,Respiratory,silver,
"Fever, BIB Medevac. Gave Tylenol at clinic 1200pm. Temp 99.2 F at triage. Mother states immunizations given <DATE_TIME>. <PERSON> appears to be in no distress.",852,Fever,General and Minor,silver,
Hosp D/c bib mom <PERSON> & dad <PERSON>. <PHONE_NUMBER>,866,Minor complaints NOS,General and Minor,silver,
"started coughing and wheezing lastnight and got worse <DATE_TIME>, he is coughing enough to where it won't be noisey but still is noisey breathing, fever",659,Wheezing—no other complaints,Respiratory,silver,
"recheck pneumonia, congestion back",653,Cough/congestion,Respiratory,silver,
"Authorized in from <LOCATION> with Guardian, related to hypoxia/sob. Recent was admitted to related to Pneumonia and RSV, was discharged <DATE_TIME>. Has still been running a fever",651,Shortness of breath,Respiratory,silver,
D/C F/U: BIB mother <PERSON> and father <PERSON>,866,Minor complaints NOS,General and Minor,silver,
F/up here with parents & <PERSON>,866,Minor complaints NOS,General and Minor,silver,
other illness respiratory respiratory 18,866,Minor complaints NOS,General and Minor,silver,
"recheck respiratory problems, was in the hospital for respiratory illness, discharged on <DATE_TIME>",866,Minor complaints NOS,General and Minor,silver,
follow-up and immunizations,866,Minor complaints NOS,General and Minor,silver,
Illness with Wheezing: Bronchiolitis,659,Wheezing—no other complaints,Respiratory,silver,
"<DATE_TIME> male chief complaint of coughing, runny nose",653,Cough/congestion,Respiratory,silver,
<DATE_TIME> male here for recheck of bronchiolitis,866,Minor complaints NOS,General and Minor,silver,
"Authorized in from <LOCATION> with guardian, related to cough, fever and respiratory issues with hypoxia and tachacardia. direct exposure with covid positive person <DATE_TIME>. fsbs 125",651,Shortness of breath,Respiratory,rule,COVID_RESPIRATORY
<DATE_TIME> male recheck of bronchiolitis,866,Minor complaints NOS,General and Minor,silver,
Recheck Bronchiolitis,866,Minor complaints NOS,General and Minor,silver,
"<DATE_TIME> after eating developed upper abdominal pain radiating into the chest and back with lightheaded, dizziness ""feel like im going to pass out"". increases when lying down. OTC meds with some relief",8,Syncope/pre-syncope,Cardiovascular,silver,
pt brought in Guardian from <LOCATION> for abdominal pain,251,Abdominal pain,Gastrointestinal,silver,
"Dx acute cholecystitis, s/p lap chole",865,Post-operative complications,General and Minor,rule,POST_OP
"pt hit forehead on <DATE_TIME> with no LOC, small abrasion covered with butterfly, V x4 <DATE_TIME>, age approrpriate responses",703,Abrasion,Skin,silver,
Re-check,866,Minor complaints NOS,General and Minor,silver,
mom c/o dehydration and fever x2 days,7,General weakness,Cardiovascular,rule,DEHYDRATION
"cough, decreased intake and output, fever <DATE_TIME>",653,Cough/congestion,Respiratory,silver,
"BIB medic, burns to RLE. Open blisters to right shin area. Intact blisters to right foot. No difficulty breathing. Appears comfortable.",705,Burn,Skin,silver,
"Pt medvac in for blisters on R foot r/t burn. Was sent over from surgery clinic for further pain management. Rx pain meds given are ineffective. Site painful to touch, pt mom unable to clean site r/t pain. Pt calm in triage. NAD, running around room",705,Burn,Skin,silver,
"Pt medvac in for blisters on R foot dt burn x <DATE_TIME>. Was sent over from surgery clinic for further pain management. Rx pain meds given are ineffective. Site painful to touch, pt mom unable to clean site r/t pain.",705,Burn,Skin,silver,
pt medevac in with increased temp and resp. <PERSON> positive.,852,Fever,General and Minor,silver,
positive <PERSON>,999,Unknown,General and Minor,silver,
Wt. check,866,Minor complaints NOS,General and Minor,silver,
immunizations,866,Minor complaints NOS,General and Minor,silver,
Medevac for respiratory distress,651,Shortness of breath,Respiratory,silver,
f/u acute resp. failure,652,Respiratory arrest,Respiratory,silver,
BIB Guardian x COVID positive and respiratory. Last apap taken at <DATE_TIME>,651,Shortness of breath,Respiratory,silver,
both ears draining,55,"Discharge, ear",ENT - Ears,silver,
Bilateral ear drainage,55,"Discharge, ear",ENT - Ears,silver,
<DATE_TIME>.,999,Unknown,General and Minor,silver,
<DATE_TIME> female came in for mouth problems,101,Dental/gum problem,ENT - Mouth/Throat/Neck,silver,
closed head injury <DATE_TIME> with possible seizure like activity x 2 afterwards,407,Head injury,Neurologic,silver,
MRI H&P,999,Unknown,General and Minor,silver,
syncopal episode,8,Syncope/pre-syncope,Cardiovascular,silver,
seen for fever earlier. was given a bag of meds at pharmacy and when she got to the hotel there was no tylenol in it. 102.9 fever on arrival. child active and playful.,852,Fever,General and Minor,silver,
recheck,710,Wound check,Skin,silver,
"sick, coughing",653,Cough/congestion,Respiratory,silver,
"Authorized in from <LOCATION> related to fever, cough, respiratory distress for <DATE_TIME>. Just over the flu",651,Shortness of breath,Respiratory,silver,
"Authorized in from <LOCATION>, has been sick for <DATE_TIME>. Dx with cellulitis to left ear/facila area. taking <LOCATION>. cough, congestion and fever",709,Localized swelling/redness,Skin,rule,LOCALIZED_INFECTION
Hosp D/C here with adoptive parents & <NAME>. <PHONE_NUMBER>,999,Unknown,General and Minor,silver,
"medevac from village + Covid <DATE_TIME>, fever and cough and congestion x <DATE_TIME>. Mom reports ""much better"" than this am",653,Cough/congestion,Respiratory,rule,COVID_COUGH
<DATE_TIME> male brought in by mother for being sick,999,Unknown,General and Minor,silver,
"Authorized in from <LOCATION> related to fever, cough, decreased po intake for <DATE_TIME>. contact with RSV. Taking amoxil",154,URTI complaints,ENT - Nose,silver,
<DATE_TIME> male came in for recheck,710,Wound check,Skin,silver,
fever and dehydration,7,General weakness,Cardiovascular,rule,DEHYDRATION
Follow up,866,Minor complaints NOS,General and Minor,silver,
"diarhea,fever",254,Diarrhea,Gastrointestinal,silver,
crying,867,Inconsolable crying,General and Minor,silver,
"Authorized in from <PERSON> by Guardian, positive covid, fever, and possible seizure activity on <DATE_TIME>. Active, playful, eating, drinking with wet diapers. tylenol at <DATE_TIME>",405,Seizure,Neurologic,silver,
seizure <DATE_TIME> with fever. hx of febrile seizure.,405,Seizure,Neurologic,silver,
bib parents <PERSON> and <PERSON>,999,Unknown,General and Minor,silver,
"Hx febrile sz. Per Mom, pt was sleeping, woke up and ""eyes rolled back of head and he was shaking."" Mom reports cry diminished. Pt in NAD in <LOCATION>. Full term vaginal deliv. no <LOCATION> stay. 4moi vaccines only. Normal wet diapers.",405,Seizure,Neurologic,silver,
f/u fever: BIB mother,852,Fever,General and Minor,silver,
f/u: BIB mother <PERSON> and father <PERSON>,866,Minor complaints NOS,General and Minor,silver,
Seizure activity,405,Seizure,Neurologic,silver,
/u bib mom <PERSON> <PHONE_NUMBER>,999,Unknown,General and Minor,silver,
"mother reports concern for fever 99.0 rectal with pt fussy, tired, cough, runny nose. tylneol @ 2210. immunizations UTD. hx febrile seizure. pt age appropriate. unable to obtain BP.",154,URTI complaints,ENT - Nose,silver,
"Fever and cough since <DATE_TIME>. No cough in triage. Drinking well, eating less per mom. Pt has hx of febrile seizures in <LOCATION>.",154,URTI complaints,ENT - Nose,silver,
hit head and eyes don't seem right,407,Head injury,Neurologic,silver,
Sent in from <LOCATION> for evaluation. Slipped and fell <DATE_TIME>. No LOC. Mom reports patients face was drooping. Mom reports behavior is otherwise pretty normal.,409,Extremity weakness/symptoms of CVA,Neurologic,silver,
Hosp D/C And <LOCATION> bib mom <PERSON> <PHONE_NUMBER>,999,Unknown,General and Minor,silver,
bili check,863,Abnormal lab values,General and Minor,silver,
<DATE_TIME> <PERSON>,999,Unknown,General and Minor,silver,
"Authorized in From <LOCATION> with Guardian. <PERSON> x <DATE_TIME> then fever and hypoxia, 85%RA in villiage. tylenol/motrin at 1030",852,Fever,General and Minor,silver,
Hosp d/c Bib mom <PERSON> <PHONE_NUMBER>,999,Unknown,General and Minor,silver,
Facial swelling,709,Localized swelling/redness,Skin,silver,
Hosp discharge,865,Post-operative complications,General and Minor,silver,
pt brought in by medevac. overdose of known medications,752,Overdose ingestion,Substance Misuse,rule,OVERDOSE
"fevering, dry cough",154,URTI complaints,ENT - Nose,silver,
"respiratory distress, SOB",651,Shortness of breath,Respiratory,silver,
working hard to breath,651,Shortness of breath,Respiratory,silver,
recheck after being seen at .,710,Wound check,Skin,silver,
allergic reaction,657,Allergic reaction,Respiratory,rule,ALLERGIC_REACTION
"Covid + detected in Cough & Cold <DATE_TIME>. Patient mom stated that she was congested and feverish, she has been administering Tylenol last at 2:30p.",653,Cough/congestion,Respiratory,rule,COVID_COUGH
Mom reported that the baby was breathing deeply and congestion.,653,Cough/congestion,Respiratory,silver,
cough since <DATE_TIME>,653,Cough/congestion,Respiratory,silver,
breathing has not improved.,651,Shortness of breath,Respiratory,silver,
HOSP D/C,865,Post-operative complications,General and Minor,silver,
"DIZZINESS, SHORTNESS OF BREATH, DRYMOUTH, NIGHTLY FEVERS",154,URTI complaints,ENT - Nose,silver,
Multiple concerns,866,Minor complaints NOS,General and Minor,silver,
<DATE_TIME> male came in for coughing and fevering,154,URTI complaints,ENT - Nose,silver,
"fever, cough",154,URTI complaints,ENT - Nose,silver,
pt medevac in for fever and sob.,651,Shortness of breath,Respiratory,silver,
<DATE_TIME> female came in for recheck,710,Wound check,Skin,silver,
F/u D/c bib foster parents <PERSON>,710,Wound check,Skin,silver,
f/u,710,Wound check,Skin,silver,
f/u bronchiolitis: BIB father <PERSON>,710,Wound check,Skin,silver,
vomiting and fever,852,Fever,General and Minor,silver,
"wheezing, fever, and vomiting",852,Fever,General and Minor,silver,
"cough, fever , vomiting, fussy, occasional wheezing",852,Fever,General and Minor,silver,
pt. is here for a follow-up for RSV and coughing. <PERSON> reports it is getting worse. dad reports wheezing and fever since <DATE_TIME>,852,Fever,General and Minor,silver,
chest pain x3 <DATE_TIME> with exertion,3,Chest pain—cardiac features,Cardiovascular,silver,
Fever/vomiting/coughing.,852,Fever,General and Minor,silver,
"Cough,fever, loss of appetite, runny nose for <DATE_TIME> seen in outpatient clinic for the same",154,URTI complaints,ENT - Nose,silver,
Hosp D/C,866,Minor complaints NOS,General and Minor,silver,
<PERSON> pos.,851,Exposure to communicable disease,General and Minor,silver,
"no c/c <DATE_TIME>,infant getting immunizations.",869,Newly Born,General and Minor,silver,
Sick,866,Minor complaints NOS,General and Minor,silver,
Flu,154,URTI complaints,ENT - Nose,silver,
fever 100.5 upon arrival from <LOCATION>,852,Fever,General and Minor,silver,
recheck from prior visit,710,Wound check,Skin,silver,
flu recheck,710,Wound check,Skin,silver,
sick,866,Minor complaints NOS,General and Minor,silver,
Fall from standing position,802,Major trauma—blunt,Trauma,silver,
"respiratory distress, runny nose cough.",651,Shortness of breath,Respiratory,silver,
coughing and fever,154,URTI complaints,ENT - Nose,silver,
"Cough, decreased feeding",154,URTI complaints,ENT - Nose,silver,
cp and sob x <DATE_TIME>,3,Chest pain—cardiac features,Cardiovascular,silver,
"chest pain, reoccurring, returned after walking up <DATE_TIME> flight of stairs, took 1 Ntg without change. Pain diminsihes with rest. Denied N/V",3,Chest pain—cardiac features,Cardiovascular,silver,
Immunizations due,869,Newly Born,General and Minor,silver,
coughing,653,Cough/congestion,Respiratory,silver,
Authorized in from <LOCATION> with Guardian. Received shots on <DATE_TIME> then developed a fever and cough. tylenol given at 1000am,154,URTI complaints,ENT - Nose,silver,
<DATE_TIME> came in for a recheck for coughing.,653,Cough/congestion,Respiratory,silver,
Follow up RSV/Bronchi,866,Minor complaints NOS,General and Minor,silver,
coughing and conjestion,653,Cough/congestion,Respiratory,silver,
<DATE_TIME> female came in for recheck,866,Minor complaints NOS,General and Minor,silver,
"Authorized in from <LOCATION>. Has been sick for <DATE_TIME> with cough, fever, runny nose and increased rated of breathing",154,URTI complaints,ENT - Nose,silver,
Authorized in from <LOCATION> with Guardian related to cough and fever x <DATE_TIME>. Sibling also has been sick. tylenol in clinic. BS 91,154,URTI complaints,ENT - Nose,silver,
RSV recheck,866,Minor complaints NOS,General and Minor,silver,
"chest pain, non radiating. 324 asa in village and 2 nitro. pain subsided. hx of stent and mi. pain free now.",3,Chest pain—cardiac features,Cardiovascular,silver,
Baby for 4week WCC/Hosp DC here with mom,869,Newly Born,General and Minor,silver,
pt. is here for <PERSON> and immunization and mom state pt is coughing for <DATE_TIME> and mom would like to check baby navel,653,Cough/congestion,Respiratory,silver,
Shortness of breath,651,Shortness of breath,Respiratory,silver,
vomitting/possible ingestion,752,Overdose ingestion,Substance Misuse,rule,OVERDOSE
"N/V since <DATE_TIME>, loose stool x1, concern for blood in stool",260,Blood in stool/melena,Gastrointestinal,silver,
Intussusception,866,Minor complaints NOS,General and Minor,silver,
Cough and fever,154,URTI complaints,ENT - Nose,silver,
clearance to fly,866,Minor complaints NOS,General and Minor,silver,
<PERSON> for <LOCATION>. D/C follow-up here with grandma. <PHONE_NUMBER>,866,Minor complaints NOS,General and Minor,silver,
arrived via guardian from village with clinic c/o elevated temperature. 100.4 F in field.,852,Fever,General and Minor,silver,
<DATE_TIME> <LOCATION>,866,Minor complaints NOS,General and Minor,silver,
"Fussy,gassy",867,Inconsolable crying,General and Minor,silver,
was advised to bring in baby for failure to thrive and not gaining weight.,266,Feeding difficulties in newborn,Gastrointestinal,silver,
swallowed coin,265,Oral/esophageal foreign body,Gastrointestinal,silver,
bib mom for hosp f/up and 1yr wcc,866,Minor complaints NOS,General and Minor,silver,
fever since <DATE_TIME>,852,Fever,General and Minor,silver,
"Mother states patient is spitting-up/vomiting after every feeding x <DATE_TIME>; patient is both breastfed and formula fed; no change in amount of wet diapers, though mother notes small streaks of blood per rectum after BM",257,Nausea and/or vomiting,Gastrointestinal,silver,
bib mom <PERSON> for f/u hosp d/c,866,Minor complaints NOS,General and Minor,silver,
f/u,866,Minor complaints NOS,General and Minor,silver,
well child visit,866,Minor complaints NOS,General and Minor,silver,
recheck from vaccine reaction,866,Minor complaints NOS,General and Minor,silver,
"Authorized in from <LOCATION>, fever/cough for <DATE_TIME>, seen in ed for the same",154,URTI complaints,ENT - Nose,silver,
F/U being seen <DATE_TIME> for cough/fever,154,URTI complaints,ENT - Nose,silver,
"Authorized in from <LOCATION>, fever cough for <DATE_TIME> seen in er <DATE_TIME> and outpatient <DATE_TIME>. positive blood cultures",154,URTI complaints,ENT - Nose,silver,
Authorized in from <LOCATION> related to failure to thrive. born at <DATE_TIME>. vomiting after feedings,266,Feeding difficulties in newborn,Gastrointestinal,silver,
"Authorized in from <LOCATION> to out patient, failure to thrive and vomiting with weight loss",266,Feeding difficulties in newborn,Gastrointestinal,silver,
F/Up Hosp DC,866,Minor complaints NOS,General and Minor,silver,
bib mom tianna for f/u wt check and labs,866,Minor complaints NOS,General and Minor,silver,
BIb Mom for NICU discharge,869,Newly Born,General and Minor,silver,
"Crying x <DATE_TIME>, decreased appetite",867,Inconsolable crying,General and Minor,silver,
"thrush, decreased PO intake",866,Minor complaints NOS,General and Minor,silver,
<PERSON>/up BIB Mom/<PERSON>,866,Minor complaints NOS,General and Minor,silver,
ear drainage for <DATE_TIME>. seen in er twice and opd once per mom. no fevers. not currently on abx.,55,"Discharge, ear",ENT - Ears,silver,
hospital d/c,866,Minor complaints NOS,General and Minor,silver,
"Fever, covid, rash",708,Rash,Skin,silver,
Authorized from <LOCATION> has been sick since <DATE_TIME> cough and decreased oxygen saturation 90% RA. exposed to someone with cold symptoms,154,URTI complaints,ENT - Nose,silver,
"Authorized in from <LOCATION>, seen in ed <DATE_TIME> here for a follow-up",866,Minor complaints NOS,General and Minor,silver,
"right flank pain started <DATE_TIME>, increases with movement",301,Flank pain,Genitourinary,silver,
"blood noted in stool <DATE_TIME> <DATE_TIME>, possible fever",260,Blood in stool/melena,Gastrointestinal,silver,
hosp D/c F/u bib mom <DATE_TIME>,855,Direct referral for consultation,General and Minor,silver,
hosp d/c f/up,855,Direct referral for consultation,General and Minor,silver,
pt with previous liver biopsy. flew in from <DATE_TIME> and was called and told to check into er due to billirubin being elevated.,863,Abnormal lab values,General and Minor,silver,
<DATE_TIME> weight checks,866,Minor complaints NOS,General and Minor,silver,
F/U From ER,855,Direct referral for consultation,General and Minor,silver,
Pt medivaced from <LOCATION> for fever and nasal congestion x <DATE_TIME>,154,URTI complaints,ENT - Nose,silver,
Bib Mom for f/u peds inpatient and <LOCATION>,855,Direct referral for consultation,General and Minor,silver,
Hosptail dc f/u,855,Direct referral for consultation,General and Minor,silver,
Choked on Fruit,656,Respiratory foreign body,Respiratory,silver,
Respiratory distress after choking on mandrian orange.,656,Respiratory foreign body,Respiratory,silver,
bib mom <PERSON> for f/u hosp d/c,855,Direct referral for consultation,General and Minor,silver,
Fever in <DATE_TIME> baby,852,Fever,General and Minor,silver,
PT PRESENTS TO <PERSON> VIA MEDEVAC FROM VILLAGE FOR FEVER NOT RESPONDING TO MEDS,852,Fever,General and Minor,silver,
"fussy baby, crying in pain; snotty.",867,Inconsolable crying,General and Minor,silver,
Sob X approx <DATE_TIME>. increase wob.,651,Shortness of breath,Respiratory,silver,
Hosp D/c bib mom <PERSON> <PHONE_NUMBER>,866,Minor complaints NOS,General and Minor,silver,
Delivery in village,869,Newly Born,General and Minor,silver,
left 5th digit amputation,553,Amputation,Orthopedic,silver,
Eval LSF Traumatic Amp <DATE_OF_INJURY>,553,Amputation,Orthopedic,silver,
here for ABX injection,866,Minor complaints NOS,General and Minor,silver,
F/u LSF Traumatic Amp <DATE_OF_INJURY>,553,Amputation,Orthopedic,silver,
Painful to hernia to penis,305,Scrotal pain and/or swelling,Genitourinary,silver,
constipation here with grandma-<PERSON>. <PHONE_NUMBER>,253,Constipation,Gastrointestinal,silver,
Respiratory Check,866,Minor complaints NOS,General and Minor,silver,
bib grandma <PERSON> for eval,866,Minor complaints NOS,General and Minor,silver,
<PERSON> follow up,866,Minor complaints NOS,General and Minor,silver,
Follow up feeding,266,Feeding difficulties in newborn,Gastrointestinal,silver,
Feeding follow up,266,Feeding difficulties in newborn,Gastrointestinal,silver,
pre op,866,Minor complaints NOS,General and Minor,silver,
"Having ""rage fits"" and crying. having si thoughts for <DATE_TIME>. Has denied plan, and denies prior attempt of SI",351,Depression/suicidal/deliberate self-harm,Mental Health,silver,
"Gastrointestinal issues, fever, runny nose",154,URTI complaints,ENT - Nose,silver,
Recheck GI problems worsened/ need IV fluids,866,Minor complaints NOS,General and Minor,silver,
"PT PRESENTS TO <PERSON> VIA MEDEVAC FOR LOWER ABD PAIN, <PERSON> PAIN, DIARRHEA, NAUSEA, AND DARK AND FOUL SMELLING URINE X <DATE_TIME>, MOM WAS ALSO SICK WITH SAME",251,Abdominal pain,Gastrointestinal,silver,
<DATE_TIME> week wwc,869,Newly Born,General and Minor,silver,
fever in <DATE_TIME> after taking immunizations,852,Fever,General and Minor,silver,
"sore on buttock, reports being able to lift arms, head lice,",708,Rash,Skin,silver,
Recheck Cough,653,Cough/congestion,Respiratory,silver,
Recheck cough,653,Cough/congestion,Respiratory,silver,
respiratory concerns. increased oxygen demand Decadron given <DATE_TIME>. febrile <DATE_TIME>,651,Shortness of breath,Respiratory,silver,
4 mo wcc,869,Newly Born,General and Minor,silver,
"cough, fast breathing, runny and stuffy nose",653,Cough/congestion,Respiratory,silver,
recheck cough and breathing,653,Cough/congestion,Respiratory,silver,
cough x <DATE_TIME>.,653,Cough/congestion,Respiratory,silver,
<DATE_TIME>,999,Unknown,General and Minor,silver,
Miso Day 3,869,Newly Born,General and Minor,silver,
DFM,869,Newly Born,General and Minor,silver,
"DA, MD4",869,Newly Born,General and Minor,silver,
"<PERSON>, Alert Right Femur Fx",557,Lower extremity injury,Orthopedic,rule,FEMUR_FRACTURE
BIB Guardian from <PERSON> after being ejected from his ATV travelling @ 25mph. Questionable LOC. Pt c/o R LE pain without deformity,802,Major trauma—blunt,Trauma,silver,
ETOH WD,753,Substance withdrawal,Substance Misuse,silver,
"BIBA seizing en route and upon arrival, episodes lasting <30 sec. <PERSON> reported to have ""been on bender in <LOCATION> recently"" Pt has slurred <PERSON>, post ictal state, confused, identifies self.",405,Seizure,Neurologic,silver,
pt with alcohol withdrawal seizures. had quite a bit of ativan in clinic and valium. pt a&o x 4.,753,Substance withdrawal,Substance Misuse,rule,SUBSTANCE_WITHDRAWAL
Discharge f/u,710,Wound check,Skin,silver,
"alcohol withdrawal, suicidal thoughts, anxiety",351,Depression/suicidal/deliberate self-harm,Mental Health,rule,SUICIDAL
"Alcohol withdrawal, anxiety",352,Anxiety/situational crisis,Mental Health,rule,ANXIETY
"mva- 2 am- thrown over handlebars- worked <DATE_TIME> to unstick 4 wheeler and then walked to cabin to call 911. Received toradol in PH clinic, fentanyl and zofran by Guardian en routec/o back and neck pain. MAE without deficit",802,Major trauma—blunt,Trauma,rule,MAJOR_TRAUMA_BLUNT
"BIBair from <LOCATION> for ATV accident, flipped over front of machine from mech lockup. R leg caught under ATV, XR showed tib/fib fxr. AAOx4, ketamine & fentanyl in field for pain, neuro intact to extremity, splinted. C -collar placed on arrival, Trauma II",802,Major trauma—blunt,Trauma,silver,
"ATV accident- rll deformity- states minor LOC at scene- has had pain meds en route- conversant, but slightly lethargic. No helmet. Good bilateral pedal pulses and CMS. R leg splinted and swollen with discolored area mid shin",802,Major trauma—blunt,Trauma,silver,
"wnd ck R tib/ fib fx, XR prior , ODS: <DATE_TIME> <PERSON>",752,Overdose ingestion,Substance Misuse,rule,OVERDOSE
"Authorized in from <LOCATION> related to a sore throat x <DATE_TIME>, here to R/O abscess. Hx of same <DATE_TIME>. given decadron in clinic",709,Localized swelling/redness,Skin,rule,LOCALIZED_INFECTION
"pt from <LOCATION>, tonsillar abscess. needs to see ENT",709,Localized swelling/redness,Skin,rule,LOCALIZED_INFECTION
left PTA,103,Sore throat,ENT - Mouth/Throat/Neck,silver,
fv tonsillectomy,865,Post-operative complications,General and Minor,silver,
"Sore throat secondary to recent tonsillectomy, told to come to <PERSON> if throat still hurting. Post op tonsillectomy <DATE_TIME>. mild swelling and purulent drainage from bilateral excision sites. Reports mild fever, chills. calm, complinat.",865,Post-operative complications,General and Minor,rule,POST_OP
"SI, N/V, Abdominal pain, back pain",251,Abdominal pain,Gastrointestinal,silver,
"Authorized in from <PERSON>, doesnt want to be at home in <LOCATION>, wants admission. Faking seizures in clinic",352,Anxiety/situational crisis,Mental Health,silver,
SI seizure disorder,405,Seizure,Neurologic,silver,
Constipation/Lt. leg pain/,253,Constipation,Gastrointestinal,silver,
Constipation/Lt. Leg pain,253,Constipation,Gastrointestinal,silver,
Chronic pain management,866,Minor complaints NOS,General and Minor,silver,
Follow up medication management for schizoaffective disorder,861,Prescription/medication request,General and Minor,silver,
"Seizure, head laceration",405,Seizure,Neurologic,silver,
"just released from jail, c/o gallbladder, stomach opening up, back all messed up,knee popping every once in a while, cell phone not working",866,Minor complaints NOS,General and Minor,silver,
r hand x ray,859,Imaging tests,General and Minor,silver,
"SOB, Anxiety, heart beating",352,Anxiety/situational crisis,Mental Health,rule,ANXIETY
"<LOCATION> fior <PERSON>, ALS flight",999,Unknown,General and Minor,silver,
fv intra-ab abscess,709,Localized swelling/redness,Skin,rule,LOCALIZED_INFECTION
SOB started during <DATE_TIME>,651,Shortness of breath,Respiratory,silver,
Chronic care visit,866,Minor complaints NOS,General and Minor,silver,
Lightheadedness,8,Syncope/pre-syncope,Cardiovascular,silver,
"BIB Guardian from <LOCATION>, 7:AM Seizures, found foaming at mouth, rectal temp 104 F, PIV x 2 in-place upon arrival, obeys commands w/ left side, not verbally engaging, confusion, flaccidity to right side.",409,Extremity weakness/symptoms of CVA,Neurologic,silver,
"Per EMS: Pt was placing a windsheild of a fourwheeler. Has avulsion or partial degloving of distal part of left index finger. 18 g IV in right forearm. Given 2 grams off ancef, and 6 mg of morphine at clinic; 200 mcg of fentanyl given en route. Last 100mc",553,Amputation,Orthopedic,silver,
"heavy vaginal bleeding onset before arrival, denied pain, + HCG approximately <DATE_TIME> gestation",455,Vaginal bleed,OB/GYN,silver,
BIB flight medics from village; noted bleeding <DATE_TIME>; Hgb dropped in flight and x1 PRBC and x2 TXA given; A&OX4; MAEX4,455,Vaginal bleed,OB/GYN,silver,
"vaginal bleeding, left elbow injury",455,Vaginal bleed,OB/GYN,silver,
amb to <LOCATION> with sling in place to left arm fx and <DATE_TIME> had a spontanous abortion and <DATE_TIME> vag bleeding for gush in toilet and now light bleeding 1 pad.,455,Vaginal bleed,OB/GYN,silver,
L elbow intraarticular distal humerus lateral donyle with capatellar shear frag *per Dr. <PERSON> sign sheet <DATE_TIME>,556,Upper extremity injury,Orthopedic,silver,
suture removal underneath chin RT hand pain,857,Removal staples/sutures,General and Minor,silver,
lump and redness to left lower eyelid,509,Periorbital swelling,Ophthalmology,silver,
"Left Eyelid swelling, pain",509,Periorbital swelling,Ophthalmology,silver,
<PERSON> possible optic neuritis,504,Visual disturbance,Ophthalmology,silver,
pt with vaginal bleeding. <DATE_TIME> preg.,455,Vaginal bleed,OB/GYN,silver,
Bleeding in pregnancy <DATE_TIME>,455,Vaginal bleed,OB/GYN,silver,
Miscarriage,455,Vaginal bleed,OB/GYN,silver,
follow miscarriage,455,Vaginal bleed,OB/GYN,silver,
"Pt ambulatory to triage for heavy vaginal bleedig after miscarrige <DATE_TIME>. pt was medvac to here on <DATE_TIME>, per pt, she has heavier vaghinal bleeding <DATE_TIME> with <PERSON> cramping. not use a pad, just went to bathroom when happened. NAD noted. unlabored resp.",455,Vaginal bleed,OB/GYN,silver,
"Pt c/o ""miscarriage on <DATE_TIME>, now cramping, bleeding comes back"" 3 pads since <DATE_TIME>. Reports diffused lower abd pain, tender to touch. <PERSON>. Skin PWD. Uncomfortable appearance. <PERSON> noted.",455,Vaginal bleed,OB/GYN,silver,
kidney stones,301,Flank pain,Genitourinary,silver,
"lower abdomen pain with nausea, vomiting and diarrhea",251,Abdominal pain,Gastrointestinal,silver,
Discuss medications,861,Prescription/medication request,General and Minor,silver,
sleep med refill,861,Prescription/medication request,General and Minor,silver,
R lung pain,3,Chest pain—cardiac features,Cardiovascular,silver,
"BIB flight from <PERSON>. pt treated for pneumothorax, chest tube placed and transfer to ED. EMS reports VSS and NAD during trans. Pt brought here for chest tube issue and is here for procedure to correct. NAD, PWD, A&O.",865,Post-operative complications,General and Minor,silver,
"FV R Sided Chest Pain, Dyspnea & SOB, Spontaneous PTX,",3,Chest pain—cardiac features,Cardiovascular,silver,
c/o right lung pain,3,Chest pain—cardiac features,Cardiovascular,silver,
stab wound to right posterior chest,801,Major trauma—penetrating,Trauma,rule,MAJOR_TRAUMA_PENETRATING
pt with chronic back pain that feels like he may have injured it <DATE_TIME> while trying to get <PERSON> in in choppy water. <DATE_TIME> back spasmed and he heard a pop and it has hurt without relief.,552,Traumatic back/spine injury,Orthopedic,silver,
"severe SOB, had chest pain <DATE_TIME>",651,Shortness of breath,Respiratory,silver,
"feeling bad for <DATE_TIME>. cough, hypotension, and chest discomfort.",3,Chest pain—cardiac features,Cardiovascular,silver,
"Upper back, calves",555,Lower extremity pain,Orthopedic,silver,
Chronic neck/upper back and knee pain.,551,Back pain,Orthopedic,silver,
SOB and chest pain,651,Shortness of breath,Respiratory,silver,
cellulitis / sepsis of right lower ext. below the knee. possible infection of cut per patient,999,Unknown,General and Minor,rule,SEPSIS_UNKNOWN
BIBA from <LOCATION> for nec fas,802,Major trauma—blunt,Trauma,silver,
"BIBA from <LOCATION> for possible nec fasc, pt a/0 x4 with recurrent wound, hypotensive in <LOCATION> and started on norepi, arrived on 00.75 mcg/kg/min of levo, recieved 2.5 L in transit, 2L <LOCATION>, resps even and unlabored, talking in full sentences",865,Post-operative complications,General and Minor,silver,
"pt brought in by ems. report of falling out of a 3 story window. pt unresponsivle until he reached per ems. pt combative, self removed c collar in route to . c collar replaced. pt moving all extremities.",802,Major trauma—blunt,Trauma,silver,
"level 2 trauma from <LOCATION>. + ETOH, +L4/5 burst fxr w/ narrowing, forehead <LOCATION>, + bilat calcaneous fxrs. AAOx4, given 2mg dilaudid & 4mg zofran en route.",802,Major trauma—blunt,Trauma,silver,
f/u multiple injuries,865,Post-operative complications,General and Minor,silver,
Revaluation Left carpal tunnel.,865,Post-operative complications,General and Minor,silver,
RUQ abd pain for <DATE_TIME>,251,Abdominal pain,Gastrointestinal,silver,
c/o abd tenderness since <DATE_TIME>. watery stools with some nausea. last received 50 mcg fentanyl at 2205.,251,Abdominal pain,Gastrointestinal,silver,
Left AMA prior. Dx with SBO. states she is going to stay this time. c/<PERSON>/v. <DATE_TIME> pain,251,Abdominal pain,Gastrointestinal,rule,BOWEL_OBSTRUCTION
pt was a hold patient in ED and left AMA <DATE_TIME> to smoke cigarette. checking back in.,865,Post-operative complications,General and Minor,silver,
"s/p SBO, diagnostic laparoscopy",865,Post-operative complications,General and Minor,rule,POST_OP
post op surgery for small bowel obstruction <DATE_TIME>. took last oxycodone <DATE_TIME> pta. reports <PERSON> swelling due to pain. states passing gas and having BMs. pt in NAD.,865,Post-operative complications,General and Minor,rule,POST_OP
"from pt housing requesting medication refill. post op surgery for small bowel obstructin <DATE_TIME>, took <DATE_TIME>.",865,Post-operative complications,General and Minor,rule,POST_OP
"Pt ambulated to ER with c/o running out of nausea meds and her pain meds, oxycodone is to strong. pt just wants meds adjusted. Pt a/o x4 NAD",861,Prescription/medication request,General and Minor,silver,
"Pt C/O ""I ran out Narco, and had Sx for intenstine blockage on <DATE_TIME>. I tried Motrin. not helpful."" Denies dizziness. Skin warm & dry. Resp even unlabored.",861,Prescription/medication request,General and Minor,silver,
"pt stating ""out of my hydrocodone"" last dose at <DATE_TIME>; recent bowel obstruction Sx at",251,Abdominal pain,Gastrointestinal,rule,BOWEL_OBSTRUCTION
Cough for <DATE_TIME>,653,Cough/congestion,Respiratory,silver,
warm surgical sited nausea and vomiting form pain meds,865,Post-operative complications,General and Minor,silver,
"left hand carpul tunnel surgery <DATE_TIME>, hand is warmer than right, percoset making pt vomit even when taken after zofran and with food.",865,Post-operative complications,General and Minor,silver,
"<LOCATION>, COVID, <PERSON>",851,Exposure to communicable disease,General and Minor,silver,
Trauma from fall,802,Major trauma—blunt,Trauma,silver,
L thigh hemotoma,716,Spontaneous bruising,Skin,silver,
Abdominal/head trauma,802,Major trauma—blunt,Trauma,silver,
open fx L,802,Major trauma—blunt,Trauma,silver,
"Snowmobile trauma, mandibular fracture",802,Major trauma—blunt,Trauma,silver,
thiracic spinal fxs,552,Traumatic back/spine injury,Orthopedic,silver,
unstable spinal fructure,552,Traumatic back/spine injury,Orthopedic,silver,
Neck / Head pain,404,Headache,Neurologic,silver,
PPROM - <DATE_TIME>,458,"Pregnancy issues, >20 weeks",OB/GYN,silver,
bleeding,455,Vaginal bleed,OB/GYN,silver,
"<DATE_TIME>, PROM",457,"Pregnancy issues, <20 weeks",OB/GYN,silver,
SOB/ Leg Swell,10,Bilateral leg swelling/edema,Cardiovascular,silver,
Syncope/Arythmia,8,Syncope/pre-syncope,Cardiovascular,silver,
collapse,8,Syncope/pre-syncope,Cardiovascular,silver,
Confusion,402,Confusion,Neurologic,silver,
MVA with possible PTX,802,Major trauma—blunt,Trauma,rule,MAJOR_TRAUMA_BLUNT
snowmobile MVA,802,Major trauma—blunt,Trauma,rule,MAJOR_TRAUMA_BLUNT
SI/hanging,351,Depression/suicidal/deliberate self-harm,Mental Health,silver,
suicidality,351,Depression/suicidal/deliberate self-harm,Mental Health,rule,SUICIDAL
altered mental status/hyponatremia,402,Confusion,Neurologic,silver,
Hyperglycemia,853,Hyperglycemia,General and Minor,silver,
L hip fx,557,Lower extremity injury,Orthopedic,rule,FEMUR_FRACTURE
"miscarriage, vaginal bleeding",455,Vaginal bleed,OB/GYN,silver,
Syncoper / Lower GI Bleed,260,Blood in stool/melena,Gastrointestinal,rule,GI_BLEED
chest paint,4,Chest pain—non-cardiac features,Cardiovascular,silver,
Non reassuring fetal surveillance at term,458,"Pregnancy issues, >20 weeks",OB/GYN,silver,
Fall L Hip Pain,555,Lower extremity pain,Orthopedic,silver,
"MVC, ankle injury",557,Lower extremity injury,Orthopedic,silver,
Chemical burn,502,"Chemical exposure, eye",Ophthalmology,silver,
"cocaine +, EKG changes",3,Chest pain—cardiac features,Cardiovascular,rule,COCAINE_CARDIAC
ETOH Withdrawal/ DTS,753,Substance withdrawal,Substance Misuse,rule,SUBSTANCE_WITHDRAWAL
Alcohol WD,753,Substance withdrawal,Substance Misuse,silver,
assault,802,Major trauma—blunt,Trauma,silver,
L2 Burst Fracture,552,Traumatic back/spine injury,Orthopedic,silver,
"Seizures, tertiary syphilis?",405,Seizure,Neurologic,silver,
seizure w hypotension,405,Seizure,Neurologic,silver,
"Snowmachine accident, large wound",802,Major trauma—blunt,Trauma,silver,
epidural hematoma,407,Head injury,Neurologic,silver,
Trauma / ETOH,751,Substance misuse/intoxication,Substance Misuse,silver,
facial,102,Facial trauma,ENT - Mouth/Throat/Neck,silver,
Post Partum SI,351,Depression/suicidal/deliberate self-harm,Mental Health,silver,
<DATE_TIME> gestation ctx,458,"Pregnancy issues, >20 weeks",OB/GYN,silver,
O/D excedrin,752,Overdose ingestion,Substance Misuse,silver,
mandibular fracture,102,Facial trauma,ENT - Mouth/Throat/Neck,silver,
R/o Cholangitis,251,Abdominal pain,Gastrointestinal,rule,CHOLECYSTITIS
overdose acetaminophen,752,Overdose ingestion,Substance Misuse,rule,OVERDOSE
suspected active TB,851,Exposure to communicable disease,General and Minor,silver,
infected human bite of left hand,701,Bite,Skin,silver,
Left Hip Fx,557,Lower extremity injury,Orthopedic,rule,FEMUR_FRACTURE
Hyperemisis /Pain,257,Nausea and/or vomiting,Gastrointestinal,silver,
SI withdrawal,753,Substance withdrawal,Substance Misuse,rule,SUBSTANCE_WITHDRAWAL
Possible sepsis/medical instability,999,Unknown,General and Minor,rule,SEPSIS_UNKNOWN
Discolated Shoulder,556,Upper extremity injury,Orthopedic,silver,
Early labor with history previous cesarean,458,"Pregnancy issues, >20 weeks",OB/GYN,silver,
overdose/unresponsive,752,Overdose ingestion,Substance Misuse,rule,OVERDOSE
DV Assault,802,Major trauma—blunt,Trauma,silver,
Pancreatitis,251,Abdominal pain,Gastrointestinal,silver,
"Preg, pain bleeding",455,Vaginal bleed,OB/GYN,silver,
Pregnant patient,458,"Pregnancy issues, >20 weeks",OB/GYN,silver,
Hip Fx,557,Lower extremity injury,Orthopedic,rule,FEMUR_FRACTURE
spontaneous abortion,457,"Pregnancy issues, <20 weeks",OB/GYN,silver,
extremity weakness,409,Extremity weakness/symptoms of CVA,Neurologic,silver,
ischemic stroke,409,Extremity weakness/symptoms of CVA,Neurologic,rule,CVA_STROKE
Preterm delivery at <DATE_TIME>,457,"Pregnancy issues, <20 weeks",OB/GYN,silver,
Tachycardia/cocaine overdose,752,Overdose ingestion,Substance Misuse,rule,OVERDOSE
Vaginal Bleeding,455,Vaginal bleed,OB/GYN,silver,
traumatic unstable fracture,802,Major trauma—blunt,Trauma,silver,
"SOB,",651,Shortness of breath,Respiratory,silver,
COVID/Pneumonia Hypoxia,651,Shortness of breath,Respiratory,rule,COVID_RESPIRATORY
"chest pain, SOB",3,Chest pain—cardiac features,Cardiovascular,silver,
Vomiting,257,Nausea and/or vomiting,Gastrointestinal,silver,
Preterm contractions,457,"Pregnancy issues, <20 weeks",OB/GYN,silver,
low leg lacerations,704,Laceration/puncture,Skin,silver,
acute chlecystitis,251,Abdominal pain,Gastrointestinal,silver,
Poss (R) hip fracture,557,Lower extremity injury,Orthopedic,rule,FEMUR_FRACTURE
Acute resp distress,651,Shortness of breath,Respiratory,silver,
polytrauma,802,Major trauma—blunt,Trauma,rule,MAJOR_TRAUMA_BLUNT
acute liver failure,999,Unknown,General and Minor,silver,
peripheral edema,10,Bilateral leg swelling/edema,Cardiovascular,silver,
dizziness,403,Vertigo,Neurologic,silver,
Acute Psychosis,353,Hallucinations/delusions,Mental Health,rule,PSYCHOSIS
Asthma,659,Wheezing—no other complaints,Respiratory,silver,
"delerium, cellulitis, left leg",709,Localized swelling/redness,Skin,rule,LOCALIZED_INFECTION
Cirrhosis with AKI,999,Unknown,General and Minor,silver,
epistaxix,151,Epistaxis,ENT - Nose,silver,
"Fall strike head, seizure",405,Seizure,Neurologic,silver,
Pneumothorax,999,Unknown,General and Minor,silver,
Cough,653,Cough/congestion,Respiratory,silver,
MVH/L Femur,802,Major trauma—blunt,Trauma,silver,
attempted suicide,351,Depression/suicidal/deliberate self-harm,Mental Health,rule,SUICIDAL
PROM 36 wk IUP,458,"Pregnancy issues, >20 weeks",OB/GYN,silver,
COVID POS SOB,651,Shortness of breath,Respiratory,rule,COVID_RESPIRATORY
COVID resp distress,652,Respiratory arrest,Respiratory,silver,
open fracture,802,Major trauma—blunt,Trauma,silver,
Epidural/Subdural/Skull Fx,407,Head injury,Neurologic,silver,
A. Flutter,5,Palpitations/irregular heart beat,Cardiovascular,silver,
imaging,859,Imaging tests,General and Minor,silver,
SRM @31 <DATE_TIME>,458,"Pregnancy issues, >20 weeks",OB/GYN,silver,
Preterm Labor,458,"Pregnancy issues, >20 weeks",OB/GYN,silver,
"Trauma, hand injury",556,Upper extremity injury,Orthopedic,silver,
OU infection,506,"Red eye, discharge",Ophthalmology,silver,
"COVID, SOB",651,Shortness of breath,Respiratory,rule,COVID_RESPIRATORY
Suicidal attempt,351,Depression/suicidal/deliberate self-harm,Mental Health,rule,SUICIDAL
RLQ Pain x <DATE_TIME>,251,Abdominal pain,Gastrointestinal,silver,
pelvic abscess,999,Unknown,General and Minor,rule,PELVIC_ABSCESS_UNKNOWN
Right Arm Injury,556,Upper extremity injury,Orthopedic,silver,
OD metformin,752,Overdose ingestion,Substance Misuse,rule,OVERDOSE
Shoulder injury,556,Upper extremity injury,Orthopedic,silver,
"ABD Pain, N/V",251,Abdominal pain,Gastrointestinal,silver,
Active Labor,866,Minor complaints NOS,General and Minor,silver,
L side wekaness,409,Extremity weakness/symptoms of CVA,Neurologic,silver,
"ATV accident, Left hip deformity",802,Major trauma—blunt,Trauma,silver,
dislocation,866,Minor complaints NOS,General and Minor,silver,
MVA: <LOCATION> and Neck Pain,802,Major trauma—blunt,Trauma,rule,MAJOR_TRAUMA_BLUNT
c/f nec fasciitis,866,Minor complaints NOS,General and Minor,silver,
Trauma accident,802,Major trauma—blunt,Trauma,silver,
hemorshape,999,Unknown,General and Minor,silver,
Gangrene,709,Localized swelling/redness,Skin,rule,GANGRENE
"RLQ pain, fever, vomiting",251,Abdominal pain,Gastrointestinal,silver,
Seizures/ETOH Withdrawal,753,Substance withdrawal,Substance Misuse,rule,SUBSTANCE_WITHDRAWAL
"SI, alcohol intoxication",751,Substance misuse/intoxication,Substance Misuse,silver,
epistaxis,151,Epistaxis,ENT - Nose,silver,
"RUQ pain, cholecystitis?",251,Abdominal pain,Gastrointestinal,rule,CHOLECYSTITIS
s/p heart transplant,865,Post-operative complications,General and Minor,rule,POST_OP
Uppper GI Bleed,260,Blood in stool/melena,Gastrointestinal,rule,GI_BLEED
UTI with bacteria,307,UTI complaints,Genitourinary,silver,
Multi lobar pna,866,Minor complaints NOS,General and Minor,silver,
AE of COPD,866,Minor complaints NOS,General and Minor,silver,
L ankle fracture,557,Lower extremity injury,Orthopedic,silver,
R Humerus Fracture,556,Upper extremity injury,Orthopedic,silver,
Severe acute exacerbation of,866,Minor complaints NOS,General and Minor,silver,
"MVX, HI, Suicidal, ETOH",351,Depression/suicidal/deliberate self-harm,Mental Health,rule,SUICIDAL
R sided weakness,409,Extremity weakness/symptoms of CVA,Neurologic,silver,
"hip pain, 2nd fall",555,Lower extremity pain,Orthopedic,silver,
Hip fx,557,Lower extremity injury,Orthopedic,rule,FEMUR_FRACTURE
FIB,999,Unknown,General and Minor,silver,
Neck abscess,709,Localized swelling/redness,Skin,rule,LOCALIZED_INFECTION
finger infection,709,Localized swelling/redness,Skin,rule,LOCALIZED_INFECTION
G7P4 at <DATE_TIME> ?PPROM,457,"Pregnancy issues, <20 weeks",OB/GYN,silver,
self inflected laceratio depression,351,Depression/suicidal/deliberate self-harm,Mental Health,silver,
R anckle fx,557,Lower extremity injury,Orthopedic,silver,
"Suicidal gesture, medicatio insertion",351,Depression/suicidal/deliberate self-harm,Mental Health,rule,SUICIDAL
intentional overdose,752,Overdose ingestion,Substance Misuse,rule,OVERDOSE
"RLQ pain, fever, vomitting",251,Abdominal pain,Gastrointestinal,silver,
lemathosis,999,Unknown,General and Minor,silver,
ETOH inentional overdose,752,Overdose ingestion,Substance Misuse,rule,OVERDOSE
MVA multiple,802,Major trauma—blunt,Trauma,rule,MAJOR_TRAUMA_BLUNT
suicidal intoxication,351,Depression/suicidal/deliberate self-harm,Mental Health,rule,SUICIDAL
altered mental status/post concussive syndrome,401,Altered level of consciousness,Neurologic,silver,
altered mental status/snow machine accident,802,Major trauma—blunt,Trauma,silver,
OD seizures,752,Overdose ingestion,Substance Misuse,rule,OVERDOSE
R side weakness,409,Extremity weakness/symptoms of CVA,Neurologic,silver,
TIA/ Stroke,409,Extremity weakness/symptoms of CVA,Neurologic,rule,CVA_STROKE
"OD, suicidal",351,Depression/suicidal/deliberate self-harm,Mental Health,rule,SUICIDAL
ABD pregnancy,457,"Pregnancy issues, <20 weeks",OB/GYN,silver,
Vaginal bleeding 2nd trimester,458,"Pregnancy issues, >20 weeks",OB/GYN,silver,
Pregnant with bleeding,455,Vaginal bleed,OB/GYN,silver,
CP / A FIB,5,Palpitations/irregular heart beat,Cardiovascular,silver,
HI + SI,351,Depression/suicidal/deliberate self-harm,Mental Health,silver,
neck inj,552,Traumatic back/spine injury,Orthopedic,silver,
preterm labor,457,"Pregnancy issues, <20 weeks",OB/GYN,silver,
UTI Pyeloniphritis,307,UTI complaints,Genitourinary,silver,
Attempted hanging/ Cervical Pain,104,Neck swelling/pain,ENT - Mouth/Throat/Neck,silver,
Altered Consiousness,401,Altered level of consciousness,Neurologic,silver,
early labor,458,"Pregnancy issues, >20 weeks",OB/GYN,silver,
"g3p1 @ 33 <DATE_TIME>, contractions",458,"Pregnancy issues, >20 weeks",OB/GYN,silver,
Right LQ pain,251,Abdominal pain,Gastrointestinal,silver,
Preg. LLQ Pain,251,Abdominal pain,Gastrointestinal,silver,
ABD pain/pregnancy,251,Abdominal pain,Gastrointestinal,silver,
Fever Post Delivery,865,Post-operative complications,General and Minor,silver,
high grade small bowel obstruction with cirrhosis of liver,251,Abdominal pain,Gastrointestinal,rule,BOWEL_OBSTRUCTION
hematuria,302,Hematuria,Genitourinary,silver,
Perforated bowel,251,Abdominal pain,Gastrointestinal,rule,BOWEL_PERFORATION
stab wound,801,Major trauma—penetrating,Trauma,rule,MAJOR_TRAUMA_PENETRATING
GSW to chest,801,Major trauma—penetrating,Trauma,rule,MAJOR_TRAUMA_PENETRATING
Right Knee Swelling pain,558,Joint(s) swelling,Orthopedic,silver,
MVC w/ concern for head injury requiring CT scans,407,Head injury,Neurologic,silver,
heart failure,7,General weakness,Cardiovascular,silver,
hip injury,557,Lower extremity injury,Orthopedic,silver,
R testicular pain,305,Scrotal pain and/or swelling,Genitourinary,silver,
Acute Appendicitis,251,Abdominal pain,Gastrointestinal,silver,
MUA - RT Hip,557,Lower extremity injury,Orthopedic,silver,
Attempted Hanging,351,Depression/suicidal/deliberate self-harm,Mental Health,silver,
suicide,351,Depression/suicidal/deliberate self-harm,Mental Health,rule,SUICIDAL
Hanging,351,Depression/suicidal/deliberate self-harm,Mental Health,silver,
"<PERSON>, back pain, lt hip pain",551,Back pain,Orthopedic,silver,
Miscarriage,457,"Pregnancy issues, <20 weeks",OB/GYN,silver,
Leg Cellulitis,709,Localized swelling/redness,Skin,rule,LOCALIZED_INFECTION
Early Apply/ ABD,251,Abdominal pain,Gastrointestinal,silver,
Head <PERSON>,407,Head injury,Neurologic,silver,
"abdominal pain, pregnancy <DATE_TIME>",251,Abdominal pain,Gastrointestinal,silver,
New on set CVA,409,Extremity weakness/symptoms of CVA,Neurologic,rule,CVA_STROKE
L hemiplegia,409,Extremity weakness/symptoms of CVA,Neurologic,silver,
"ATV accident, Pelvic fracture",802,Major trauma—blunt,Trauma,silver,
"Hematemesis, alcohol withdrawal",753,Substance withdrawal,Substance Misuse,rule,SUBSTANCE_WITHDRAWAL
stab wound chest,801,Major trauma—penetrating,Trauma,rule,MAJOR_TRAUMA_PENETRATING
wound abd,804,Isolated chest trauma—blunt,Trauma,silver,
severe knee pain ®,555,Lower extremity pain,Orthopedic,silver,
thermal burns,705,Burn,Skin,silver,
Snowmobile accident c/o right tib/fib fx,802,Major trauma—blunt,Trauma,silver,
Intraabdominal abscess,709,Localized swelling/redness,Skin,rule,LOCALIZED_INFECTION
pneumothorax chest tube,865,Post-operative complications,General and Minor,silver,
R Knee,555,Lower extremity pain,Orthopedic,silver,
ac pancreatitis,251,Abdominal pain,Gastrointestinal,silver,
"Pneumonia, Dehydration",7,General weakness,Cardiovascular,rule,DEHYDRATION
hanging,351,Depression/suicidal/deliberate self-harm,Mental Health,silver,
suicide attemp,351,Depression/suicidal/deliberate self-harm,Mental Health,rule,SUICIDAL
unstable FX,999,Unknown,General and Minor,silver,
pneumotrax,999,Unknown,General and Minor,silver,
medication overdose,752,Overdose ingestion,Substance Misuse,rule,OVERDOSE
Head/facial trauma,102,Facial trauma,ENT - Mouth/Throat/Neck,silver,
weak,7,General weakness,Cardiovascular,silver,
pregnancy- bleeding,455,Vaginal bleed,OB/GYN,silver,
post partum,457,"Pregnancy issues, <20 weeks",OB/GYN,silver,
18yoF <PERSON> at <DATE_TIME> <DATE_TIME> <DATE_TIME> with preterm labor,457,"Pregnancy issues, <20 weeks",OB/GYN,silver,
pre-term labor,457,"Pregnancy issues, <20 weeks",OB/GYN,silver,
Frebile Seizure,405,Seizure,Neurologic,silver,
Ingestion,752,Overdose ingestion,Substance Misuse,rule,OVERDOSE
"Head injury, degloving",407,Head injury,Neurologic,silver,
Torsion testicle,305,Scrotal pain and/or swelling,Genitourinary,silver,
left wrist,556,Upper extremity injury,Orthopedic,silver,
head injurt,407,Head injury,Neurologic,silver,
Naproxen Overdose,752,Overdose ingestion,Substance Misuse,rule,OVERDOSE
"SI, intentional overdose",752,Overdose ingestion,Substance Misuse,rule,OVERDOSE
"suicidal, depressed",351,Depression/suicidal/deliberate self-harm,Mental Health,rule,SUICIDAL
Poss obstructing,251,Abdominal pain,Gastrointestinal,silver,
trauma,802,Major trauma—blunt,Trauma,silver,
Bleeding in pregnancy,458,"Pregnancy issues, >20 weeks",OB/GYN,silver,
Apnea,652,Respiratory arrest,Respiratory,silver,
chest wall pain and shortness,651,Shortness of breath,Respiratory,silver,
TBI ; Behavioral disturbances,407,Head injury,Neurologic,silver,
Medication overdose,752,Overdose ingestion,Substance Misuse,rule,OVERDOSE
C section wound,865,Post-operative complications,General and Minor,silver,
Metformin OD,752,Overdose ingestion,Substance Misuse,rule,OVERDOSE
facial laceRation,704,Laceration/puncture,Skin,silver,
Altered mental status,401,Altered level of consciousness,Neurologic,silver,
MVA/Left Hip dislocation,802,Major trauma—blunt,Trauma,rule,MAJOR_TRAUMA_BLUNT
Stroke s/p + pa,865,Post-operative complications,General and Minor,rule,POST_OP
"Chest pain, facial droop",409,Extremity weakness/symptoms of CVA,Neurologic,silver,
R facial droop -stroke,409,Extremity weakness/symptoms of CVA,Neurologic,rule,CVA_STROKE
tylenol OD,752,Overdose ingestion,Substance Misuse,rule,OVERDOSE
OD tylenol,752,Overdose ingestion,Substance Misuse,rule,OVERDOSE
L calf injury,557,Lower extremity injury,Orthopedic,silver,
"Alcohol intoxication, stab wound",801,Major trauma—penetrating,Trauma,rule,MAJOR_TRAUMA_PENETRATING
"MVA, open fx",802,Major trauma—blunt,Trauma,rule,MAJOR_TRAUMA_BLUNT
"L eye blindness, snowmobile trauma",510,Eye trauma,Ophthalmology,silver,
SDH/SAH,407,Head injury,Neurologic,silver,
rupture aortic,999,Unknown,General and Minor,rule,AORTIC_RUPTURE_UNKNOWN
Presumed GI bleed,260,Blood in stool/melena,Gastrointestinal,rule,GI_BLEED
SOB/Cough,653,Cough/congestion,Respiratory,silver,
displaced rib,804,Isolated chest trauma—blunt,Trauma,silver,
Tubo-ovarian abscess,999,Unknown,General and Minor,rule,PELVIC_ABSCESS_UNKNOWN
twin gestation,458,"Pregnancy issues, >20 weeks",OB/GYN,silver,
27 <DATE_TIME> pregnant patient with contractions,458,"Pregnancy issues, >20 weeks",OB/GYN,silver,
ATV/high Speed,802,Major trauma—blunt,Trauma,silver,
SEPSIS,999,Unknown,General and Minor,rule,SEPSIS_UNKNOWN
"Seizure, AMS, febrile",405,Seizure,Neurologic,silver,
L ankle injury,557,Lower extremity injury,Orthopedic,silver,
"Chest pain, NSTEMI",3,Chest pain—cardiac features,Cardiovascular,rule,STEMI_NSTEMI
Heart block,999,Unknown,General and Minor,silver,
MVA / Left Hip Pain,802,Major trauma—blunt,Trauma,rule,MAJOR_TRAUMA_BLUNT
severe leg wound,704,Laceration/puncture,Skin,silver,
open tibia,802,Major trauma—blunt,Trauma,silver,
Accident,802,Major trauma—blunt,Trauma,silver,
agitation,352,Anxiety/situational crisis,Mental Health,silver,
Od,752,Overdose ingestion,Substance Misuse,rule,OVERDOSE
Tylenol OD w/ SI,752,Overdose ingestion,Substance Misuse,rule,OVERDOSE
R laceration w tendon laceration,704,Laceration/puncture,Skin,silver,
ABD Pain in pregnancy,458,"Pregnancy issues, >20 weeks",OB/GYN,silver,
ABD pain post partum,865,Post-operative complications,General and Minor,silver,
Abdominal Pain & Bleeding in Pregnancy,458,"Pregnancy issues, >20 weeks",OB/GYN,silver,
<PERSON> ideation,351,Depression/suicidal/deliberate self-harm,Mental Health,silver,
Suicidal risk w/ plan,351,Depression/suicidal/deliberate self-harm,Mental Health,rule,SUICIDAL
elbow disclocation,556,Upper extremity injury,Orthopedic,silver,
RLQ pain concern for appendicitis,251,Abdominal pain,Gastrointestinal,silver,
open fx,802,Major trauma—blunt,Trauma,silver,
foreign body,717,"Foreign body, skin",Skin,silver,
pregnancy,457,"Pregnancy issues, <20 weeks",OB/GYN,silver,
R Hip Disclocation,555,Lower extremity pain,Orthopedic,silver,
dysorthia,999,Unknown,General and Minor,silver,
fell/hip,557,Lower extremity injury,Orthopedic,silver,
"Syncope, chest pain",3,Chest pain—cardiac features,Cardiovascular,silver,
L Shoulder injury,556,Upper extremity injury,Orthopedic,silver,
acetaminophen overdose,752,Overdose ingestion,Substance Misuse,rule,OVERDOSE
Intentional OD with SI,752,Overdose ingestion,Substance Misuse,rule,OVERDOSE
ABD trauma,806,Isolated abdominal trauma—blunt,Trauma,silver,
Severe abd pain/vomiting,251,Abdominal pain,Gastrointestinal,silver,
attempted hanging,351,Depression/suicidal/deliberate self-harm,Mental Health,silver,
Occlusive L DVT,555,Lower extremity pain,Orthopedic,rule,DVT
femural,999,Unknown,General and Minor,silver,
dissection aorta type B,999,Unknown,General and Minor,silver,
lacerations intoxication,704,Laceration/puncture,Skin,silver,
Snowmobile accident (low back trauma),552,Traumatic back/spine injury,Orthopedic,silver,
"Pregnant, bleeding",455,Vaginal bleed,OB/GYN,silver,
MVA Trauma,802,Major trauma—blunt,Trauma,rule,MAJOR_TRAUMA_BLUNT
<PERSON> pain + hypotension,999,Unknown,General and Minor,silver,
fall from 7 ft,802,Major trauma—blunt,Trauma,silver,
suicide attempt,351,Depression/suicidal/deliberate self-harm,Mental Health,rule,SUICIDAL
altered MS,401,Altered level of consciousness,Neurologic,silver,
acute kidney injury,999,Unknown,General and Minor,rule,ACUTE_RENAL_FAILURE_UNKNOWN
ruptured AAA,999,Unknown,General and Minor,rule,AORTIC_RUPTURE_UNKNOWN
Meningitis,401,Altered level of consciousness,Neurologic,silver,
MVA w back injury,802,Major trauma—blunt,Trauma,rule,MAJOR_TRAUMA_BLUNT
Dog bite R face/lips,701,Bite,Skin,silver,
R Hip Fx,557,Lower extremity injury,Orthopedic,rule,FEMUR_FRACTURE
Abdominal pain/unable to void,251,Abdominal pain,Gastrointestinal,silver,
Syncope anemia,8,Syncope/pre-syncope,Cardiovascular,silver,
abortion,457,"Pregnancy issues, <20 weeks",OB/GYN,silver,
Spontaneous abortion,457,"Pregnancy issues, <20 weeks",OB/GYN,silver,
MVA/Polytrauma,802,Major trauma—blunt,Trauma,rule,MAJOR_TRAUMA_BLUNT
"Trauma, R Knee",557,Lower extremity injury,Orthopedic,silver,
"RLQ pain, hypotension",251,Abdominal pain,Gastrointestinal,silver,
hernia bs,256,Groin pain/mass,Gastrointestinal,silver,
Pregnant @ <DATE_TIME> with contractions,458,"Pregnancy issues, >20 weeks",OB/GYN,silver,
internional OD,752,Overdose ingestion,Substance Misuse,rule,OVERDOSE
Tylenol OD,752,Overdose ingestion,Substance Misuse,rule,OVERDOSE
nasal laceration,155,Nasal trauma,ENT - Nose,silver,
R hip fx? s/p ATV,865,Post-operative complications,General and Minor,rule,POST_OP
Belly Pain,251,Abdominal pain,Gastrointestinal,silver,
Left Arm Fracture,556,Upper extremity injury,Orthopedic,silver,
<PERSON> Possible appy,251,Abdominal pain,Gastrointestinal,silver,
Acute Appendicitis /,251,Abdominal pain,Gastrointestinal,silver,
"ATV trauma, CP",802,Major trauma—blunt,Trauma,silver,
acute,999,Unknown,General and Minor,silver,
pain L 4th Toe,555,Lower extremity pain,Orthopedic,silver,
choletithiases,251,Abdominal pain,Gastrointestinal,silver,
laceration neck,704,Laceration/puncture,Skin,silver,
stab to chest,801,Major trauma—penetrating,Trauma,rule,MAJOR_TRAUMA_PENETRATING
ABD Paind,251,Abdominal pain,Gastrointestinal,silver,
miscarriage process,457,"Pregnancy issues, <20 weeks",OB/GYN,silver,
neck,104,Neck swelling/pain,ENT - Mouth/Throat/Neck,silver,
Lip laceration,704,Laceration/puncture,Skin,silver,
Acute abdomen,251,Abdominal pain,Gastrointestinal,silver,
Laceration,704,Laceration/puncture,Skin,silver,
Knee Laceration,704,Laceration/puncture,Skin,silver,
L femur,555,Lower extremity pain,Orthopedic,silver,
L periprosthetic abcess,709,Localized swelling/redness,Skin,silver,
"encephalopathy, PNA, hypoxic respiratory failure",651,Shortness of breath,Respiratory,silver,
MRSA,851,Exposure to communicable disease,General and Minor,silver,
FB in esophagus,265,Oral/esophageal foreign body,Gastrointestinal,silver,
Obstipation,253,Constipation,Gastrointestinal,silver,
cervical spine injury,552,Traumatic back/spine injury,Orthopedic,silver,
LE Trauma,557,Lower extremity injury,Orthopedic,silver,
assault,454,Sexual assault,OB/GYN,silver,
found unconscious,401,Altered level of consciousness,Neurologic,silver,
SUT,999,Unknown,General and Minor,silver,
Intracranial Hemmorhage,999,Unknown,General and Minor,silver,
pneumothorax,999,Unknown,General and Minor,silver,
Encephalitis,999,Unknown,General and Minor,silver,
Arm deformity,556,Upper extremity injury,Orthopedic,silver,
intracranial hemorrhage,999,Unknown,General and Minor,silver,
Threatened Miscarriage,457,"Pregnancy issues, <20 weeks",OB/GYN,silver,
34wk G8P5@9 nonviable pregnancy COVID+,458,"Pregnancy issues, >20 weeks",OB/GYN,silver,
recurrent + SVT,5,Palpitations/irregular heart beat,Cardiovascular,silver,
Closed head injury,407,Head injury,Neurologic,silver,
RLQ abdominal pain,251,Abdominal pain,Gastrointestinal,silver,
<PERSON> forearm,556,Upper extremity injury,Orthopedic,silver,
Severe rash with infection failing OPD care,708,Rash,Skin,silver,
"Fever, Hypoxic",852,Fever,General and Minor,silver,
Pneumonia respiratory distress,651,Shortness of breath,Respiratory,silver,
abcess,999,Unknown,General and Minor,silver,
Pregnant and Preterm Contractions,458,"Pregnancy issues, >20 weeks",OB/GYN,silver,
GSW to face,801,Major trauma—penetrating,Trauma,rule,MAJOR_TRAUMA_PENETRATING
sever pre-eclamps,457,"Pregnancy issues, <20 weeks",OB/GYN,silver,
GSW leg,801,Major trauma—penetrating,Trauma,rule,MAJOR_TRAUMA_PENETRATING
testicular pain,305,Scrotal pain and/or swelling,Genitourinary,silver,
"Alcohol withdrawal, Nausea, Vomiting",753,Substance withdrawal,Substance Misuse,rule,SUBSTANCE_WITHDRAWAL
foot pain,555,Lower extremity pain,Orthopedic,silver,
possible urosepsis,307,UTI complaints,Genitourinary,silver,
sever back pain,551,Back pain,Orthopedic,silver,
Internal Hernia,251,Abdominal pain,Gastrointestinal,silver,
"<PERSON> cancer,",999,Unknown,General and Minor,silver,
perl choley tube displacement,860,Medical device problem,General and Minor,silver,
probable urosepsis,307,UTI complaints,Genitourinary,silver,
CHF,999,Unknown,General and Minor,rule,CHF_UNKNOWN
R ip fracture,557,Lower extremity injury,Orthopedic,silver,
Right Hip fracture,557,Lower extremity injury,Orthopedic,rule,FEMUR_FRACTURE
hematemeses,259,Vomiting blood,Gastrointestinal,silver,
RVR,5,Palpitations/irregular heart beat,Cardiovascular,rule,AFIB_RVR
"Head trauma, blood thinners, gait instability",407,Head injury,Neurologic,silver,
Fall w/ head pain on anticoagulants,407,Head injury,Neurologic,silver,
fall,866,Minor complaints NOS,General and Minor,silver,
CP/SOB,3,Chest pain—cardiac features,Cardiovascular,silver,
"chest pain, L facial droop",409,Extremity weakness/symptoms of CVA,Neurologic,silver,
Blunt Trauma / ABD,802,Major trauma—blunt,Trauma,rule,MAJOR_TRAUMA_BLUNT
"vomiting,",257,Nausea and/or vomiting,Gastrointestinal,silver,
"Chest Pain,/ <LOCATION>",3,Chest pain—cardiac features,Cardiovascular,silver,
Intestinal pneumatosis,251,Abdominal pain,Gastrointestinal,rule,INTESTINAL_PNEUMATOSIS
"Fall, AMS",401,Altered level of consciousness,Neurologic,silver,
paliative,999,Unknown,General and Minor,silver,
COPD exacerbation/pneumonia,154,URTI complaints,ENT - Nose,silver,
Chest pain/palpitations,5,Palpitations/irregular heart beat,Cardiovascular,silver,
Bradycardia,999,Unknown,General and Minor,silver,
Pocket infection of Pacemaker,865,Post-operative complications,General and Minor,silver,
"Cough, hypoxia, SIRS+",653,Cough/congestion,Respiratory,silver,
"Fall, lt hip pain",555,Lower extremity pain,Orthopedic,silver,
SOB nausea,651,Shortness of breath,Respiratory,silver,
A fib,5,Palpitations/irregular heart beat,Cardiovascular,silver,
atrial fibrillation,5,Palpitations/irregular heart beat,Cardiovascular,rule,AFIB_RVR
Afib with RVR + chest pain,5,Palpitations/irregular heart beat,Cardiovascular,rule,AFIB_RVR
"<LOCATION>, Afib RVR",5,Palpitations/irregular heart beat,Cardiovascular,rule,AFIB_RVR
A Fib RVR,5,Palpitations/irregular heart beat,Cardiovascular,rule,AFIB_RVR
"SOB, CP, tachycardia",651,Shortness of breath,Respiratory,silver,
frost bite,201,Frostbite/cold injury,Environmental,rule,FROSTBITE
forearm FX,556,Upper extremity injury,Orthopedic,rule,FOREARM_FRACTURE
"L weakness, stroke",409,Extremity weakness/symptoms of CVA,Neurologic,rule,CVA_STROKE
PNA? urinary retention,306,Urinary retention,Genitourinary,silver,
"CP, cough , covid +",653,Cough/congestion,Respiratory,rule,COVID_COUGH
"Hypertensive emergency, Possible CUA",6,Hypertension,Cardiovascular,silver,
"<PERSON> pain, emesis, transaminitis",259,Vomiting blood,Gastrointestinal,silver,
recurrent nosebleed,151,Epistaxis,ENT - Nose,silver,
"Hip pain, r/o fracture",555,Lower extremity pain,Orthopedic,silver,
Ground level syncopal fall,8,Syncope/pre-syncope,Cardiovascular,silver,
Weakness/vertigo,402,Confusion,Neurologic,silver,
alleged mental status,402,Confusion,Neurologic,silver,
Flaccidiz,411,Floppy child,Neurologic,silver,
delirium,402,Confusion,Neurologic,silver,
<PERSON> Pain/Trauma to <PERSON>,999,Unknown,General and Minor,silver,
<LOCATION> neck fx,552,Traumatic back/spine injury,Orthopedic,silver,
pacemaker problem,860,Medical device problem,General and Minor,silver,
Intractible vomiting,257,Nausea and/or vomiting,Gastrointestinal,silver,
AICD fired Vtach runs,860,Medical device problem,General and Minor,silver,
"seizures, head injury",407,Head injury,Neurologic,silver,
"AMS, Vomiting",401,Altered level of consciousness,Neurologic,silver,
"AMS, fall",401,Altered level of consciousness,Neurologic,silver,
<PERSON> / middle cerebral artery stenosis,999,Unknown,General and Minor,silver,
Ischemic stroke,409,Extremity weakness/symptoms of CVA,Neurologic,rule,CVA_STROKE
CVA left,409,Extremity weakness/symptoms of CVA,Neurologic,rule,CVA_STROKE
R Hip Dislocation,557,Lower extremity injury,Orthopedic,silver,
Rt Hip dislocation,557,Lower extremity injury,Orthopedic,silver,
distal femur fracture,557,Lower extremity injury,Orthopedic,rule,FEMUR_FRACTURE
heart failure,999,Unknown,General and Minor,silver,
Not speaking,401,Altered level of consciousness,Neurologic,silver,
Elevated troponin with near syncope,8,Syncope/pre-syncope,Cardiovascular,silver,
SOB/AFIB,5,Palpitations/irregular heart beat,Cardiovascular,rule,AFIB_RVR
Cholecystitis,251,Abdominal pain,Gastrointestinal,rule,CHOLECYSTITIS
possible sepsis,999,Unknown,General and Minor,rule,SEPSIS_UNKNOWN
worsening respiration,651,Shortness of breath,Respiratory,silver,
SOB/CP,3,Chest pain—cardiac features,Cardiovascular,silver,
Gallstone pancreatitis,251,Abdominal pain,Gastrointestinal,silver,
Possible CVA,409,Extremity weakness/symptoms of CVA,Neurologic,rule,CVA_STROKE
hip and low back pain,555,Lower extremity pain,Orthopedic,silver,
bowel obstruction/abdominal infection,251,Abdominal pain,Gastrointestinal,rule,BOWEL_OBSTRUCTION
<PERSON> Bite,701,Bite,Skin,silver,
L sided,999,Unknown,General and Minor,silver,
Pelvic Abcess,999,Unknown,General and Minor,rule,PELVIC_ABSCESS_UNKNOWN
septic arthritis,558,Joint(s) swelling,Orthopedic,rule,SEPTIC_ARTHRITIS
"Fall, unable to move",802,Major trauma—blunt,Trauma,silver,
HIP FX,557,Lower extremity injury,Orthopedic,rule,FEMUR_FRACTURE
pancreatitis,866,Minor complaints NOS,General and Minor,silver,
angioedema,657,Allergic reaction,Respiratory,silver,
distracted bladder,306,Urinary retention,Genitourinary,silver,
Chest pain/ACS,3,Chest pain—cardiac features,Cardiovascular,rule,ACS
COPD exacerbation,651,Shortness of breath,Respiratory,silver,
"SOB, COPD exacerbation, CHF",999,Unknown,General and Minor,rule,CHF_UNKNOWN
respiratory failure,652,Respiratory arrest,Respiratory,silver,
Worsening swelling,9,"Edema, generalized",Cardiovascular,silver,
Acute HF,3,Chest pain—cardiac features,Cardiovascular,silver,
not mentating,402,Confusion,Neurologic,silver,
pancreatitis bowel,251,Abdominal pain,Gastrointestinal,silver,
"Ischemic stroke, hypotension, respiratory failure",409,Extremity weakness/symptoms of CVA,Neurologic,rule,CVA_STROKE
rectal bleeding,260,Blood in stool/melena,Gastrointestinal,silver,
volvulus,251,Abdominal pain,Gastrointestinal,silver,
syncope,8,Syncope/pre-syncope,Cardiovascular,silver,
GI Bleed with hypotension,260,Blood in stool/melena,Gastrointestinal,rule,GI_BLEED
hip fracture,557,Lower extremity injury,Orthopedic,rule,FEMUR_FRACTURE
Stroke s/p tpa,865,Post-operative complications,General and Minor,rule,POST_OP
Hemorhaging,999,Unknown,General and Minor,silver,
NSFMEI,999,Unknown,General and Minor,silver,
"Xray, lab",859,Imaging tests,General and Minor,silver,
SOB needs 02,651,Shortness of breath,Respiratory,silver,
stabilization,999,Unknown,General and Minor,silver,
R <PERSON>,999,Unknown,General and Minor,silver,
Hypoglycemia,854,Hypoglycemia,General and Minor,silver,
Pneumonia,154,URTI complaints,ENT - Nose,silver,
Right LE Edema,10,Bilateral leg swelling/edema,Cardiovascular,silver,
"NSTEMI, anemia",3,Chest pain—cardiac features,Cardiovascular,rule,STEMI_NSTEMI
Lt sided weakness,409,Extremity weakness/symptoms of CVA,Neurologic,silver,
hypetension,6,Hypertension,Cardiovascular,silver,
acute stroke,409,Extremity weakness/symptoms of CVA,Neurologic,rule,CVA_STROKE
"R hip fracture, stroke",557,Lower extremity injury,Orthopedic,rule,FEMUR_FRACTURE
"S/P Fall, Arm Pain, Head Laceration",865,Post-operative complications,General and Minor,rule,POST_OP
Possible Hip fracture,557,Lower extremity injury,Orthopedic,rule,FEMUR_FRACTURE
"cough, SOB",651,Shortness of breath,Respiratory,silver,
leg weakness,409,Extremity weakness/symptoms of CVA,Neurologic,silver,
Stroke? R side,409,Extremity weakness/symptoms of CVA,Neurologic,rule,CVA_STROKE
"Seizure, likely ETOH withdrawal",753,Substance withdrawal,Substance Misuse,rule,SUBSTANCE_WITHDRAWAL
"Radiology, lab, physician",999,Unknown,General and Minor,silver,
"unresponsive, accelerated HTN",401,Altered level of consciousness,Neurologic,silver,
Numbness,410,Sensory loss/paresthesia,Neurologic,silver,
Dysorthria,409,Extremity weakness/symptoms of CVA,Neurologic,rule,DYSARTHRIA_CVA
heart failure / pulm edema,9,"Edema, generalized",Cardiovascular,silver,
HF/COVID,9,"Edema, generalized",Cardiovascular,silver,
"NSTEMI, HF",3,Chest pain—cardiac features,Cardiovascular,rule,STEMI_NSTEMI
T-12 fracture,552,Traumatic back/spine injury,Orthopedic,silver,
L hip fracture,557,Lower extremity injury,Orthopedic,rule,FEMUR_FRACTURE
R Side weakness,409,Extremity weakness/symptoms of CVA,Neurologic,silver,
Stroke like symptoms,409,Extremity weakness/symptoms of CVA,Neurologic,rule,CVA_STROKE
<PERSON> overdose,752,Overdose ingestion,Substance Misuse,rule,OVERDOSE
LE Cellulitis,709,Localized swelling/redness,Skin,rule,LOCALIZED_INFECTION
Subdural Hematoma,407,Head injury,Neurologic,silver,
A-fib,5,Palpitations/irregular heart beat,Cardiovascular,silver,
2nd degree burns,705,Burn,Skin,silver,
Probable hip fracture,557,Lower extremity injury,Orthopedic,rule,FEMUR_FRACTURE
"Fall, hip pain L ?fracture",557,Lower extremity injury,Orthopedic,silver,
ascending cholangitis,251,Abdominal pain,Gastrointestinal,rule,CHOLECYSTITIS
tibia fracture,557,Lower extremity injury,Orthopedic,silver,
OD,752,Overdose ingestion,Substance Misuse,rule,OVERDOSE
Chest Inj,804,Isolated chest trauma—blunt,Trauma,silver,
probable stroke,409,Extremity weakness/symptoms of CVA,Neurologic,rule,CVA_STROKE
Femur Fracture,557,Lower extremity injury,Orthopedic,rule,FEMUR_FRACTURE
Liver malignancy heptic abcess,999,Unknown,General and Minor,silver,
"fall, chest crepitus, hemoptysis",655,Hemoptysis,Respiratory,silver,
Syptomatic Bradycardia w/ AV dissociation,999,Unknown,General and Minor,silver,
<NRP> 3rd degree heart block,999,Unknown,General and Minor,silver,
Abd pain/free air in <LOCATION>,251,Abdominal pain,Gastrointestinal,silver,
Choledocholithiasis with CBD Obstracting,251,Abdominal pain,Gastrointestinal,rule,CHOLECYSTITIS
COPD,651,Shortness of breath,Respiratory,silver,
pulmonary embolism,651,Shortness of breath,Respiratory,silver,
"SBO, possible surgical ediology",251,Abdominal pain,Gastrointestinal,rule,BOWEL_OBSTRUCTION
Altered mental status,402,Confusion,Neurologic,silver,
Obstractive jaundice,261,Jaundice,Gastrointestinal,silver,
Failure to Thrive,866,Minor complaints NOS,General and Minor,silver,
Sever Metabolic Acidosis,863,Abnormal lab values,General and Minor,silver,
"fever, vomiting",852,Fever,General and Minor,silver,
<LOCATION> st depression on EKG,3,Chest pain—cardiac features,Cardiovascular,silver,
acute renal failure,999,Unknown,General and Minor,rule,ACUTE_RENAL_FAILURE_UNKNOWN
acute cholecystitis,251,Abdominal pain,Gastrointestinal,rule,CHOLECYSTITIS
Acute,866,Minor complaints NOS,General and Minor,silver,
Syncope Epigastric Pain,8,Syncope/pre-syncope,Cardiovascular,silver,
GSW to ABD,801,Major trauma—penetrating,Trauma,rule,MAJOR_TRAUMA_PENETRATING
low back pain,551,Back pain,Orthopedic,silver,
cp dizziness,3,Chest pain—cardiac features,Cardiovascular,silver,
"fall, possible hip fx",557,Lower extremity injury,Orthopedic,rule,FEMUR_FRACTURE
post cardiac arrest,1,Cardiac arrest (non-traumatic),Cardiovascular,silver,
"Fall w/ headstrike, b/l arm weakness",407,Head injury,Neurologic,silver,
hip fx,557,Lower extremity injury,Orthopedic,rule,FEMUR_FRACTURE
acute pancreatitis,251,Abdominal pain,Gastrointestinal,silver,
Aortic dissection,3,Chest pain—cardiac features,Cardiovascular,silver,
aortic dissection,3,Chest pain—cardiac features,Cardiovascular,silver,
Stroke,409,Extremity weakness/symptoms of CVA,Neurologic,rule,CVA_STROKE
Small Bowel Obstruction,251,Abdominal pain,Gastrointestinal,rule,BOWEL_OBSTRUCTION
"AMS, CAP",402,Confusion,Neurologic,silver,
epigastric pain,251,Abdominal pain,Gastrointestinal,silver,
"likely UTI, kidney stones, no IV access, no pain meds",307,UTI complaints,Genitourinary,silver,
R femur fracture,557,Lower extremity injury,Orthopedic,rule,FEMUR_FRACTURE
"Vomiting, diarrhea, dehydration",7,General weakness,Cardiovascular,rule,DEHYDRATION
L sided weak,409,Extremity weakness/symptoms of CVA,Neurologic,silver,
Unstable angina,3,Chest pain—cardiac features,Cardiovascular,silver,
CHF / lactic acidosis,999,Unknown,General and Minor,rule,CHF_UNKNOWN
R Sided deficti/syncope,8,Syncope/pre-syncope,Cardiovascular,silver,
syncope w ABD,8,Syncope/pre-syncope,Cardiovascular,silver,
"Afib RVR, hypotensive",5,Palpitations/irregular heart beat,Cardiovascular,rule,AFIB_RVR
Faa hipPain,555,Lower extremity pain,Orthopedic,silver,
R Hip fracture,557,Lower extremity injury,Orthopedic,rule,FEMUR_FRACTURE
trauma spine injury,552,Traumatic back/spine injury,Orthopedic,silver,
vertigo facial droop,402,Confusion,Neurologic,silver,
COPD excerpation,651,Shortness of breath,Respiratory,silver,
Head trauma,407,Head injury,Neurologic,silver,
hemotomesis,259,Vomiting blood,Gastrointestinal,silver,
hypocix,651,Shortness of breath,Respiratory,silver,
apparent stroke in evolution,409,Extremity weakness/symptoms of CVA,Neurologic,rule,CVA_STROKE
assault + intoxication,751,Substance misuse/intoxication,Substance Misuse,silver,
"Head injury, intoxication, altered mental status",401,Altered level of consciousness,Neurologic,silver,
fib fx,557,Lower extremity injury,Orthopedic,silver,
headache,404,Headache,Neurologic,silver,
schizophrenia,353,Hallucinations/delusions,Mental Health,silver,
Resp failure,652,Respiratory arrest,Respiratory,silver,
ABD infection,251,Abdominal pain,Gastrointestinal,silver,
Respiratory failure,652,Respiratory arrest,Respiratory,silver,
"ESLD, Sepsis",999,Unknown,General and Minor,rule,SEPSIS_UNKNOWN
Hanging attempt,351,Depression/suicidal/deliberate self-harm,Mental Health,silver,
back Pain,551,Back pain,Orthopedic,silver,
Complete HB,999,Unknown,General and Minor,silver,
Hypotension/tachycardia,999,Unknown,General and Minor,silver,
Confusion/weakness/SOB,402,Confusion,Neurologic,silver,
shock,999,Unknown,General and Minor,silver,
SOB + ETDH w/d,651,Shortness of breath,Respiratory,silver,
urosepsis,307,UTI complaints,Genitourinary,silver,
hemorrahgic cellulitis,709,Localized swelling/redness,Skin,rule,LOCALIZED_INFECTION
sort tissue infection,711,Other skin conditions,Skin,silver,
hypotension,999,Unknown,General and Minor,silver,
sever trombocytopenia,864,Pallor/anemia,General and Minor,silver,
Severe Bleeding,151,Epistaxis,ENT - Nose,silver,
testicular pain (L),305,Scrotal pain and/or swelling,Genitourinary,silver,
fall,802,Major trauma—blunt,Trauma,silver,
acute sepsis,999,Unknown,General and Minor,rule,SEPSIS_UNKNOWN
dyspnea,651,Shortness of breath,Respiratory,silver,
Bowel perforation,251,Abdominal pain,Gastrointestinal,rule,BOWEL_PERFORATION
TBI,407,Head injury,Neurologic,silver,
New LBBB,866,Minor complaints NOS,General and Minor,silver,
"OD, SI",752,Overdose ingestion,Substance Misuse,rule,OVERDOSE
Femur FX,557,Lower extremity injury,Orthopedic,rule,FEMUR_FRACTURE
Chest Pain/ Possible Caardiac,3,Chest pain—cardiac features,Cardiovascular,silver,
L lupfx,999,Unknown,General and Minor,silver,
R Leg Pain,555,Lower extremity pain,Orthopedic,silver,
"Hip fracture, Prob TB",557,Lower extremity injury,Orthopedic,rule,FEMUR_FRACTURE
Cardiogeric / septic shock,999,Unknown,General and Minor,rule,SEPSIS_UNKNOWN
acute heart failure,999,Unknown,General and Minor,silver,
Probable CHF,999,Unknown,General and Minor,rule,CHF_UNKNOWN
EGD,999,Unknown,General and Minor,silver,
<LOCATION> weak,999,Unknown,General and Minor,rule,SCRUBBED_LOCATION_WEAK_UNKNOWN
ATV Accident Low back pain,551,Back pain,Orthopedic,silver,
L sided facial droop - stroke,409,Extremity weakness/symptoms of CVA,Neurologic,rule,CVA_STROKE
lupus pericarditis,999,Unknown,General and Minor,silver,
<PERSON> due to GI bleed,260,Blood in stool/melena,Gastrointestinal,rule,GI_BLEED
AC Cholecystitis,251,Abdominal pain,Gastrointestinal,rule,CHOLECYSTITIS
CMF,999,Unknown,General and Minor,silver,
cough hypoxia,653,Cough/congestion,Respiratory,silver,
"pain, hypotension",999,Unknown,General and Minor,silver,
intructible n?V,257,Nausea and/or vomiting,Gastrointestinal,silver,
vertigo,403,Vertigo,Neurologic,silver,
"seizures, focal, presistent",405,Seizure,Neurologic,silver,
"seizure , hypoxia",405,Seizure,Neurologic,silver,
seizures - multiple,405,Seizure,Neurologic,silver,
SOB + CP,651,Shortness of breath,Respiratory,silver,
siezures,405,Seizure,Neurologic,silver,
"AMS, visual change",401,Altered level of consciousness,Neurologic,silver,
R ankle fx,557,Lower extremity injury,Orthopedic,silver,
Acute psychosis,353,Hallucinations/delusions,Mental Health,rule,PSYCHOSIS
"Vomiting, GI bleed, confusion",260,Blood in stool/melena,Gastrointestinal,rule,GI_BLEED
L sided weakness and <LOCATION>,409,Extremity weakness/symptoms of CVA,Neurologic,silver,
"SOB, hypoxia",651,Shortness of breath,Respiratory,silver,
right flank pain,301,Flank pain,Genitourinary,silver,
"LOC, EKG changes",401,Altered level of consciousness,Neurologic,silver,
acute encephalophaty,402,Confusion,Neurologic,silver,
"anemia, loss of unconsousness",864,Pallor/anemia,General and Minor,silver,
anemia <DATE_TIME> GI Bleed,260,Blood in stool/melena,Gastrointestinal,rule,GI_BLEED
CP Hypertensive,6,Hypertension,Cardiovascular,silver,
Chest Pain /Elvated Cardiac Enzymes,3,Chest pain—cardiac features,Cardiovascular,silver,
"<LOCATION>, fever, cough",154,URTI complaints,ENT - Nose,silver,
abnormal uterine blood,455,Vaginal bleed,OB/GYN,silver,
Hypothermia arrest,205,Hypothermia,Environmental,rule,HYPOTHERMIA
"PE, heparin infusion",999,Unknown,General and Minor,silver,
Foot pain,555,Lower extremity pain,Orthopedic,silver,
"Chest pain, bradycardia",3,Chest pain—cardiac features,Cardiovascular,silver,
STEMU,3,Chest pain—cardiac features,Cardiovascular,silver,
ETOH,751,Substance misuse/intoxication,Substance Misuse,silver,
Lightheaded,8,Syncope/pre-syncope,Cardiovascular,silver,
hypertensive emergency,6,Hypertension,Cardiovascular,silver,
"Bleeding, <NRP>",999,Unknown,General and Minor,silver,
Bleeding Esophaseal,259,Vomiting blood,Gastrointestinal,silver,
Ischemic stroke s/p tPA,865,Post-operative complications,General and Minor,rule,POST_OP
R prox humerus fx,556,Upper extremity injury,Orthopedic,silver,
orbital cellulitis,709,Localized swelling/redness,Skin,rule,LOCALIZED_INFECTION
"rectal bleeding, anemia",260,Blood in stool/melena,Gastrointestinal,silver,
PNA,154,URTI complaints,ENT - Nose,silver,
Bowel Obstruction,251,Abdominal pain,Gastrointestinal,rule,BOWEL_OBSTRUCTION
Facial laceration,704,Laceration/puncture,Skin,silver,
Liver failure,863,Abnormal lab values,General and Minor,silver,
Ascited,263,Abdominal mass/distention,Gastrointestinal,silver,
Intentional O/D,752,Overdose ingestion,Substance Misuse,silver,
hip,555,Lower extremity pain,Orthopedic,silver,
compartment syndrome,999,Unknown,General and Minor,silver,
"R knee pain, concern for septic arthropathy",558,Joint(s) swelling,Orthopedic,rule,SEPTIC_ARTHRITIS
RLQ pain - appendicitis,251,Abdominal pain,Gastrointestinal,silver,
Tib/ Fib Fx,557,Lower extremity injury,Orthopedic,silver,
incarcerated inguial hernia,256,Groin pain/mass,Gastrointestinal,silver,
R hip fracture,557,Lower extremity injury,Orthopedic,rule,FEMUR_FRACTURE
significant burns,705,Burn,Skin,silver,
Left femur fracture,557,Lower extremity injury,Orthopedic,rule,FEMUR_FRACTURE
Chest Pain / ACS,3,Chest pain—cardiac features,Cardiovascular,rule,ACS
Syncope,8,Syncope/pre-syncope,Cardiovascular,silver,
"ETOH, MVC, LOC Chest pain",3,Chest pain—cardiac features,Cardiovascular,silver,
chect pain,3,Chest pain—cardiac features,Cardiovascular,silver,
cardiopulmonary arrest,1,Cardiac arrest (non-traumatic),Cardiovascular,silver,
SI/AICD activation,3,Chest pain—cardiac features,Cardiovascular,silver,
SAB/Hemorrhage,455,Vaginal bleed,OB/GYN,silver,
AC cholengestitis,999,Unknown,General and Minor,silver,
patella disclocation,557,Lower extremity injury,Orthopedic,silver,
"abscess, dm foot infection",709,Localized swelling/redness,Skin,rule,LOCALIZED_INFECTION
"<PERSON> pain, perf diverticulitis",251,Abdominal pain,Gastrointestinal,silver,
GI bleed/Bowel obstruction,251,Abdominal pain,Gastrointestinal,rule,BOWEL_OBSTRUCTION
Undifferentiated shock,999,Unknown,General and Minor,silver,
hypoxia altered mental,401,Altered level of consciousness,Neurologic,silver,
nausea,257,Nausea and/or vomiting,Gastrointestinal,silver,
Chest pain with abnormal EKG,3,Chest pain—cardiac features,Cardiovascular,silver,
SOB COVID +,651,Shortness of breath,Respiratory,rule,COVID_RESPIRATORY
Multiple Stab wounds,801,Major trauma—penetrating,Trauma,rule,MAJOR_TRAUMA_PENETRATING
COVID,154,URTI complaints,ENT - Nose,silver,
somnolence,401,Altered level of consciousness,Neurologic,silver,
perforated viscous,866,Minor complaints NOS,General and Minor,silver,
<PERSON> injury R hand/Open fracture,556,Upper extremity injury,Orthopedic,silver,
cardiac arrest,1,Cardiac arrest (non-traumatic),Cardiovascular,rule,CARDIAC_ARREST
Spetil arthritis,866,Minor complaints NOS,General and Minor,silver,
Alleged Assault,802,Major trauma—blunt,Trauma,silver,
Hip dislocation,557,Lower extremity injury,Orthopedic,silver,
necro fascitis,866,Minor complaints NOS,General and Minor,silver,
"sepsis, AMS",999,Unknown,General and Minor,rule,SEPSIS_UNKNOWN
AMS (GCS) Respiratory distress,651,Shortness of breath,Respiratory,silver,
Covid hypoxia,651,Shortness of breath,Respiratory,rule,COVID_RESPIRATORY
facial swelling,104,Neck swelling/pain,ENT - Mouth/Throat/Neck,silver,
palpitations,5,Palpitations/irregular heart beat,Cardiovascular,silver,
Chest pain/SOB,3,Chest pain—cardiac features,Cardiovascular,silver,
Chest Pain /SOB,3,Chest pain—cardiac features,Cardiovascular,silver,
Infection of feet,709,Localized swelling/redness,Skin,silver,
foot-surgical interventions,865,Post-operative complications,General and Minor,silver,
preclampsia,457,"Pregnancy issues, <20 weeks",OB/GYN,silver,
shoulder dislocation,556,Upper extremity injury,Orthopedic,silver,
"chest pain, unstable angina",3,Chest pain—cardiac features,Cardiovascular,silver,
face trauma,102,Facial trauma,ENT - Mouth/Throat/Neck,silver,
"hallucinations, SI",353,Hallucinations/delusions,Mental Health,rule,PSYCHOSIS
subarachnoid hemorage,999,Unknown,General and Minor,silver,
LOC+ NIV,401,Altered level of consciousness,Neurologic,silver,
fell down stairs,802,Major trauma—blunt,Trauma,silver,
Testicular rupture,305,Scrotal pain and/or swelling,Genitourinary,silver,
complete Heart Block,1,Cardiac arrest (non-traumatic),Cardiovascular,silver,
L foot skin infection,709,Localized swelling/redness,Skin,silver,
left eye injury,510,Eye trauma,Ophthalmology,silver,
Perforated sigmoid editis,866,Minor complaints NOS,General and Minor,silver,
hgb 5.7,864,Pallor/anemia,General and Minor,silver,
"Anemia, GIB",260,Blood in stool/melena,Gastrointestinal,rule,GI_BLEED
"GIB, anemia",260,Blood in stool/melena,Gastrointestinal,rule,GI_BLEED
L hip[ fx,552,Traumatic back/spine injury,Orthopedic,silver,
Eye pain,505,Eye pain,Ophthalmology,silver,
"UTI, sepsis, CVA",999,Unknown,General and Minor,rule,SEPSIS_UNKNOWN
"Weakness, falls, SOB",7,General weakness,Cardiovascular,silver,
"SI, at risk adult",351,Depression/suicidal/deliberate self-harm,Mental Health,silver,
intent for self harm,351,Depression/suicidal/deliberate self-harm,Mental Health,rule,SUICIDAL
fx R hip,552,Traumatic back/spine injury,Orthopedic,silver,
ADB PAIN,251,Abdominal pain,Gastrointestinal,silver,
Arm fracture,556,Upper extremity injury,Orthopedic,silver,
femur fracture,557,Lower extremity injury,Orthopedic,rule,FEMUR_FRACTURE
MVA,802,Major trauma—blunt,Trauma,rule,MAJOR_TRAUMA_BLUNT
Right lower leg fracture,557,Lower extremity injury,Orthopedic,silver,
"Trauma, head injury",407,Head injury,Neurologic,silver,
Tibial Fracture,557,Lower extremity injury,Orthopedic,silver,
intraparenchymal hematoma/ATV trauma,802,Major trauma—blunt,Trauma,silver,
eclapmsia,458,"Pregnancy issues, >20 weeks",OB/GYN,silver,
S2 epilepsy,405,Seizure,Neurologic,silver,
LAC w/ possible,704,Laceration/puncture,Skin,silver,
"Acetaminophen overdose, SI",752,Overdose ingestion,Substance Misuse,rule,OVERDOSE
recurrent syncope,8,Syncope/pre-syncope,Cardiovascular,silver,
Acute ABD Pain,251,Abdominal pain,Gastrointestinal,silver,
R hip pain,555,Lower extremity pain,Orthopedic,silver,
open left arm,556,Upper extremity injury,Orthopedic,silver,
Foreign body in airway,656,Respiratory foreign body,Respiratory,silver,
pregnant + bleeding,455,Vaginal bleed,OB/GYN,silver,
Suspected Spinal Cord Injury,552,Traumatic back/spine injury,Orthopedic,silver,
"Seizures, status ?stroke",409,Extremity weakness/symptoms of CVA,Neurologic,rule,CVA_STROKE
Status epilepticus,405,Seizure,Neurologic,silver,
"syncope, bradycardia",8,Syncope/pre-syncope,Cardiovascular,silver,
1st trimester bleeding,455,Vaginal bleed,OB/GYN,silver,
hyponatremia,863,Abnormal lab values,General and Minor,silver,
RLQ pain pregnancy,457,"Pregnancy issues, <20 weeks",OB/GYN,silver,
snowmachine trauma,802,Major trauma—blunt,Trauma,silver,
MC,999,Unknown,General and Minor,silver,
Elbow fracture,556,Upper extremity injury,Orthopedic,silver,
Unstable Angina,3,Chest pain—cardiac features,Cardiovascular,silver,
trauma /liver,806,Isolated abdominal trauma—blunt,Trauma,silver,
Hypotensive,866,Minor complaints NOS,General and Minor,silver,
pre-term labor,458,"Pregnancy issues, >20 weeks",OB/GYN,silver,
Leg FX,557,Lower extremity injury,Orthopedic,silver,
OB,457,"Pregnancy issues, <20 weeks",OB/GYN,silver,
vaginal bleeding in pregnancy,458,"Pregnancy issues, >20 weeks",OB/GYN,silver,
"Acute abdomen, fever, peritonitis? Appendicitis?",251,Abdominal pain,Gastrointestinal,silver,
Left Femur Fracture,557,Lower extremity injury,Orthopedic,rule,FEMUR_FRACTURE
L knee,555,Lower extremity pain,Orthopedic,silver,
suicide attempt by hanging,351,Depression/suicidal/deliberate self-harm,Mental Health,rule,SUICIDAL
?stroke,409,Extremity weakness/symptoms of CVA,Neurologic,rule,CVA_STROKE
Painful vision loss,504,Visual disturbance,Ophthalmology,silver,
elevated intraocular pressure,504,Visual disturbance,Ophthalmology,silver,
ran over by atv,802,Major trauma—blunt,Trauma,silver,
fall w/ hip pain,555,Lower extremity pain,Orthopedic,silver,
Left ankle injury,556,Upper extremity injury,Orthopedic,silver,
abscess cellulitis,709,Localized swelling/redness,Skin,rule,LOCALIZED_INFECTION
abdominal pain in pregnancy,458,"Pregnancy issues, >20 weeks",OB/GYN,silver,
"Pregnant, <PERSON>",457,"Pregnancy issues, <20 weeks",OB/GYN,silver,
Cp,3,Chest pain—cardiac features,Cardiovascular,silver,
"SOB, SVT",651,Shortness of breath,Respiratory,silver,
motorcycle crash,802,Major trauma—blunt,Trauma,silver,
Eye trauma,510,Eye trauma,Ophthalmology,silver,
MVC / thigh,802,Major trauma—blunt,Trauma,silver,
<PERSON> with fever,852,Fever,General and Minor,silver,
resp failure,652,Respiratory arrest,Respiratory,rule,RESPIRATORY_ARREST
AECOPD,651,Shortness of breath,Respiratory,silver,
Drug / Seizure,405,Seizure,Neurologic,silver,
Acute dyspnea,651,Shortness of breath,Respiratory,silver,
"overdose, hypoxia",752,Overdose ingestion,Substance Misuse,rule,OVERDOSE
chest pain,4,Chest pain—non-cardiac features,Cardiovascular,silver,
ATV Accident leg amputation,553,Amputation,Orthopedic,silver,
"ABD, fever",251,Abdominal pain,Gastrointestinal,silver,
sever ABD pain,251,Abdominal pain,Gastrointestinal,silver,
Contactions,458,"Pregnancy issues, >20 weeks",OB/GYN,rule,PREGNANCY_LATE
"<LOCATION>, COVID, <PERSON>",653,Cough/congestion,Respiratory,rule,COVID
Trauma from fall,407,Head injury,Neurologic,silver,
L side weakness,409,Extremity weakness/symptoms of CVA,Neurologic,silver,
"fall, seizure",405,Seizure,Neurologic,silver,
Left sided seizure,405,Seizure,Neurologic,silver,
"nausea, vomiting, poisioning?",257,Nausea and/or vomiting,Gastrointestinal,silver,
stab wounds,801,Major trauma—penetrating,Trauma,rule,MAJOR_TRAUMA_PENETRATING
"AMS, seizure",405,Seizure,Neurologic,silver,
premature,458,"Pregnancy issues, >20 weeks",OB/GYN,rule,PREGNANCY_LATE
<NRP> like Activity,999,Unknown,General and Minor,silver,
L thigh hemotoma,557,Lower extremity injury,Orthopedic,silver,
urinary ret,306,Urinary retention,Genitourinary,silver,
ENT Bleed,151,Epistaxis,ENT - Nose,silver,
Abdominal/head trauma,806,Isolated abdominal trauma—blunt,Trauma,silver,
Upper GI bleed,260,Blood in stool/melena,Gastrointestinal,silver,
Chest pain,4,Chest pain—non-cardiac features,Cardiovascular,silver,
CP,4,Chest pain—non-cardiac features,Cardiovascular,silver,
shortnss of breath,651,Shortness of breath,Respiratory,silver,
L hip[ fx,557,Lower extremity injury,Orthopedic,silver,
afib + RVR,5,Palpitations/irregular heart beat,Cardiovascular,rule,AFIB_RVR
seizure disorder,405,Seizure,Neurologic,silver,
poverdose tylenol,752,Overdose ingestion,Substance Misuse,rule,OVERDOSE
open fx L,557,Lower extremity injury,Orthopedic,silver,
SI with plan,351,Depression/suicidal/deliberate self-harm,Mental Health,rule,SUICIDAL
Left Buttocks Abscess,709,Localized swelling/redness,Skin,silver,
hand infection,709,Localized swelling/redness,Skin,silver,
"Obtunded, c/f overdose",752,Overdose ingestion,Substance Misuse,rule,OVERDOSE
"Snowmobile trauma, mandibular fracture",999,Unknown,General and Minor,silver,
ingestion,752,Overdose ingestion,Substance Misuse,rule,OVERDOSE
thiracic spinal fxs,551,Back pain,Orthopedic,silver,
unstable spinal fructure,551,Back pain,Orthopedic,silver,
Neck / Head pain,104,Neck swelling/pain,ENT - Mouth/Throat/Neck,silver,
"Sepsis unknown, heart failure",999,Unknown,General and Minor,rule,SEPSIS_UNKNOWN
laceration,704,Laceration/puncture,Skin,silver,
"complex tib fib fx, alcohol intoxication",751,Substance misuse/intoxication,Substance Misuse,silver,
complex fibl fb fx,999,Unknown,General and Minor,silver,
Stroke sx,409,Extremity weakness/symptoms of CVA,Neurologic,rule,CVA_STROKE
Acute myocardial infarction,3,Chest pain—cardiac features,Cardiovascular,silver,
vomiting blood,259,Vomiting blood,Gastrointestinal,silver,
"COPD, ulcer",999,Unknown,General and Minor,silver,
edema,9,"Edema, generalized",Cardiovascular,silver,
Cellulitis,709,Localized swelling/redness,Skin,rule,LOCALIZED_INFECTION
"urine retention, osteomyelitis",306,Urinary retention,Genitourinary,silver,
back pain,551,Back pain,Orthopedic,silver,
severe sepsis,999,Unknown,General and Minor,rule,SEPSIS_UNKNOWN
NIV,999,Unknown,General and Minor,silver,
ABD Paint,251,Abdominal pain,Gastrointestinal,silver,
vomitinh,257,Nausea and/or vomiting,Gastrointestinal,silver,
CKDV,999,Unknown,General and Minor,silver,
sever anemia,864,Pallor/anemia,General and Minor,silver,
<PERSON> Trauma,802,Major trauma—blunt,Trauma,silver,
Skull fractures,407,Head injury,Neurologic,silver,
Diverticulitis,251,Abdominal pain,Gastrointestinal,silver,
Acute ETOH,751,Substance misuse/intoxication,Substance Misuse,silver,
alcohol withdrawal syndrome,753,Substance withdrawal,Substance Misuse,rule,SUBSTANCE_WITHDRAWAL
intractable vomiting,257,Nausea and/or vomiting,Gastrointestinal,silver,
"Snowmobile injury, suspected spinal injury",552,Traumatic back/spine injury,Orthopedic,silver,
Head Trauma Loc w/ AMS,407,Head injury,Neurologic,silver,
ETOH withdrawal,753,Substance withdrawal,Substance Misuse,rule,SUBSTANCE_WITHDRAWAL
Snow machine accident,802,Major trauma—blunt,Trauma,silver,
Unstabke cervical spine fracture,552,Traumatic back/spine injury,Orthopedic,silver,
"Hip Pain, Possible fracture",555,Lower extremity pain,Orthopedic,silver,
Hip fracture,557,Lower extremity injury,Orthopedic,rule,FEMUR_FRACTURE
Rib Pain,554,Upper extremity pain,Orthopedic,silver,
A Fib,5,Palpitations/irregular heart beat,Cardiovascular,silver,
EKG,859,Imaging tests,General and Minor,silver,
"ataxia , vertigo",406,Gait disturbance/ataxia,Neurologic,silver,
"hypothermia, cold injury",205,Hypothermia,Environmental,rule,HYPOTHERMIA
"<PERSON> pain, fever, tachycardia",852,Fever,General and Minor,silver,
hypertension,6,Hypertension,Cardiovascular,silver,
"<PERSON> pain, elevated BP",6,Hypertension,Cardiovascular,silver,
oral trauma SI,264,Anal/rectal trauma,Gastrointestinal,silver,
Failure to thrive,866,Minor complaints NOS,General and Minor,silver,
Alered LOC/ Hypoglycemia,854,Hypoglycemia,General and Minor,silver,
unstable cervical spine fracture,552,Traumatic back/spine injury,Orthopedic,silver,
cholerystitis,866,Minor complaints NOS,General and Minor,silver,
Choledocholithiasis,251,Abdominal pain,Gastrointestinal,rule,CHOLECYSTITIS
peritonsillar abscess,709,Localized swelling/redness,Skin,rule,LOCALIZED_INFECTION
R Leg,999,Unknown,General and Minor,silver,
N/v concern for cholecystitis,251,Abdominal pain,Gastrointestinal,rule,CHOLECYSTITIS
skull osteomyelitis,866,Minor complaints NOS,General and Minor,silver,
"assault, head injury",407,Head injury,Neurologic,silver,
pyelonephritis with suspected sepsis,999,Unknown,General and Minor,rule,SEPSIS_UNKNOWN
"hypertension, generalized weakness, inability to walk, COVID positive",7,General weakness,Cardiovascular,silver,
L Ankle injury,557,Lower extremity injury,Orthopedic,silver,
Pneumothorax,866,Minor complaints NOS,General and Minor,silver,
Stab injury abd,801,Major trauma—penetrating,Trauma,rule,MAJOR_TRAUMA_PENETRATING
Pain Right Thigh,555,Lower extremity pain,Orthopedic,silver,
suicidal thoughts and gesture,351,Depression/suicidal/deliberate self-harm,Mental Health,rule,SUICIDAL
facial fracture,102,Facial trauma,ENT - Mouth/Throat/Neck,silver,
AMS,402,Confusion,Neurologic,silver,
abnormal uterine bleeding,455,Vaginal bleed,OB/GYN,silver,
cephalgia,404,Headache,Neurologic,silver,
RLE Cellulitis,709,Localized swelling/redness,Skin,rule,LOCALIZED_INFECTION
"Eye injury trauma, alcohol intoxication",510,Eye trauma,Ophthalmology,silver,
MVC - vert fracture,552,Traumatic back/spine injury,Orthopedic,silver,
CHF exacerbation,999,Unknown,General and Minor,rule,CHF_UNKNOWN
stab wound to chest,801,Major trauma—penetrating,Trauma,rule,MAJOR_TRAUMA_PENETRATING
altered mental status,401,Altered level of consciousness,Neurologic,silver,
"Sepsis, pneumoni, hypoxia",999,Unknown,General and Minor,rule,SEPSIS_UNKNOWN
Broken arm,556,Upper extremity injury,Orthopedic,silver,
COVID + SOB,651,Shortness of breath,Respiratory,rule,COVID_RESPIRATORY
Blood loss anemia,864,Pallor/anemia,General and Minor,silver,
"SOB, Covid+",651,Shortness of breath,Respiratory,rule,COVID_RESPIRATORY
hip pain,555,Lower extremity pain,Orthopedic,silver,
Abnormal Uterine,455,Vaginal bleed,OB/GYN,silver,
Facial swelling/abscess,709,Localized swelling/redness,Skin,rule,LOCALIZED_INFECTION
Cardiac,3,Chest pain—cardiac features,Cardiovascular,silver,
LLQ Pain,251,Abdominal pain,Gastrointestinal,silver,
Vision Loss,504,Visual disturbance,Ophthalmology,silver,
<DATE_TIME> live birth,869,Newly Born,General and Minor,silver,
Acute psychosis with SI,353,Hallucinations/delusions,Mental Health,rule,PSYCHOSIS
Acetaminophen overdose,752,Overdose ingestion,Substance Misuse,rule,OVERDOSE
Si / Head wound,351,Depression/suicidal/deliberate self-harm,Mental Health,silver,
Stab wound R shoulder,801,Major trauma—penetrating,Trauma,rule,MAJOR_TRAUMA_PENETRATING
L sided weakness,409,Extremity weakness/symptoms of CVA,Neurologic,silver,
Lt knee injury,557,Lower extremity injury,Orthopedic,silver,
facial droop,409,Extremity weakness/symptoms of CVA,Neurologic,silver,
Stab wounds,801,Major trauma—penetrating,Trauma,rule,MAJOR_TRAUMA_PENETRATING
R fibula and R tibia fracture,557,Lower extremity injury,Orthopedic,silver,
Possible Pneumonia,154,URTI complaints,ENT - Nose,silver,
pulmonary embolism,3,Chest pain—cardiac features,Cardiovascular,silver,
Acute cholecystitis,251,Abdominal pain,Gastrointestinal,rule,CHOLECYSTITIS
"Hypotension, RLE weakness x2days",409,Extremity weakness/symptoms of CVA,Neurologic,silver,
MVA injury,802,Major trauma—blunt,Trauma,rule,MAJOR_TRAUMA_BLUNT
SOB / Suspect PNA,651,Shortness of breath,Respiratory,silver,
hypoxic respiratory failure,652,Respiratory arrest,Respiratory,silver,
vomiting,257,Nausea and/or vomiting,Gastrointestinal,silver,
Hematemesis,259,Vomiting blood,Gastrointestinal,silver,
contractions/no pre natal care,458,"Pregnancy issues, >20 weeks",OB/GYN,silver,
heart block,999,Unknown,General and Minor,silver,
"Alleged assault, L ankle fx",557,Lower extremity injury,Orthopedic,silver,
RLQ pain/R/o ectopic,251,Abdominal pain,Gastrointestinal,silver,
ruptured ectopic,457,"Pregnancy issues, <20 weeks",OB/GYN,silver,
Fx orbital floor,510,Eye trauma,Ophthalmology,silver,
PE,651,Shortness of breath,Respiratory,silver,
upper GI Bleed,260,Blood in stool/melena,Gastrointestinal,rule,GI_BLEED
"suicide attempt, intoxication",351,Depression/suicidal/deliberate self-harm,Mental Health,rule,SUICIDAL
"septic shock, ams",999,Unknown,General and Minor,rule,SEPSIS_UNKNOWN
"hypoxia, confusion, ataxia",402,Confusion,Neurologic,silver,
R Shoulder disclocation,556,Upper extremity injury,Orthopedic,silver,
intractable back pain,551,Back pain,Orthopedic,silver,
fish bone stuck in throat,106,Difficulty swallowing/dysphagia,ENT - Mouth/Throat/Neck,silver,
eye injury,510,Eye trauma,Ophthalmology,silver,
Gunshot wound L hand,801,Major trauma—penetrating,Trauma,rule,MAJOR_TRAUMA_PENETRATING
Seizures,405,Seizure,Neurologic,silver,
Incomplete abortion w/ hemorrage,455,Vaginal bleed,OB/GYN,silver,
"AMS, hip pain c/f fracture",401,Altered level of consciousness,Neurologic,silver,
<PERSON> stab wound,801,Major trauma—penetrating,Trauma,rule,MAJOR_TRAUMA_PENETRATING
ATV Accident,802,Major trauma—blunt,Trauma,silver,
Toxic Alcohol Ingestion,752,Overdose ingestion,Substance Misuse,rule,OVERDOSE
Severe range BP @ 29 <DATE_TIME> EOA,6,Hypertension,Cardiovascular,silver,
Fx femoral neck,557,Lower extremity injury,Orthopedic,rule,FEMUR_FRACTURE
tesricular,305,Scrotal pain and/or swelling,Genitourinary,silver,
MVC Fx,802,Major trauma—blunt,Trauma,silver,
"<PERSON>, hip pain from trauma",557,Lower extremity injury,Orthopedic,silver,
thermal injuries,705,Burn,Skin,silver,
"Fever, joint pain",852,Fever,General and Minor,silver,
L anckle fx,557,Lower extremity injury,Orthopedic,silver,
<PERSON> upper GI bleed w/severe anemia,260,Blood in stool/melena,Gastrointestinal,rule,GI_BLEED
GSW to head,801,Major trauma—penetrating,Trauma,rule,MAJOR_TRAUMA_PENETRATING
"epilepticus, intubated",405,Seizure,Neurologic,silver,
intra abd bleeding post MVC,802,Major trauma—blunt,Trauma,silver,
tension ptx,651,Shortness of breath,Respiratory,silver,
"fall, R hip pain, cannot sit for commercial flight, cannot bear weight",555,Lower extremity pain,Orthopedic,silver,
L hip pain,555,Lower extremity pain,Orthopedic,silver,
fx tib fib L,557,Lower extremity injury,Orthopedic,silver,
Left Leg Pain,555,Lower extremity pain,Orthopedic,silver,
"Pregnancy <DATE_TIME> HTN, N-V",457,"Pregnancy issues, <20 weeks",OB/GYN,silver,
Possible compartment syndrome,709,Localized swelling/redness,Skin,silver,
avulsion of nose,155,Nasal trauma,ENT - Nose,silver,
upper abd pain,251,Abdominal pain,Gastrointestinal,silver,
Small bowel obstruction,251,Abdominal pain,Gastrointestinal,rule,BOWEL_OBSTRUCTION
AS OD,752,Overdose ingestion,Substance Misuse,rule,OVERDOSE
overdese,752,Overdose ingestion,Substance Misuse,silver,
R/o stroke,409,Extremity weakness/symptoms of CVA,Neurologic,rule,CVA_STROKE
UGIB,260,Blood in stool/melena,Gastrointestinal,rule,GI_BLEED
Intentional Overdose,752,Overdose ingestion,Substance Misuse,rule,OVERDOSE
RU infection,154,URTI complaints,ENT - Nose,silver,
unresponsive,401,Altered level of consciousness,Neurologic,silver,
"Abdominal pain, pyelonephritis, sepsis",999,Unknown,General and Minor,rule,SEPSIS_UNKNOWN
Esophageal foreign body,265,Oral/esophageal foreign body,Gastrointestinal,silver,
"Head injury, confusion",407,Head injury,Neurologic,silver,
CVA,409,Extremity weakness/symptoms of CVA,Neurologic,rule,CVA_STROKE
GI Bleed,260,Blood in stool/melena,Gastrointestinal,rule,GI_BLEED
scrotal,305,Scrotal pain and/or swelling,Genitourinary,silver,
facials swelling,104,Neck swelling/pain,ENT - Mouth/Throat/Neck,silver,
PTA,107,Facial pain (non-traumatic/non-dental),ENT - Mouth/Throat/Neck,silver,
PNA/<PERSON>,999,Unknown,General and Minor,silver,
foot infection,709,Localized swelling/redness,Skin,rule,LOCALIZED_INFECTION
acute hemorrhage,151,Epistaxis,ENT - Nose,silver,
ASA overdose,752,Overdose ingestion,Substance Misuse,rule,OVERDOSE
Radial fracture with neuro compromise,556,Upper extremity injury,Orthopedic,silver,
NSTEMI/SBO,3,Chest pain—cardiac features,Cardiovascular,rule,STEMI_NSTEMI
Possible septic R knee,558,Joint(s) swelling,Orthopedic,silver,
closed head injury,407,Head injury,Neurologic,silver,
altered mental status/Rt sided weakness,409,Extremity weakness/symptoms of CVA,Neurologic,silver,
GSW Abdomen,801,Major trauma—penetrating,Trauma,rule,MAJOR_TRAUMA_PENETRATING
testicular torsion,305,Scrotal pain and/or swelling,Genitourinary,silver,
cellulitis,709,Localized swelling/redness,Skin,rule,LOCALIZED_INFECTION
oxygen,651,Shortness of breath,Respiratory,silver,
Res. <PERSON>,999,Unknown,General and Minor,silver,
tachypnea,654,Hyperventilation,Respiratory,silver,
"RSV, hypoxia",651,Shortness of breath,Respiratory,silver,
Possible aspiration,656,Respiratory foreign body,Respiratory,silver,
Left arm fracture,557,Lower extremity injury,Orthopedic,silver,
Cp new onset RBBB,3,Chest pain—cardiac features,Cardiovascular,silver,
neck pain,104,Neck swelling/pain,ENT - Mouth/Throat/Neck,silver,
"AMS, labile BP",401,Altered level of consciousness,Neurologic,silver,
Fever/Dehydration,7,General weakness,Cardiovascular,rule,DEHYDRATION
burns,705,Burn,Skin,silver,
Chest Pain,3,Chest pain—cardiac features,Cardiovascular,silver,
pROM,457,"Pregnancy issues, <20 weeks",OB/GYN,silver,
preterm rupture,457,"Pregnancy issues, <20 weeks",OB/GYN,silver,
"Appendicitis (unruptured), ovarian cyst",251,Abdominal pain,Gastrointestinal,silver,
Arm Fracture,556,Upper extremity injury,Orthopedic,silver,
L Shoulder deformity,556,Upper extremity injury,Orthopedic,silver,
R hip hematoma,716,Spontaneous bruising,Skin,silver,
HA vertigo severe sudden,403,Vertigo,Neurologic,silver,
"Head Injury, GCS",407,Head injury,Neurologic,silver,
appendicitis,251,Abdominal pain,Gastrointestinal,silver,
femur fc,557,Lower extremity injury,Orthopedic,silver,
Respiratory Distress,651,Shortness of breath,Respiratory,silver,
stroke,409,Extremity weakness/symptoms of CVA,Neurologic,rule,CVA_STROKE
encephalopathy,402,Confusion,Neurologic,silver,
DKA,853,Hyperglycemia,General and Minor,silver,
renal failure,306,Urinary retention,Genitourinary,silver,
"CHF exacerbation, renal failure, COVID",999,Unknown,General and Minor,rule,CHF_UNKNOWN
Acute stroke,409,Extremity weakness/symptoms of CVA,Neurologic,rule,CVA_STROKE
L knee infection,709,Localized swelling/redness,Skin,silver,
perforated bowel,251,Abdominal pain,Gastrointestinal,rule,BOWEL_PERFORATION
"AMS, renal failure",402,Confusion,Neurologic,silver,
"Gangrene, feet",709,Localized swelling/redness,Skin,rule,GANGRENE
Overdose,752,Overdose ingestion,Substance Misuse,rule,OVERDOSE
"MUA, Head Injury",407,Head injury,Neurologic,silver,
Metabolic Acidors,863,Abnormal lab values,General and Minor,silver,
symptomatic anemia,864,Pallor/anemia,General and Minor,silver,
"Renal insufficiency, Metabolic acidosis, severe anemia",863,Abnormal lab values,General and Minor,silver,
bladder obstruction,306,Urinary retention,Genitourinary,silver,
<PERSON> problem,359,Concern for patient's welfare,Mental Health,silver,
Gross hematuria w/ substantial drop in <NRP>,302,Hematuria,Genitourinary,silver,
R peritonsillar abscess,709,Localized swelling/redness,Skin,rule,LOCALIZED_INFECTION
Possible Broken Jaw,102,Facial trauma,ENT - Mouth/Throat/Neck,silver,
complex facial laceration,704,Laceration/puncture,Skin,silver,
ACS,3,Chest pain—cardiac features,Cardiovascular,rule,ACS
Sever ABD Pain,251,Abdominal pain,Gastrointestinal,silver,
overdose,752,Overdose ingestion,Substance Misuse,rule,OVERDOSE
GSW arm,801,Major trauma—penetrating,Trauma,rule,MAJOR_TRAUMA_PENETRATING
2nd degree burn to LLE,705,Burn,Skin,silver,
Weakness,7,General weakness,Cardiovascular,silver,
SOB/NSVT,651,Shortness of breath,Respiratory,silver,
"<PERSON>, hyperK",863,Abnormal lab values,General and Minor,silver,
fracture,999,Unknown,General and Minor,silver,
Choladocholithiasis,251,Abdominal pain,Gastrointestinal,silver,
26yo G1P0 at <DATE_TIME> <DATE_TIME> weeks with prolonger PROM,458,"Pregnancy issues, >20 weeks",OB/GYN,silver,
Abdominal Pain/ Pregnancy,251,Abdominal pain,Gastrointestinal,silver,
"G3P3 @ 38w2d, labor",458,"Pregnancy issues, >20 weeks",OB/GYN,silver,
open <DATE_TIME> finger,704,Laceration/puncture,Skin,silver,
"new onset CHH, Afib with RVR",5,Palpitations/irregular heart beat,Cardiovascular,rule,AFIB_RVR
SI Pain,551,Back pain,Orthopedic,silver,
GSW L Chest,801,Major trauma—penetrating,Trauma,rule,MAJOR_TRAUMA_PENETRATING
peritonsillar abcess,103,Sore throat,ENT - Mouth/Throat/Neck,silver,
R eye Injury,510,Eye trauma,Ophthalmology,silver,
facial trauma,102,Facial trauma,ENT - Mouth/Throat/Neck,silver,
crush injury LLE <DATE_TIME>,557,Lower extremity injury,Orthopedic,silver,
<PERSON> pain,551,Back pain,Orthopedic,silver,
"Pre-term Contraction, bleeding",457,"Pregnancy issues, <20 weeks",OB/GYN,silver,
Gastroenteritis,254,Diarrhea,Gastrointestinal,silver,
prolonged rupture of labor at term,458,"Pregnancy issues, >20 weeks",OB/GYN,silver,
PTA,103,Sore throat,ENT - Mouth/Throat/Neck,silver,
gangrene,709,Localized swelling/redness,Skin,rule,GANGRENE
New onset Afib,5,Palpitations/irregular heart beat,Cardiovascular,rule,AFIB_RVR
pneumatosis,251,Abdominal pain,Gastrointestinal,rule,INTESTINAL_PNEUMATOSIS
Suicidal Ideation,351,Depression/suicidal/deliberate self-harm,Mental Health,rule,SUICIDAL
S2 with head trauma,407,Head injury,Neurologic,silver,
GSW abdomen,801,Major trauma—penetrating,Trauma,rule,MAJOR_TRAUMA_PENETRATING
Alcoholic Ketoacidosis,999,Unknown,General and Minor,silver,
pre-eclampsia,455,Vaginal bleed,OB/GYN,rule,PPH_OBSTETRIC_BLEED
ETOH / back pain,551,Back pain,Orthopedic,silver,
active seizures,405,Seizure,Neurologic,silver,
status epilepticus,405,Seizure,Neurologic,silver,
septic knee,558,Joint(s) swelling,Orthopedic,silver,
r/o CVA,409,Extremity weakness/symptoms of CVA,Neurologic,rule,CVA_STROKE
Depression SI,351,Depression/suicidal/deliberate self-harm,Mental Health,silver,
Preterm ROM,457,"Pregnancy issues, <20 weeks",OB/GYN,silver,
Cholestasis of Pregnancy,457,"Pregnancy issues, <20 weeks",OB/GYN,silver,
"pregnant , bleeding",455,Vaginal bleed,OB/GYN,silver,
acute pre term labor,457,"Pregnancy issues, <20 weeks",OB/GYN,silver,
covid pneumonia,651,Shortness of breath,Respiratory,rule,COVID_RESPIRATORY
Peritonsilar abcess,103,Sore throat,ENT - Mouth/Throat/Neck,silver,
contractions/ <DATE_TIME> pregnanct,457,"Pregnancy issues, <20 weeks",OB/GYN,silver,
<DATE_TIME> w/ PPROM,457,"Pregnancy issues, <20 weeks",OB/GYN,silver,
hemoptysis,655,Hemoptysis,Respiratory,silver,
cancer,999,Unknown,General and Minor,silver,
coughing w Blood,655,Hemoptysis,Respiratory,silver,
WRC FAC,999,Unknown,General and Minor,silver,
"Testicular pain, r/o testicular torsion",305,Scrotal pain and/or swelling,Genitourinary,silver,
miscarriage,457,"Pregnancy issues, <20 weeks",OB/GYN,silver,
Altered L.O.C,401,Altered level of consciousness,Neurologic,silver,
Fall from stationary vehicle,802,Major trauma—blunt,Trauma,silver,
cervical spinal fracture,552,Traumatic back/spine injury,Orthopedic,silver,
multiple stab wounds,801,Major trauma—penetrating,Trauma,rule,MAJOR_TRAUMA_PENETRATING
"L pneumothorax, SDH, IPH, SAH",802,Major trauma—blunt,Trauma,silver,
"hypoxia, RSV+",651,Shortness of breath,Respiratory,silver,
"feer, abd pain",852,Fever,General and Minor,silver,
SAB,457,"Pregnancy issues, <20 weeks",OB/GYN,silver,
eyelid laceration,704,Laceration/puncture,Skin,silver,
abdominal pain,251,Abdominal pain,Gastrointestinal,silver,
OD: Tranapol,752,Overdose ingestion,Substance Misuse,rule,OVERDOSE
overdose intentional,752,Overdose ingestion,Substance Misuse,rule,OVERDOSE
drank bleach,204,Chemical exposure,Environmental,silver,
Accidental ingestion of Lisinopril,752,Overdose ingestion,Substance Misuse,rule,OVERDOSE
Finger injury,556,Upper extremity injury,Orthopedic,silver,
STEMI,3,Chest pain—cardiac features,Cardiovascular,rule,STEMI_NSTEMI
respiratory,651,Shortness of breath,Respiratory,silver,
Ruptured Appendicitis,251,Abdominal pain,Gastrointestinal,silver,
Possible COVID/SARS,154,URTI complaints,ENT - Nose,silver,
<PERSON> gangrene,709,Localized swelling/redness,Skin,rule,GANGRENE
pirulinate dislocation,999,Unknown,General and Minor,silver,
synocopal episode,8,Syncope/pre-syncope,Cardiovascular,silver,
acute liver failure,261,Jaundice,Gastrointestinal,silver,
"colitis, acute colovesical fistula",251,Abdominal pain,Gastrointestinal,silver,
contractions R/O labor,458,"Pregnancy issues, >20 weeks",OB/GYN,silver,
SI with Plan,351,Depression/suicidal/deliberate self-harm,Mental Health,rule,SUICIDAL
Skull Fructure,802,Major trauma—blunt,Trauma,silver,
septic elbow,558,Joint(s) swelling,Orthopedic,silver,
unable to move arms,409,Extremity weakness/symptoms of CVA,Neurologic,silver,
epelicticus,405,Seizure,Neurologic,silver,
Preeclampsia,455,Vaginal bleed,OB/GYN,rule,PPH_OBSTETRIC_BLEED
found unresponsive,401,Altered level of consciousness,Neurologic,silver,
neurologic deficit,409,Extremity weakness/symptoms of CVA,Neurologic,silver,
ongioedema,657,Allergic reaction,Respiratory,silver,
Puncture wound,704,Laceration/puncture,Skin,silver,
fever abd pain,251,Abdominal pain,Gastrointestinal,silver,
A Flutter RVR,5,Palpitations/irregular heart beat,Cardiovascular,rule,AFIB_RVR
sepsis with COVID,999,Unknown,General and Minor,rule,SEPSIS_UNKNOWN
Ac appendicitis,251,Abdominal pain,Gastrointestinal,silver,
"seizure, fever",405,Seizure,Neurologic,silver,
"s/p trauma, maxilla fracture with lop laceration requiring repair under general anasthesia in OR",865,Post-operative complications,General and Minor,rule,POST_OP
withdrawal CIWA24,753,Substance withdrawal,Substance Misuse,rule,SUBSTANCE_WITHDRAWAL
Alcohol wdrwal,753,Substance withdrawal,Substance Misuse,silver,
"Abdominal pain, SMV thrombosis",251,Abdominal pain,Gastrointestinal,silver,
Physician eval,855,Direct referral for consultation,General and Minor,silver,
subdural hematoma,407,Head injury,Neurologic,silver,
NSTEMI,3,Chest pain—cardiac features,Cardiovascular,rule,STEMI_NSTEMI
Ideation,351,Depression/suicidal/deliberate self-harm,Mental Health,silver,
End Stage liver,999,Unknown,General and Minor,silver,
Liver failure,999,Unknown,General and Minor,silver,
liver failure,999,Unknown,General and Minor,silver,
PPH/retained placenta/preeclampsice,455,Vaginal bleed,OB/GYN,rule,PPH_OBSTETRIC_BLEED
pneumomediastinum,999,Unknown,General and Minor,silver,
ETOH / SI hanging attempt,351,Depression/suicidal/deliberate self-harm,Mental Health,silver,
Stab wound,801,Major trauma—penetrating,Trauma,rule,MAJOR_TRAUMA_PENETRATING
R/O Septic Joint,558,Joint(s) swelling,Orthopedic,silver,
Sever cellulitis,709,Localized swelling/redness,Skin,rule,LOCALIZED_INFECTION
vision loss / eye pain,504,Visual disturbance,Ophthalmology,silver,
Molar pregnany,457,"Pregnancy issues, <20 weeks",OB/GYN,silver,
pneumonia,154,URTI complaints,ENT - Nose,silver,
throat swelling,104,Neck swelling/pain,ENT - Mouth/Throat/Neck,silver,
laceration to neck,704,Laceration/puncture,Skin,silver,
Head Injury,407,Head injury,Neurologic,silver,
Title 47 - SI,351,Depression/suicidal/deliberate self-harm,Mental Health,silver,
pnuemothrax,999,Unknown,General and Minor,silver,
"Ischemic stroke, hypertensive emergency",409,Extremity weakness/symptoms of CVA,Neurologic,rule,CVA_STROKE
BRBPR,260,Blood in stool/melena,Gastrointestinal,rule,GI_BLEED
Decreased SPO2,651,Shortness of breath,Respiratory,silver,
3x febrile,852,Fever,General and Minor,silver,
shortness of breath,651,Shortness of breath,Respiratory,silver,
possible stroke,409,Extremity weakness/symptoms of CVA,Neurologic,rule,CVA_STROKE
pnemonia bronchitis,154,URTI complaints,ENT - Nose,silver,
Arterial Epistaxis,151,Epistaxis,ENT - Nose,silver,
Back pain,551,Back pain,Orthopedic,silver,
Assault,802,Major trauma—blunt,Trauma,silver,
Hypertension,6,Hypertension,Cardiovascular,silver,
palpitation,5,Palpitations/irregular heart beat,Cardiovascular,silver,
undifferentiated chest pain/dyspnea,3,Chest pain—cardiac features,Cardiovascular,silver,
"Pneumonia, confusion",402,Confusion,Neurologic,silver,
"labs, eval",863,Abnormal lab values,General and Minor,silver,
SVT,5,Palpitations/irregular heart beat,Cardiovascular,silver,
"ascites, pleural",263,Abdominal mass/distention,Gastrointestinal,silver,
fever in infant,852,Fever,General and Minor,silver,
Blood Diarhea,260,Blood in stool/melena,Gastrointestinal,silver,
fever infant,852,Fever,General and Minor,silver,
fever unknown origin,852,Fever,General and Minor,silver,
facial burn,705,Burn,Skin,silver,
Appendicitis,251,Abdominal pain,Gastrointestinal,silver,
toxic injestion,752,Overdose ingestion,Substance Misuse,silver,
central line,860,Medical device problem,General and Minor,silver,
Fever for <DATE_TIME>,852,Fever,General and Minor,silver,
"pre term child, resp distress",651,Shortness of breath,Respiratory,silver,
Acute allergic reaction,657,Allergic reaction,Respiratory,rule,ALLERGIC_REACTION
hypo,854,Hypoglycemia,General and Minor,silver,
"weak, lethargic <DATE_TIME>",7,General weakness,Cardiovascular,silver,
Fever / Distress,852,Fever,General and Minor,silver,
"Unresponsive, drug overdose",752,Overdose ingestion,Substance Misuse,rule,OVERDOSE
Bowel perforation gastric,251,Abdominal pain,Gastrointestinal,rule,BOWEL_PERFORATION
labor,458,"Pregnancy issues, >20 weeks",OB/GYN,silver,
burn,705,Burn,Skin,silver,
RLQ Pain,251,Abdominal pain,Gastrointestinal,silver,
Bleeding in trimester,455,Vaginal bleed,OB/GYN,silver,
Difficulty breathing,651,Shortness of breath,Respiratory,silver,
toxic ingestion,752,Overdose ingestion,Substance Misuse,rule,OVERDOSE
L prox tib/fib fx,557,Lower extremity injury,Orthopedic,silver,
Drug Overdose,752,Overdose ingestion,Substance Misuse,rule,OVERDOSE
vaginal bleeding,455,Vaginal bleed,OB/GYN,silver,
hepatocellular failure,863,Abnormal lab values,General and Minor,silver,
Trauma,802,Major trauma—blunt,Trauma,silver,
Foreign body aspiration,656,Respiratory foreign body,Respiratory,silver,
MVC,802,Major trauma—blunt,Trauma,silver,
Influenza,154,URTI complaints,ENT - Nose,silver,
"Assault, head injury",407,Head injury,Neurologic,silver,
conjutivitis,506,"Red eye, discharge",Ophthalmology,silver,
fx,802,Major trauma—blunt,Trauma,silver,
ATV Trauma,802,Major trauma—blunt,Trauma,silver,
Ankle fracture (L),557,Lower extremity injury,Orthopedic,silver,
possible meningits/sepsis,999,Unknown,General and Minor,rule,SEPSIS_UNKNOWN
COVID/Pneumonia,651,Shortness of breath,Respiratory,rule,COVID_RESPIRATORY
<PERSON> pain,866,Minor complaints NOS,General and Minor,silver,
fever <DATE_TIME>,852,Fever,General and Minor,silver,
SBO,251,Abdominal pain,Gastrointestinal,rule,BOWEL_OBSTRUCTION
presumed viral resp. infection,154,URTI complaints,ENT - Nose,silver,
"finger laceration , fracture",704,Laceration/puncture,Skin,silver,
Meningitis,999,Unknown,General and Minor,silver,
sz-like activity/fever,405,Seizure,Neurologic,silver,
ABD,251,Abdominal pain,Gastrointestinal,silver,
<PERSON> pain,555,Lower extremity pain,Orthopedic,silver,
"Hip pain, trauma",557,Lower extremity injury,Orthopedic,silver,
Covidity,851,Exposure to communicable disease,General and Minor,silver,
Abnormal EKG,863,Abnormal lab values,General and Minor,silver,
weakness,7,General weakness,Cardiovascular,silver,
food impactio,106,Difficulty swallowing/dysphagia,ENT - Mouth/Throat/Neck,silver,
"psychosis, SI",353,Hallucinations/delusions,Mental Health,rule,PSYCHOSIS
ruptured penis,310,Genital trauma,Genitourinary,silver,
ha FEVER vomiting,852,Fever,General and Minor,silver,
seizures status,405,Seizure,Neurologic,silver,
head trauma and LOC,407,Head injury,Neurologic,silver,
"Hanging, respiratory arrest",652,Respiratory arrest,Respiratory,rule,RESPIRATORY_ARREST
intestinal obstructiojn,263,Abdominal mass/distention,Gastrointestinal,silver,
COVID,851,Exposure to communicable disease,General and Minor,silver,
Left eye trauma,510,Eye trauma,Ophthalmology,silver,
Eye Injury,510,Eye trauma,Ophthalmology,silver,
"SIUP <DATE_TIME>, Active herpes lesion",999,Unknown,General and Minor,rule,SIUP_HERPES_UNKNOWN
choak on foreign body,656,Respiratory foreign body,Respiratory,silver,
odontogenic facial cellulitis,709,Localized swelling/redness,Skin,rule,LOCALIZED_INFECTION
Disolocated shoulder,556,Upper extremity injury,Orthopedic,silver,
Fever New born,869,Newly Born,General and Minor,silver,
Cardiopulmonary arrest,1,Cardiac arrest (non-traumatic),Cardiovascular,silver,
Intentional OD,752,Overdose ingestion,Substance Misuse,rule,OVERDOSE
"fever, resp distress",651,Shortness of breath,Respiratory,silver,
sick child,866,Minor complaints NOS,General and Minor,silver,
hypoglycemia,854,Hypoglycemia,General and Minor,silver,
resp. distress,651,Shortness of breath,Respiratory,silver,
hepatic,999,Unknown,General and Minor,silver,
Head trauma and vomiting x3,407,Head injury,Neurologic,silver,
ABD Pain Distention,263,Abdominal mass/distention,Gastrointestinal,silver,
dehydration,7,General weakness,Cardiovascular,rule,DEHYDRATION
bronchiolitis,154,URTI complaints,ENT - Nose,silver,
second degree burn,705,Burn,Skin,silver,
pregnancy amd severe preempsia,458,"Pregnancy issues, >20 weeks",OB/GYN,silver,
cough covid +,653,Cough/congestion,Respiratory,rule,COVID_COUGH
sepsis pna respiratory,999,Unknown,General and Minor,rule,SEPSIS_UNKNOWN
Hypoxia,651,Shortness of breath,Respiratory,silver,
head injury,407,Head injury,Neurologic,silver,
sz +,405,Seizure,Neurologic,silver,
chest Pain,3,Chest pain—cardiac features,Cardiovascular,silver,
L facial swelling,709,Localized swelling/redness,Skin,silver,
"Fever,",852,Fever,General and Minor,silver,
"fever, resp distress",852,Fever,General and Minor,silver,
febrile seizure w COVID,405,Seizure,Neurologic,silver,
recurrent seizeure,405,Seizure,Neurologic,silver,
leg swelling,10,Bilateral leg swelling/edema,Cardiovascular,silver,
facial swelling,709,Localized swelling/redness,Skin,silver,
ATV accident,802,Major trauma—blunt,Trauma,silver,
septic joint,558,Joint(s) swelling,Orthopedic,silver,
osteomyelitis,866,Minor complaints NOS,General and Minor,silver,
respiratory distress,651,Shortness of breath,Respiratory,silver,
Resp. distress,651,Shortness of breath,Respiratory,silver,
DOE/SOB + FEVER,651,Shortness of breath,Respiratory,silver,
hematemesis,259,Vomiting blood,Gastrointestinal,silver,
Resp distress,651,Shortness of breath,Respiratory,silver,
"pneumonia, rsp distress",651,Shortness of breath,Respiratory,silver,
NON STEMI,3,Chest pain—cardiac features,Cardiovascular,rule,STEMI_NSTEMI
Vaginal bleeding,455,Vaginal bleed,OB/GYN,silver,
Epideral Hematoma,407,Head injury,Neurologic,silver,
Resp distress/O2 dependent,651,Shortness of breath,Respiratory,silver,
SOB,651,Shortness of breath,Respiratory,silver,
cough / fever,154,URTI complaints,ENT - Nose,silver,
APA overdose,752,Overdose ingestion,Substance Misuse,rule,OVERDOSE
neonatal fever,852,Fever,General and Minor,silver,
Intussuception,866,Minor complaints NOS,General and Minor,silver,
"Fever, resp diff",651,Shortness of breath,Respiratory,silver,
"llq pain, possible ectopic pregnancy",457,"Pregnancy issues, <20 weeks",OB/GYN,silver,
Fever infant,852,Fever,General and Minor,silver,
febrile neonate,852,Fever,General and Minor,silver,
HSV gingivostomatitis,866,Minor complaints NOS,General and Minor,silver,
Ingested foreign body,265,Oral/esophageal foreign body,Gastrointestinal,silver,
Fever,852,Fever,General and Minor,silver,
Pyloric stenosis,866,Minor complaints NOS,General and Minor,silver,
Febrile infant,852,Fever,General and Minor,silver,
"Hypoglycemia, failure to thrive",854,Hypoglycemia,General and Minor,silver,
"Persistent vomiting, failure to thrive, possible small bowel obstruction",251,Abdominal pain,Gastrointestinal,rule,BOWEL_OBSTRUCTION
"Decreased intake, decreased weight, wheezing",659,Wheezing—no other complaints,Respiratory,silver,
Bilar otorrhea,55,"Discharge, ear",ENT - Ears,silver,
MIS-C suspected,999,Unknown,General and Minor,silver,
SI/ Lisinopril Overdose,752,Overdose ingestion,Substance Misuse,rule,OVERDOSE
SI/HI,351,Depression/suicidal/deliberate self-harm,Mental Health,silver,
suicidal,351,Depression/suicidal/deliberate self-harm,Mental Health,rule,SUICIDAL
"Methamphetamine abuse, severe depression with SI",351,Depression/suicidal/deliberate self-harm,Mental Health,silver,
Psychosis and SI,353,Hallucinations/delusions,Mental Health,rule,PSYCHOSIS
suicidal ideation,351,Depression/suicidal/deliberate self-harm,Mental Health,rule,SUICIDAL
"Fever, 8wk old",852,Fever,General and Minor,silver,
AMS,401,Altered level of consciousness,Neurologic,silver,
AMS N/V,401,Altered level of consciousness,Neurologic,silver,
R shoulder dislocation,556,Upper extremity injury,Orthopedic,silver,
"Hypotension, CA, abd pain",999,Unknown,General and Minor,silver,
preterm contractions,457,"Pregnancy issues, <20 weeks",OB/GYN,silver,
"Fever, bloody diarrhea",852,Fever,General and Minor,silver,
"Faltering growth, abdominal pain and distention, hyperbilirubinemia",263,Abdominal mass/distention,Gastrointestinal,silver,
preeclampsia,455,Vaginal bleed,OB/GYN,rule,PPH_OBSTETRIC_BLEED
resp distress,651,Shortness of breath,Respiratory,silver,
Blurred vision L eye pain,505,Eye pain,Ophthalmology,silver,
SI,351,Depression/suicidal/deliberate self-harm,Mental Health,silver,
<PERSON> pain,999,Unknown,General and Minor,silver,
"Thigh pain, c/f compartment syndrome",555,Lower extremity pain,Orthopedic,silver,
ABD Pain,251,Abdominal pain,Gastrointestinal,silver,
<PERSON> pain c/f appendicitis,251,Abdominal pain,Gastrointestinal,silver,
"open fracture, left foot",802,Major trauma—blunt,Trauma,silver,
Fever in <DATE_TIME> old,852,Fever,General and Minor,silver,
difficulty breathing,651,Shortness of breath,Respiratory,silver,
<PERSON> delivery,869,Newly Born,General and Minor,silver,
Pertussis,154,URTI complaints,ENT - Nose,silver,
Respiratory distress,651,Shortness of breath,Respiratory,silver,
"Infant fever, apnea",660,Apneic spells in infants,Respiratory,silver,
traumatic finger amputation,553,Amputation,Orthopedic,silver,
Upper GI Bleed,260,Blood in stool/melena,Gastrointestinal,rule,GI_BLEED
"G5P3 @ 40.4 woth PROM, no labor",458,"Pregnancy issues, >20 weeks",OB/GYN,silver,
hernia,256,Groin pain/mass,Gastrointestinal,silver,
fever,852,Fever,General and Minor,silver,
"hypoxia, SOB, + COVID",651,Shortness of breath,Respiratory,rule,COVID_RESPIRATORY
new onset seizure,405,Seizure,Neurologic,silver,
Hypothermia,205,Hypothermia,Environmental,rule,HYPOTHERMIA
Tylenal/Gabapentin OD,752,Overdose ingestion,Substance Misuse,rule,OVERDOSE
SROM,458,"Pregnancy issues, >20 weeks",OB/GYN,silver,
premature,869,Newly Born,General and Minor,silver,
U,999,Unknown,General and Minor,silver,
Pregnant @ <DATE_TIME> with ROM,457,"Pregnancy issues, <20 weeks",OB/GYN,silver,
"fatigue, anemia",864,Pallor/anemia,General and Minor,silver,
bronchitis,154,URTI complaints,ENT - Nose,silver,
congenital syphilis,868,Congenital problem in children,General and Minor,silver,
Pregnant bleeding,455,Vaginal bleed,OB/GYN,silver,
oD,752,Overdose ingestion,Substance Misuse,rule,OVERDOSE
<DATE_TIME> pregnant - contraction,458,"Pregnancy issues, >20 weeks",OB/GYN,silver,
pregnant contractions,458,"Pregnancy issues, >20 weeks",OB/GYN,silver,
"G4P3 @ 30 <DATE_TIME>, abd pain",458,"Pregnancy issues, >20 weeks",OB/GYN,silver,
atv accident,802,Major trauma—blunt,Trauma,silver,
Nausea / vomiting / Si,257,Nausea and/or vomiting,Gastrointestinal,silver,
pregnant and bleeding,455,Vaginal bleed,OB/GYN,silver,
Sepsis,999,Unknown,General and Minor,rule,SEPSIS_UNKNOWN
Preterm contractions,458,"Pregnancy issues, >20 weeks",OB/GYN,silver,
ABD pain,251,Abdominal pain,Gastrointestinal,silver,
SOB bounding pulse,651,Shortness of breath,Respiratory,silver,
acute pancreatitis with concern for choledocholithiasis,251,Abdominal pain,Gastrointestinal,rule,CHOLECYSTITIS
"Fall, back pain",552,Traumatic back/spine injury,Orthopedic,silver,
"Confusion, Peaked T waves",402,Confusion,Neurologic,silver,
chest pain,3,Chest pain—cardiac features,Cardiovascular,silver,
intractable ABD,251,Abdominal pain,Gastrointestinal,silver,
suicidal gestures,351,Depression/suicidal/deliberate self-harm,Mental Health,rule,SUICIDAL
psychosis,353,Hallucinations/delusions,Mental Health,rule,PSYCHOSIS
seizure,405,Seizure,Neurologic,silver,
Suicidality,351,Depression/suicidal/deliberate self-harm,Mental Health,rule,SUICIDAL
Pre-term labor,458,"Pregnancy issues, >20 weeks",OB/GYN,silver,
<DATE_TIME> premarture labor,458,"Pregnancy issues, >20 weeks",OB/GYN,silver,
Trauma- multisystem,802,Major trauma—blunt,Trauma,silver,
broken leg,557,Lower extremity injury,Orthopedic,silver,
leg foot pain,555,Lower extremity pain,Orthopedic,silver,
COVID +,851,Exposure to communicable disease,General and Minor,silver,
frostbite,205,Hypothermia,Environmental,rule,HYPOTHERMIA
sepsis,999,Unknown,General and Minor,rule,SEPSIS_UNKNOWN
Assault Head injury,407,Head injury,Neurologic,silver,
SI/ attempt w/ 13 stab of oxy,801,Major trauma—penetrating,Trauma,rule,MAJOR_TRAUMA_PENETRATING
"Overdose, alcohol intoxication",752,Overdose ingestion,Substance Misuse,rule,OVERDOSE
tylenol potential overdose,752,Overdose ingestion,Substance Misuse,rule,OVERDOSE
head/neck trauma,552,Traumatic back/spine injury,Orthopedic,silver,
possible PNA,154,URTI complaints,ENT - Nose,silver,
seizures hypersomnolence,405,Seizure,Neurologic,silver,
Seizure,405,Seizure,Neurologic,silver,
respiratory distress/ COVID PNA,651,Shortness of breath,Respiratory,rule,COVID_RESPIRATORY
Pre-eclampsia,455,Vaginal bleed,OB/GYN,rule,PPH_OBSTETRIC_BLEED
cholecystitis,251,Abdominal pain,Gastrointestinal,rule,CHOLECYSTITIS
Motor vehicle collision,802,Major trauma—blunt,Trauma,rule,MAJOR_TRAUMA_BLUNT
rash peeling skin,708,Rash,Skin,silver,
"weakness, fever, neck pain",104,Neck swelling/pain,ENT - Mouth/Throat/Neck,silver,
Suicide attempt,351,Depression/suicidal/deliberate self-harm,Mental Health,rule,SUICIDAL
CP,3,Chest pain—cardiac features,Cardiovascular,silver,
Resp Distress,651,Shortness of breath,Respiratory,silver,
<PERSON>,999,Unknown,General and Minor,silver,
excerbation,866,Minor complaints NOS,General and Minor,silver,
multisystem trauma,802,Major trauma—blunt,Trauma,silver,
B blocker,751,Substance misuse/intoxication,Substance Misuse,silver,
GSW Foot,801,Major trauma—penetrating,Trauma,rule,MAJOR_TRAUMA_PENETRATING
renal failure,863,Abnormal lab values,General and Minor,silver,
hypoxia,651,Shortness of breath,Respiratory,silver,
preeclampsia in pregnancy,455,Vaginal bleed,OB/GYN,rule,PPH_OBSTETRIC_BLEED
seizures,405,Seizure,Neurologic,silver,
Bleeding ABP Pain,455,Vaginal bleed,OB/GYN,silver,
preterm labor,458,"Pregnancy issues, >20 weeks",OB/GYN,silver,
GI bleed,260,Blood in stool/melena,Gastrointestinal,rule,GI_BLEED
Chest pain,3,Chest pain—cardiac features,Cardiovascular,silver,
Non (ACS),3,Chest pain—cardiac features,Cardiovascular,rule,ACS
SOB/Vent tachy,651,Shortness of breath,Respiratory,silver,
AFB RVR,5,Palpitations/irregular heart beat,Cardiovascular,rule,AFIB_RVR
PNA w sepsis,999,Unknown,General and Minor,rule,SEPSIS_UNKNOWN
LOC,401,Altered level of consciousness,Neurologic,silver,
Acute appendicitis,251,Abdominal pain,Gastrointestinal,silver,
ATV accident Pelvic Injur/Alcohol,802,Major trauma—blunt,Trauma,silver,
Head Trauma,407,Head injury,Neurologic,silver,
open frx,553,Amputation,Orthopedic,silver,
burns to forearms,705,Burn,Skin,silver,
Tachycardia,5,Palpitations/irregular heart beat,Cardiovascular,silver,
Pain,866,Minor complaints NOS,General and Minor,silver,
Abdominal pain,251,Abdominal pain,Gastrointestinal,silver,
urosepsis w/ obstructing stone,307,UTI complaints,Genitourinary,silver,
Accident MVA,802,Major trauma—blunt,Trauma,rule,MAJOR_TRAUMA_BLUNT
septic shock,999,Unknown,General and Minor,rule,SEPSIS_UNKNOWN
Stage 4 Ulcer,711,Other skin conditions,Skin,silver,
ulcer,711,Other skin conditions,Skin,silver,
3rd degree HB,999,Unknown,General and Minor,silver,
RUQ abd pain,251,Abdominal pain,Gastrointestinal,silver,
intentional OD,752,Overdose ingestion,Substance Misuse,rule,OVERDOSE
Low magnesium,863,Abnormal lab values,General and Minor,silver,
Head injury,407,Head injury,Neurologic,silver,
RLQ pain,251,Abdominal pain,Gastrointestinal,silver,
Preterm Labor,457,"Pregnancy issues, <20 weeks",OB/GYN,silver,
Acute ABD,251,Abdominal pain,Gastrointestinal,silver,
<NRP>,999,Unknown,General and Minor,silver,
<LOCATION>,999,Unknown,General and Minor,silver,
vomiting dehydration,7,General weakness,Cardiovascular,rule,DEHYDRATION
<DATE_TIME> preg,458,"Pregnancy issues, >20 weeks",OB/GYN,silver,
head trauma,407,Head injury,Neurologic,silver,
